{
  "shapes": [
    {
      "label": "bear",
      "points": [
        [
          294.55,
          36.94
        ],
        [
          332.93,
          35.02
        ],
        [
          363.64,
          47.49
        ],
        [
          388.58,
          66.68
        ],
        [
          416.41,
          80.11
        ],
        [
          441.35,
          104.1
        ],
        [
          453.82,
          201.01
        ],
        [
          460.54,
          260.49
        ],
        [
          452.86,
          272.01
        ],
        [
          449.99,
          344.93
        ],
        [
          448.07,
          368.91
        ],
        [
          413.53,
          381.39
        ],
        [
          387.62,
          376.59
        ],
        [
          369.39,
          370.83
        ],
        [
          367.47,
          352.6
        ],
        [
          352.12,
          335.33
        ],
        [
          338.69,
          336.29
        ],
        [
          329.09,
          343.97
        ],
        [
          309.91,
          343.97
        ],
        [
          298.39,
          345.89
        ],
        [
          288.8,
          366.99
        ],
        [
          269.61,
          366.99
        ],
        [
          189.97,
          371.79
        ],
        [
          172.7,
          369.87
        ],
        [
          170.78,
          280.64
        ],
        [
          169.82,
          243.22
        ],
        [
          168.86,
          219.24
        ],
        [
          203.41,
          155.91
        ],
        [
          213.0,
          110.82
        ],
        [
          236.99,
          74.36
        ],
        [
          279.2,
          43.66
        ]
      ],
      "shape_type": "polygon"
    }
  ],
  "imagePath": "361180.jpg",
  "imageHeight": 426,
  "imageWidth": 640
}