{
  "shapes": [
    {
      "label": "bear",
      "points": [
        [
          134.29,
          247.55
        ],
        [
          144.81,
          208.72
        ],
        [
          173.12,
          186.88
        ],
        [
          221.66,
          177.98
        ],
        [
          261.3,
          185.26
        ],
        [
          296.09,
          195.78
        ],
        [
          331.69,
          209.53
        ],
        [
          349.48,
          220.04
        ],
        [
          356.76,
          237.84
        ],
        [
          366.47,
          257.26
        ],
        [
          362.43,
          274.25
        ],
        [
          347.87,
          276.67
        ],
        [
          337.35,
          280.72
        ],
        [
          318.74,
          278.29
        ],
        [
          298.52,
          278.29
        ],
        [
          271.01,
          279.91
        ],
        [
          233.8,
          277.48
        ],
        [
          228.94,
          266.97
        ],
        [
          224.9,
          259.69
        ],
        [
          217.62,
          254.83
        ],
        [
          182.02,
          259.69
        ],
        [
          162.61,
          262.11
        ],
        [
          156.94,
          249.17
        ],
        [
          149.66,
          244.31
        ],
        [
          135.91,
          244.31
        ]
      ],
      "shape_type": "polygon"
    }
  ],
  "imagePath": "532071.jpg",
  "imageHeight": 360,
  "imageWidth": 640
}