{
  "shapes": [
    {
      "label": "bear",
      "points": [
        [
          215.23,
          178.03
        ],
        [
          226.63,
          152.71
        ],
        [
          246.89,
          134.98
        ],
        [
          273.48,
          123.59
        ],
        [
          293.1,
          115.99
        ],
        [
          315.26,
          121.05
        ],
        [
          340.58,
          137.51
        ],
        [
          350.08,
          135.62
        ],
        [
          355.77,
          134.98
        ],
        [
          353.24,
          152.71
        ],
        [
          366.54,
          195.12
        ],
        [
          380.82,
          235.45
        ],
        [
          403.51,
          265.54
        ],
        [
          412.88,
          285.77
        ],
        [
          428.17,
          288.73
        ],
        [
          430.64,
          296.62
        ],
        [
          415.35,
          298.59
        ],
        [
          385.75,
          295.63
        ],
        [
          377.37,
          306.48
        ],
        [
          346.78,
          299.58
        ],
        [
          345.3,
          276.39
        ],
        [
          303.87,
          293.66
        ],
        [
          299.92,
          305.5
        ],
        [
          276.77,
          291.24
        ],
        [
          252.85,
          291.99
        ],
        [
          220.7,
          291.24
        ],
        [
          196.34,
          259.13
        ],
        [
          202.26,
          222.63
        ],
        [
          214.09,
          208.32
        ]
      ],
      "shape_type": "polygon"
    }
  ],
  "imagePath": "229997.jpg",
  "imageHeight": 427,
  "imageWidth": 640
}