{
  "shapes": [
    {
      "label": "bear",
      "points": [
        [
          288.43,
          337.88
        ],
        [
          252.91,
          241.02
        ],
        [
          231.39,
          245.33
        ],
        [
          213.09,
          256.09
        ],
        [
          193.72,
          262.55
        ],
        [
          193.72,
          239.95
        ],
        [
          177.58,
          233.49
        ],
        [
          146.37,
          230.26
        ],
        [
          144.22,
          214.12
        ],
        [
          146.37,
          194.74
        ],
        [
          171.12,
          175.37
        ],
        [
          199.1,
          159.23
        ],
        [
          231.39,
          154.92
        ],
        [
          256.14,
          148.47
        ],
        [
          274.44,
          131.25
        ],
        [
          302.42,
          122.64
        ],
        [
          319.64,
          122.64
        ],
        [
          394.98,
          114.03
        ],
        [
          441.26,
          112.95
        ],
        [
          469.24,
          120.48
        ],
        [
          504.75,
          151.7
        ],
        [
          506.91,
          197.97
        ],
        [
          502.6,
          230.26
        ],
        [
          489.69,
          293.76
        ],
        [
          488.61,
          345.42
        ],
        [
          450.94,
          354.03
        ],
        [
          408.97,
          355.1
        ],
        [
          398.21,
          354.03
        ],
        [
          386.37,
          349.72
        ],
        [
          373.45,
          357.26
        ],
        [
          368.07,
          376.63
        ],
        [
          333.63,
          383.09
        ],
        [
          304.57,
          383.09
        ],
        [
          276.59,
          384.16
        ],
        [
          261.52,
          385.24
        ],
        [
          257.22,
          380.93
        ],
        [
          253.99,
          370.17
        ],
        [
          265.83,
          361.56
        ]
      ],
      "shape_type": "polygon"
    }
  ],
  "imagePath": "519611.jpg",
  "imageHeight": 480,
  "imageWidth": 640
}