{
  "shapes": [
    {
      "label": "bear",
      "points": [
        [
          276.13,
          343.29
        ],
        [
          240.18,
          372.05
        ],
        [
          237.3,
          400.82
        ],
        [
          244.49,
          435.34
        ],
        [
          191.28,
          449.72
        ],
        [
          176.9,
          408.01
        ],
        [
          175.46,
          456.91
        ],
        [
          166.83,
          454.03
        ],
        [
          152.45,
          412.32
        ],
        [
          148.13,
          383.56
        ],
        [
          117.93,
          379.25
        ],
        [
          106.43,
          337.54
        ],
        [
          93.48,
          280.01
        ],
        [
          104.99,
          232.55
        ],
        [
          133.75,
          203.79
        ],
        [
          168.27,
          192.28
        ],
        [
          211.42,
          176.46
        ],
        [
          247.37,
          166.39
        ],
        [
          299.15,
          185.09
        ],
        [
          337.98,
          238.3
        ],
        [
          337.98,
          282.89
        ],
        [
          332.22,
          370.62
        ],
        [
          333.66,
          429.58
        ],
        [
          294.83,
          448.28
        ],
        [
          273.26,
          439.65
        ],
        [
          256.0,
          439.65
        ],
        [
          280.45,
          406.57
        ],
        [
          276.13,
          377.81
        ],
        [
          280.45,
          341.85
        ]
      ],
      "shape_type": "polygon"
    }
  ],
  "imagePath": "521231.jpg",
  "imageHeight": 640,
  "imageWidth": 424
}