{
  "shapes": [
    {
      "label": "bear",
      "points": [
        [
          124.86,
          117.97
        ],
        [
          161.35,
          92.03
        ],
        [
          185.68,
          75.0
        ],
        [
          219.73,
          61.22
        ],
        [
          270.81,
          79.86
        ],
        [
          317.84,
          81.49
        ],
        [
          352.7,
          73.38
        ],
        [
          381.89,
          67.7
        ],
        [
          390.81,
          77.43
        ],
        [
          402.97,
          70.14
        ],
        [
          428.92,
          81.49
        ],
        [
          458.11,
          92.03
        ],
        [
          475.14,
          92.84
        ],
        [
          480.0,
          103.38
        ],
        [
          481.62,
          120.41
        ],
        [
          467.03,
          170.68
        ],
        [
          452.43,
          196.62
        ],
        [
          415.95,
          201.49
        ],
        [
          380.27,
          250.14
        ],
        [
          360.0,
          281.76
        ],
        [
          360.0,
          294.73
        ],
        [
          358.38,
          298.78
        ],
        [
          340.54,
          301.22
        ],
        [
          329.19,
          306.89
        ],
        [
          308.92,
          309.32
        ],
        [
          304.05,
          309.32
        ],
        [
          302.43,
          261.49
        ],
        [
          305.68,
          250.14
        ],
        [
          218.92,
          250.95
        ],
        [
          213.24,
          256.62
        ],
        [
          197.84,
          297.97
        ],
        [
          168.65,
          287.43
        ],
        [
          150.81,
          280.95
        ],
        [
          132.97,
          265.54
        ],
        [
          122.43,
          263.92
        ],
        [
          113.51,
          263.92
        ],
        [
          112.7,
          180.41
        ]
      ],
      "shape_type": "polygon"
    }
  ],
  "imagePath": "460927.jpg",
  "imageHeight": 360,
  "imageWidth": 640
}