{
  "shapes": [
    {
      "label": "bear",
      "points": [
        [
          63.38,
          146.09
        ],
        [
          89.16,
          125.68
        ],
        [
          141.79,
          117.08
        ],
        [
          237.39,
          122.45
        ],
        [
          308.28,
          138.57
        ],
        [
          336.21,
          151.46
        ],
        [
          364.14,
          161.12
        ],
        [
          411.4,
          181.53
        ],
        [
          433.96,
          220.2
        ],
        [
          435.03,
          228.8
        ],
        [
          416.77,
          237.39
        ],
        [
          387.77,
          236.31
        ],
        [
          359.84,
          232.02
        ],
        [
          345.88,
          235.24
        ],
        [
          337.29,
          238.46
        ],
        [
          341.58,
          278.21
        ],
        [
          346.95,
          295.39
        ],
        [
          339.43,
          317.95
        ],
        [
          334.06,
          345.88
        ],
        [
          321.17,
          350.18
        ],
        [
          311.51,
          339.43
        ],
        [
          307.21,
          308.28
        ],
        [
          280.36,
          295.39
        ],
        [
          268.54,
          269.61
        ],
        [
          262.09,
          266.39
        ],
        [
          243.83,
          298.62
        ],
        [
          226.65,
          354.47
        ],
        [
          209.46,
          382.4
        ],
        [
          200.87,
          379.18
        ],
        [
          196.57,
          359.84
        ],
        [
          199.79,
          343.73
        ],
        [
          200.87,
          329.77
        ],
        [
          199.79,
          308.28
        ],
        [
          192.27,
          313.65
        ],
        [
          182.61,
          307.21
        ],
        [
          176.16,
          316.88
        ],
        [
          147.16,
          356.62
        ],
        [
          142.86,
          360.92
        ],
        [
          152.53,
          377.03
        ],
        [
          153.6,
          390.99
        ],
        [
          149.31,
          402.81
        ],
        [
          121.38,
          417.85
        ],
        [
          109.56,
          414.62
        ],
        [
          89.16,
          399.59
        ],
        [
          81.64,
          361.99
        ],
        [
          82.71,
          337.29
        ],
        [
          89.16,
          323.32
        ],
        [
          44.04,
          269.61
        ],
        [
          29.0,
          242.76
        ],
        [
          24.71,
          223.42
        ],
        [
          29.0,
          193.35
        ],
        [
          36.52,
          182.61
        ],
        [
          61.23,
          172.94
        ],
        [
          67.67,
          161.12
        ],
        [
          63.38,
          149.31
        ]
      ],
      "shape_type": "polygon"
    }
  ],
  "imagePath": "096960.jpg",
  "imageHeight": 478,
  "imageWidth": 640
}