{
  "shapes": [
    {
      "label": "bear",
      "points": [
        [
          197.25,
          315.47
        ],
        [
          160.31,
          328.41
        ],
        [
          128.63,
          346.27
        ],
        [
          122.87,
          336.48
        ],
        [
          91.76,
          346.85
        ],
        [
          96.95,
          385.44
        ],
        [
          94.07,
          417.12
        ],
        [
          94.07,
          446.5
        ],
        [
          108.47,
          468.97
        ],
        [
          109.8,
          472.43
        ],
        [
          126.61,
          502.69
        ],
        [
          147.9,
          526.22
        ],
        [
          155.75,
          536.31
        ],
        [
          116.52,
          536.31
        ],
        [
          91.87,
          537.43
        ],
        [
          48.17,
          578.89
        ],
        [
          5.59,
          616.99
        ],
        [
          2.22,
          636.04
        ],
        [
          131.09,
          638.28
        ],
        [
          141.18,
          616.99
        ],
        [
          173.68,
          610.27
        ],
        [
          200.57,
          618.11
        ],
        [
          237.55,
          602.42
        ],
        [
          266.68,
          549.76
        ],
        [
          273.41,
          526.22
        ],
        [
          295.82,
          489.24
        ],
        [
          305.91,
          441.06
        ],
        [
          313.14,
          420.35
        ],
        [
          328.79,
          400.62
        ],
        [
          318.58,
          359.12
        ],
        [
          295.45,
          352.31
        ],
        [
          280.49,
          356.4
        ],
        [
          262.12,
          338.03
        ],
        [
          243.75,
          332.59
        ],
        [
          211.77,
          318.98
        ],
        [
          193.41,
          313.54
        ]
      ],
      "shape_type": "polygon"
    }
  ],
  "imagePath": "519688.jpg",
  "imageHeight": 640,
  "imageWidth": 521
}