{
  "shapes": [
    {
      "label": "bear",
      "points": [
        [
          351.78,
          310.25
        ],
        [
          387.88,
          300.97
        ],
        [
          407.48,
          298.91
        ],
        [
          451.84,
          288.59
        ],
        [
          470.41,
          288.59
        ],
        [
          484.85,
          277.24
        ],
        [
          488.98,
          251.45
        ],
        [
          493.11,
          241.14
        ],
        [
          503.42,
          227.73
        ],
        [
          518.9,
          210.19
        ],
        [
          521.99,
          194.72
        ],
        [
          499.3,
          155.51
        ],
        [
          470.41,
          113.22
        ],
        [
          439.46,
          82.27
        ],
        [
          400.26,
          67.83
        ],
        [
          379.63,
          68.86
        ],
        [
          349.71,
          68.86
        ],
        [
          299.16,
          65.76
        ],
        [
          276.47,
          78.14
        ],
        [
          268.22,
          96.71
        ],
        [
          257.9,
          127.66
        ],
        [
          233.14,
          143.13
        ],
        [
          230.05,
          174.08
        ],
        [
          231.08,
          191.62
        ],
        [
          231.08,
          215.35
        ],
        [
          236.24,
          249.39
        ],
        [
          233.14,
          270.02
        ],
        [
          252.74,
          303.03
        ],
        [
          263.06,
          309.22
        ],
        [
          278.53,
          313.35
        ],
        [
          330.11,
          316.44
        ],
        [
          348.68,
          314.38
        ]
      ],
      "shape_type": "polygon"
    }
  ],
  "imagePath": "203546.jpg",
  "imageHeight": 457,
  "imageWidth": 640
}