{
  "shapes": [
    {
      "label": "bird",
      "points": [
        [
          394.71,
          332.07
        ],
        [
          386.99,
          308.05
        ],
        [
          382.7,
          290.03
        ],
        [
          392.99,
          266.86
        ],
        [
          390.42,
          247.12
        ],
        [
          378.41,
          249.7
        ],
        [
          350.95,
          239.4
        ],
        [
          334.65,
          240.26
        ],
        [
          332.93,
          236.83
        ],
        [
          339.79,
          232.54
        ],
        [
          349.23,
          227.39
        ],
        [
          356.1,
          216.23
        ],
        [
          369.83,
          213.66
        ],
        [
          373.26,
          213.66
        ],
        [
          377.55,
          211.94
        ],
        [
          370.68,
          194.78
        ],
        [
          365.54,
          178.48
        ],
        [
          353.52,
          158.74
        ],
        [
          335.5,
          135.57
        ],
        [
          328.64,
          110.69
        ],
        [
          318.34,
          81.52
        ],
        [
          312.34,
          47.19
        ],
        [
          314.05,
          36.04
        ],
        [
          325.21,
          41.19
        ],
        [
          334.65,
          28.32
        ],
        [
          367.25,
          72.08
        ],
        [
          392.99,
          113.26
        ],
        [
          410.15,
          157.88
        ],
        [
          434.18,
          199.07
        ],
        [
          438.47,
          202.5
        ],
        [
          450.48,
          184.48
        ],
        [
          467.65,
          205.94
        ],
        [
          477.94,
          239.4
        ],
        [
          487.38,
          270.29
        ],
        [
          477.08,
          272.86
        ],
        [
          463.35,
          273.72
        ],
        [
          452.2,
          259.14
        ],
        [
          451.34,
          282.3
        ],
        [
          453.06,
          302.9
        ],
        [
          453.92,
          326.06
        ],
        [
          441.05,
          328.64
        ],
        [
          423.88,
          328.64
        ],
        [
          402.43,
          336.36
        ],
        [
          396.43,
          336.36
        ],
        [
          393.85,
          325.21
        ]
      ],
      "shape_type": "polygon"
    }
  ],
  "imagePath": "236690.jpg",
  "imageHeight": 399,
  "imageWidth": 640
}