{
  "shapes": [
    {
      "label": "bird",
      "points": [
        [
          312.43,
          141.76
        ],
        [
          312.43,
          136.26
        ],
        [
          326.19,
          137.63
        ],
        [
          339.96,
          158.28
        ],
        [
          315.18,
          187.18
        ],
        [
          279.4,
          209.2
        ],
        [
          218.84,
          273.89
        ],
        [
          192.69,
          313.81
        ],
        [
          196.82,
          320.69
        ],
        [
          167.91,
          381.25
        ],
        [
          174.8,
          386.75
        ],
        [
          151.4,
          450.06
        ],
        [
          147.27,
          472.09
        ],
        [
          158.28,
          461.08
        ],
        [
          158.28,
          478.97
        ],
        [
          165.16,
          481.72
        ],
        [
          172.04,
          480.34
        ],
        [
          185.81,
          488.6
        ],
        [
          220.22,
          432.17
        ],
        [
          291.78,
          392.26
        ],
        [
          298.67,
          400.52
        ],
        [
          308.3,
          450.06
        ],
        [
          305.55,
          473.46
        ],
        [
          315.18,
          473.46
        ],
        [
          320.69,
          461.08
        ],
        [
          345.46,
          483.1
        ],
        [
          350.97,
          476.22
        ],
        [
          331.7,
          455.57
        ],
        [
          350.97,
          455.57
        ],
        [
          356.47,
          448.69
        ],
        [
          323.44,
          445.94
        ],
        [
          319.31,
          395.01
        ],
        [
          322.06,
          388.13
        ],
        [
          342.71,
          406.02
        ],
        [
          328.95,
          422.54
        ],
        [
          334.45,
          439.05
        ],
        [
          335.83,
          430.8
        ],
        [
          345.46,
          415.66
        ],
        [
          359.23,
          434.92
        ],
        [
          370.24,
          454.19
        ],
        [
          372.99,
          417.03
        ],
        [
          330.32,
          381.25
        ],
        [
          377.12,
          348.22
        ],
        [
          407.4,
          291.78
        ],
        [
          428.04,
          242.24
        ],
        [
          429.42,
          205.08
        ],
        [
          411.53,
          198.19
        ],
        [
          399.14,
          170.67
        ],
        [
          400.52,
          128.0
        ],
        [
          381.25,
          85.33
        ],
        [
          361.98,
          83.96
        ],
        [
          353.72,
          93.59
        ],
        [
          322.06,
          107.35
        ],
        [
          315.18,
          125.25
        ],
        [
          302.8,
          129.38
        ],
        [
          311.05,
          140.39
        ]
      ],
      "shape_type": "polygon"
    }
  ],
  "imagePath": "482477.jpg",
  "imageHeight": 640,
  "imageWidth": 492
}