{
  "shapes": [
    {
      "label": "bird",
      "points": [
        [
          334.52,
          362.15
        ],
        [
          361.12,
          346.84
        ],
        [
          386.91,
          323.46
        ],
        [
          401.42,
          303.31
        ],
        [
          404.64,
          277.52
        ],
        [
          405.45,
          246.89
        ],
        [
          400.61,
          216.26
        ],
        [
          394.97,
          206.59
        ],
        [
          397.39,
          189.66
        ],
        [
          391.75,
          178.37
        ],
        [
          386.91,
          175.96
        ],
        [
          380.46,
          172.73
        ],
        [
          371.59,
          171.93
        ],
        [
          359.5,
          172.73
        ],
        [
          354.67,
          173.54
        ],
        [
          348.22,
          179.99
        ],
        [
          344.19,
          183.21
        ],
        [
          346.61,
          192.08
        ],
        [
          338.55,
          197.72
        ],
        [
          332.1,
          204.17
        ],
        [
          329.68,
          209.81
        ],
        [
          330.49,
          218.68
        ],
        [
          337.74,
          217.87
        ],
        [
          347.41,
          211.42
        ],
        [
          350.64,
          211.42
        ],
        [
          353.06,
          215.45
        ],
        [
          349.83,
          219.48
        ],
        [
          343.38,
          229.16
        ],
        [
          336.13,
          232.38
        ],
        [
          323.23,
          235.6
        ],
        [
          306.31,
          243.66
        ],
        [
          291.8,
          250.92
        ],
        [
          258.75,
          268.65
        ],
        [
          238.6,
          283.97
        ],
        [
          222.48,
          296.06
        ],
        [
          216.03,
          303.31
        ],
        [
          199.1,
          311.37
        ],
        [
          187.01,
          319.43
        ],
        [
          192.66,
          324.27
        ],
        [
          173.31,
          335.55
        ],
        [
          165.25,
          344.42
        ],
        [
          100.77,
          368.6
        ],
        [
          86.26,
          378.27
        ],
        [
          117.69,
          374.24
        ],
        [
          99.96,
          385.53
        ],
        [
          145.1,
          375.05
        ],
        [
          206.36,
          365.37
        ],
        [
          216.84,
          369.4
        ],
        [
          232.96,
          372.63
        ],
        [
          247.47,
          373.43
        ],
        [
          261.17,
          371.02
        ],
        [
          271.65,
          369.4
        ],
        [
          282.93,
          374.24
        ],
        [
          288.57,
          375.05
        ],
        [
          282.12,
          387.14
        ],
        [
          283.74,
          442.75
        ],
        [
          276.48,
          443.56
        ],
        [
          271.65,
          446.78
        ],
        [
          326.46,
          452.43
        ],
        [
          330.49,
          447.59
        ],
        [
          293.41,
          443.56
        ],
        [
          292.6,
          398.42
        ],
        [
          295.83,
          396.0
        ],
        [
          294.22,
          392.78
        ],
        [
          293.41,
          387.94
        ],
        [
          295.02,
          377.46
        ],
        [
          299.86,
          375.05
        ],
        [
          316.78,
          366.18
        ],
        [
          321.62,
          372.63
        ],
        [
          315.98,
          391.97
        ],
        [
          323.23,
          417.77
        ],
        [
          328.07,
          444.37
        ],
        [
          332.9,
          450.01
        ],
        [
          369.98,
          454.04
        ],
        [
          370.79,
          449.2
        ],
        [
          336.13,
          442.75
        ],
        [
          325.65,
          400.84
        ],
        [
          328.87,
          389.56
        ],
        [
          325.65,
          379.08
        ],
        [
          337.74,
          361.34
        ]
      ],
      "shape_type": "polygon"
    }
  ],
  "imagePath": "404568.jpg",
  "imageHeight": 480,
  "imageWidth": 640
}