{
  "shapes": [
    {
      "label": "bird",
      "points": [
        [
          243.36,
          273.84
        ],
        [
          246.76,
          268.4
        ],
        [
          244.04,
          257.5
        ],
        [
          246.76,
          248.65
        ],
        [
          249.49,
          243.88
        ],
        [
          252.21,
          250.69
        ],
        [
          250.85,
          237.75
        ],
        [
          255.61,
          246.6
        ],
        [
          256.98,
          234.34
        ],
        [
          259.02,
          243.2
        ],
        [
          261.74,
          230.94
        ],
        [
          263.79,
          242.52
        ],
        [
          271.28,
          226.85
        ],
        [
          271.96,
          235.03
        ],
        [
          276.05,
          232.3
        ],
        [
          278.77,
          237.07
        ],
        [
          278.77,
          241.15
        ],
        [
          265.15,
          250.69
        ],
        [
          279.45,
          256.82
        ],
        [
          306.69,
          271.12
        ],
        [
          316.23,
          277.25
        ],
        [
          335.98,
          280.65
        ],
        [
          357.09,
          285.42
        ],
        [
          385.01,
          286.78
        ],
        [
          395.23,
          288.15
        ],
        [
          390.46,
          275.89
        ],
        [
          389.78,
          275.89
        ],
        [
          389.78,
          256.82
        ],
        [
          391.14,
          243.2
        ],
        [
          401.36,
          242.52
        ],
        [
          404.08,
          250.69
        ],
        [
          404.76,
          254.09
        ],
        [
          404.08,
          259.54
        ],
        [
          410.89,
          257.5
        ],
        [
          416.34,
          261.59
        ],
        [
          416.34,
          262.95
        ],
        [
          418.38,
          268.4
        ],
        [
          417.7,
          275.21
        ],
        [
          412.25,
          288.15
        ],
        [
          419.74,
          284.06
        ],
        [
          425.87,
          284.06
        ],
        [
          429.96,
          286.78
        ],
        [
          431.32,
          292.23
        ],
        [
          431.32,
          293.59
        ],
        [
          434.05,
          295.64
        ],
        [
          426.55,
          301.09
        ],
        [
          435.41,
          309.94
        ],
        [
          436.77,
          313.34
        ],
        [
          432.0,
          317.43
        ],
        [
          438.13,
          324.24
        ],
        [
          431.32,
          324.92
        ],
        [
          427.24,
          324.92
        ],
        [
          429.28,
          332.41
        ],
        [
          426.55,
          338.54
        ],
        [
          424.51,
          340.59
        ],
        [
          422.47,
          335.14
        ],
        [
          419.06,
          329.69
        ],
        [
          414.98,
          339.22
        ],
        [
          414.3,
          346.72
        ],
        [
          418.38,
          349.44
        ],
        [
          418.38,
          353.53
        ],
        [
          413.62,
          356.25
        ],
        [
          412.25,
          356.25
        ],
        [
          410.89,
          362.38
        ],
        [
          406.12,
          364.42
        ],
        [
          404.76,
          367.83
        ],
        [
          399.31,
          373.96
        ],
        [
          394.55,
          373.96
        ],
        [
          393.87,
          380.09
        ],
        [
          400.68,
          412.09
        ],
        [
          410.89,
          416.18
        ],
        [
          407.49,
          416.86
        ],
        [
          402.04,
          416.86
        ],
        [
          404.08,
          422.31
        ],
        [
          387.74,
          423.67
        ],
        [
          393.18,
          418.91
        ],
        [
          386.37,
          387.58
        ],
        [
          378.2,
          380.09
        ],
        [
          352.32,
          371.91
        ],
        [
          353.68,
          383.49
        ],
        [
          350.28,
          391.66
        ],
        [
          329.17,
          416.18
        ],
        [
          334.61,
          425.72
        ],
        [
          305.33,
          429.12
        ],
        [
          320.31,
          421.63
        ],
        [
          338.7,
          395.75
        ],
        [
          336.66,
          376.68
        ],
        [
          328.49,
          356.93
        ],
        [
          300.56,
          334.46
        ],
        [
          281.49,
          329.01
        ],
        [
          269.24,
          303.81
        ],
        [
          265.83,
          287.47
        ],
        [
          261.74,
          286.1
        ],
        [
          252.89,
          281.34
        ],
        [
          252.89,
          273.16
        ],
        [
          242.67,
          278.61
        ],
        [
          248.12,
          271.12
        ]
      ],
      "shape_type": "polygon"
    }
  ],
  "imagePath": "221017.jpg",
  "imageHeight": 480,
  "imageWidth": 640
}