{
  "shapes": [
    {
      "label": "bird",
      "points": [
        [
          241.51,
          321.63
        ],
        [
          255.28,
          240.82
        ],
        [
          275.48,
          208.68
        ],
        [
          288.34,
          199.5
        ],
        [
          302.11,
          169.19
        ],
        [
          330.58,
          154.5
        ],
        [
          357.21,
          169.19
        ],
        [
          366.39,
          184.8
        ],
        [
          372.82,
          193.07
        ],
        [
          393.94,
          213.27
        ],
        [
          397.62,
          216.94
        ],
        [
          384.76,
          218.78
        ],
        [
          399.45,
          258.27
        ],
        [
          396.7,
          305.1
        ],
        [
          396.7,
          306.93
        ],
        [
          368.23,
          422.64
        ],
        [
          248.85,
          418.97
        ],
        [
          244.26,
          350.09
        ]
      ],
      "shape_type": "polygon"
    }
  ],
  "imagePath": "561009.jpg",
  "imageHeight": 427,
  "imageWidth": 640
}