{
  "shapes": [
    {
      "label": "bird",
      "points": [
        [
          357.68,
          309.68
        ],
        [
          358.45,
          318.97
        ],
        [
          362.32,
          325.94
        ],
        [
          363.1,
          326.71
        ],
        [
          363.87,
          328.26
        ],
        [
          363.87,
          333.68
        ],
        [
          338.32,
          333.68
        ],
        [
          332.9,
          343.74
        ],
        [
          302.71,
          339.87
        ],
        [
          298.06,
          320.52
        ],
        [
          281.81,
          287.23
        ],
        [
          284.13,
          264.0
        ],
        [
          288.77,
          252.39
        ],
        [
          312.77,
          228.39
        ],
        [
          304.26,
          213.68
        ],
        [
          302.71,
          171.87
        ],
        [
          311.23,
          150.97
        ],
        [
          332.13,
          132.39
        ],
        [
          325.16,
          103.74
        ],
        [
          357.68,
          207.48
        ],
        [
          359.23,
          222.19
        ],
        [
          363.87,
          235.35
        ],
        [
          370.06,
          216.0
        ],
        [
          386.32,
          212.13
        ],
        [
          408.0,
          201.29
        ],
        [
          425.81,
          192.0
        ],
        [
          451.35,
          191.23
        ],
        [
          451.35,
          194.32
        ],
        [
          451.35,
          196.65
        ],
        [
          456.77,
          198.97
        ],
        [
          486.97,
          193.55
        ],
        [
          496.26,
          198.97
        ],
        [
          497.03,
          219.87
        ],
        [
          506.32,
          225.29
        ],
        [
          502.45,
          231.48
        ],
        [
          486.19,
          236.9
        ],
        [
          450.58,
          242.32
        ],
        [
          450.58,
          249.29
        ],
        [
          443.61,
          255.48
        ],
        [
          438.19,
          261.68
        ],
        [
          422.71,
          274.06
        ],
        [
          407.23,
          282.58
        ],
        [
          385.55,
          294.19
        ],
        [
          372.39,
          300.39
        ],
        [
          366.19,
          304.26
        ],
        [
          361.55,
          312.77
        ]
      ],
      "shape_type": "polygon"
    }
  ],
  "imagePath": "046378.jpg",
  "imageHeight": 360,
  "imageWidth": 640
}