{
  "shapes": [
    {
      "label": "bird",
      "points": [
        [
          88.09,
          492.73
        ],
        [
          68.82,
          517.51
        ],
        [
          55.05,
          517.51
        ],
        [
          49.55,
          488.6
        ],
        [
          49.55,
          470.71
        ],
        [
          55.05,
          428.04
        ],
        [
          79.83,
          408.77
        ],
        [
          88.09,
          384.0
        ],
        [
          130.75,
          333.08
        ],
        [
          140.39,
          320.69
        ],
        [
          143.14,
          308.3
        ],
        [
          156.9,
          295.91
        ],
        [
          167.91,
          287.66
        ],
        [
          188.56,
          287.66
        ],
        [
          205.08,
          289.03
        ],
        [
          207.83,
          291.78
        ],
        [
          221.59,
          294.54
        ],
        [
          240.86,
          294.54
        ],
        [
          258.75,
          293.16
        ],
        [
          265.63,
          293.16
        ],
        [
          250.49,
          306.92
        ],
        [
          225.72,
          302.8
        ],
        [
          200.95,
          308.3
        ],
        [
          200.95,
          316.56
        ],
        [
          200.95,
          334.45
        ],
        [
          183.05,
          392.26
        ],
        [
          159.66,
          452.82
        ],
        [
          141.76,
          476.22
        ],
        [
          133.51,
          477.59
        ],
        [
          128.0,
          512.0
        ],
        [
          126.62,
          553.29
        ],
        [
          130.75,
          575.31
        ],
        [
          150.02,
          586.32
        ],
        [
          172.04,
          589.08
        ],
        [
          181.68,
          589.08
        ],
        [
          122.49,
          594.58
        ],
        [
          108.73,
          582.19
        ],
        [
          126.62,
          578.06
        ],
        [
          118.37,
          538.15
        ],
        [
          112.86,
          485.85
        ]
      ],
      "shape_type": "polygon"
    }
  ],
  "imagePath": "438269.jpg",
  "imageHeight": 640,
  "imageWidth": 429
}