{
  "shapes": [
    {
      "label": "bird",
      "points": [
        [
          425.02,
          338.03
        ],
        [
          375.47,
          305.0
        ],
        [
          366.66,
          266.46
        ],
        [
          377.67,
          240.03
        ],
        [
          379.87,
          223.52
        ],
        [
          376.57,
          205.9
        ],
        [
          355.65,
          180.58
        ],
        [
          347.94,
          160.76
        ],
        [
          384.28,
          179.48
        ],
        [
          387.58,
          184.98
        ],
        [
          420.61,
          187.18
        ],
        [
          460.25,
          238.93
        ],
        [
          506.49,
          295.09
        ],
        [
          532.92,
          324.82
        ],
        [
          574.76,
          376.57
        ],
        [
          583.57,
          398.59
        ],
        [
          575.86,
          400.79
        ],
        [
          558.25,
          398.59
        ],
        [
          535.12,
          373.26
        ],
        [
          504.29,
          368.86
        ],
        [
          470.16,
          361.15
        ],
        [
          450.34,
          354.55
        ],
        [
          459.15,
          376.57
        ],
        [
          453.64,
          397.49
        ],
        [
          414.0,
          399.69
        ],
        [
          395.29,
          378.77
        ],
        [
          397.49,
          365.56
        ],
        [
          415.11,
          357.85
        ],
        [
          416.21,
          350.14
        ],
        [
          408.5,
          344.64
        ],
        [
          419.51,
          336.93
        ]
      ],
      "shape_type": "polygon"
    }
  ],
  "imagePath": "284279.jpg",
  "imageHeight": 512,
  "imageWidth": 640
}