{
  "shapes": [
    {
      "label": "bird",
      "points": [
        [
          458.15,
          270.86
        ],
        [
          503.05,
          276.36
        ],
        [
          533.29,
          250.7
        ],
        [
          588.27,
          254.37
        ],
        [
          568.11,
          237.87
        ],
        [
          602.93,
          235.12
        ],
        [
          562.61,
          218.63
        ],
        [
          514.97,
          188.39
        ],
        [
          475.56,
          135.25
        ],
        [
          408.67,
          91.26
        ],
        [
          390.35,
          78.44
        ],
        [
          381.18,
          61.03
        ],
        [
          336.29,
          47.28
        ],
        [
          302.38,
          49.11
        ],
        [
          283.14,
          52.78
        ],
        [
          273.98,
          66.52
        ],
        [
          264.81,
          74.77
        ],
        [
          264.81,
          96.76
        ],
        [
          222.66,
          119.67
        ],
        [
          265.73,
          119.67
        ],
        [
          278.56,
          151.74
        ],
        [
          273.06,
          177.4
        ],
        [
          325.29,
          250.7
        ],
        [
          396.76,
          283.69
        ],
        [
          399.51,
          291.02
        ],
        [
          386.68,
          325.84
        ],
        [
          372.94,
          349.66
        ],
        [
          326.21,
          358.83
        ],
        [
          368.36,
          363.41
        ],
        [
          399.51,
          356.08
        ],
        [
          388.52,
          346.91
        ],
        [
          409.59,
          293.77
        ],
        [
          412.34,
          280.02
        ],
        [
          439.83,
          280.02
        ],
        [
          419.67,
          326.76
        ],
        [
          405.92,
          342.33
        ],
        [
          401.34,
          353.33
        ],
        [
          520.46,
          364.32
        ],
        [
          469.15,
          348.75
        ],
        [
          420.59,
          341.42
        ],
        [
          445.33,
          295.6
        ]
      ],
      "shape_type": "polygon"
    }
  ],
  "imagePath": "186938.jpg",
  "imageHeight": 427,
  "imageWidth": 640
}