{
  "shapes": [
    {
      "label": "bird",
      "points": [
        [
          306.3,
          176.89
        ],
        [
          336.1,
          194.36
        ],
        [
          357.69,
          229.31
        ],
        [
          366.94,
          268.36
        ],
        [
          367.97,
          306.39
        ],
        [
          368.99,
          332.09
        ],
        [
          363.85,
          356.76
        ],
        [
          384.41,
          425.62
        ],
        [
          386.47,
          459.54
        ],
        [
          380.3,
          469.82
        ],
        [
          372.08,
          473.93
        ],
        [
          354.6,
          466.74
        ],
        [
          349.46,
          474.96
        ],
        [
          325.82,
          470.85
        ],
        [
          324.8,
          455.43
        ],
        [
          308.35,
          348.54
        ],
        [
          296.02,
          325.92
        ],
        [
          289.85,
          335.17
        ],
        [
          293.96,
          352.65
        ],
        [
          284.71,
          340.31
        ],
        [
          284.71,
          351.62
        ],
        [
          282.66,
          350.59
        ],
        [
          276.49,
          340.31
        ],
        [
          285.74,
          326.95
        ],
        [
          259.01,
          286.87
        ],
        [
          245.65,
          242.67
        ],
        [
          245.65,
          223.14
        ],
        [
          265.18,
          174.83
        ],
        [
          257.99,
          157.36
        ],
        [
          245.65,
          148.11
        ],
        [
          262.1,
          136.8
        ],
        [
          275.46,
          134.75
        ],
        [
          282.66,
          134.75
        ],
        [
          289.85,
          135.77
        ],
        [
          297.04,
          139.89
        ],
        [
          300.13,
          146.05
        ],
        [
          302.18,
          161.47
        ]
      ],
      "shape_type": "polygon"
    }
  ],
  "imagePath": "309452.jpg",
  "imageHeight": 480,
  "imageWidth": 640
}