{
  "shapes": [
    {
      "label": "bird",
      "points": [
        [
          142.07,
          586.21
        ],
        [
          151.72,
          576.55
        ],
        [
          148.97,
          573.79
        ],
        [
          140.69,
          568.28
        ],
        [
          148.97,
          546.21
        ],
        [
          172.41,
          524.14
        ],
        [
          183.45,
          514.48
        ],
        [
          198.62,
          497.93
        ],
        [
          208.28,
          480.0
        ],
        [
          219.31,
          466.21
        ],
        [
          234.48,
          449.66
        ],
        [
          252.41,
          427.59
        ],
        [
          266.21,
          416.55
        ],
        [
          282.76,
          406.9
        ],
        [
          291.03,
          401.38
        ],
        [
          303.45,
          390.34
        ],
        [
          320.0,
          382.07
        ],
        [
          335.17,
          380.69
        ],
        [
          344.83,
          379.31
        ],
        [
          351.72,
          387.59
        ],
        [
          357.24,
          394.48
        ],
        [
          362.76,
          400.0
        ],
        [
          368.28,
          405.52
        ],
        [
          371.03,
          412.41
        ],
        [
          362.76,
          415.17
        ],
        [
          355.86,
          412.41
        ],
        [
          348.97,
          413.79
        ],
        [
          339.31,
          427.59
        ],
        [
          344.83,
          434.48
        ],
        [
          347.59,
          440.0
        ],
        [
          350.34,
          456.55
        ],
        [
          344.83,
          492.41
        ],
        [
          335.17,
          502.07
        ],
        [
          329.66,
          511.72
        ],
        [
          313.1,
          529.66
        ],
        [
          302.07,
          539.31
        ],
        [
          289.66,
          546.21
        ],
        [
          286.9,
          554.48
        ],
        [
          291.03,
          557.24
        ],
        [
          310.34,
          564.14
        ],
        [
          324.14,
          564.14
        ],
        [
          313.1,
          568.28
        ],
        [
          295.17,
          566.9
        ],
        [
          286.9,
          565.52
        ],
        [
          289.66,
          573.79
        ],
        [
          277.24,
          575.17
        ],
        [
          270.34,
          576.55
        ],
        [
          273.1,
          558.62
        ],
        [
          271.72,
          555.86
        ],
        [
          264.83,
          553.1
        ],
        [
          251.03,
          553.1
        ],
        [
          241.38,
          555.86
        ],
        [
          235.86,
          565.52
        ],
        [
          228.97,
          573.79
        ],
        [
          222.07,
          580.69
        ],
        [
          212.41,
          593.1
        ],
        [
          194.48,
          606.9
        ],
        [
          190.34,
          612.41
        ],
        [
          177.93,
          619.31
        ],
        [
          166.9,
          622.07
        ],
        [
          154.48,
          622.07
        ],
        [
          135.17,
          612.41
        ]
      ],
      "shape_type": "polygon"
    }
  ],
  "imagePath": "494188.jpg",
  "imageHeight": 640,
  "imageWidth": 480
}