{
  "shapes": [
    {
      "label": "cat",
      "points": [
        [
          479.0,
          212.59
        ],
        [
          394.02,
          185.58
        ],
        [
          358.7,
          159.27
        ],
        [
          339.31,
          159.96
        ],
        [
          290.15,
          115.64
        ],
        [
          283.91,
          99.02
        ],
        [
          265.91,
          94.87
        ],
        [
          249.29,
          70.63
        ],
        [
          231.29,
          65.78
        ],
        [
          218.13,
          81.02
        ],
        [
          219.51,
          110.8
        ],
        [
          200.82,
          114.26
        ],
        [
          189.05,
          114.95
        ],
        [
          155.81,
          108.03
        ],
        [
          149.57,
          108.72
        ],
        [
          150.96,
          117.72
        ],
        [
          174.5,
          130.88
        ],
        [
          175.2,
          144.73
        ],
        [
          168.96,
          160.65
        ],
        [
          162.73,
          182.81
        ],
        [
          175.2,
          185.58
        ],
        [
          179.35,
          207.74
        ],
        [
          171.73,
          219.51
        ],
        [
          194.58,
          245.14
        ],
        [
          218.13,
          248.6
        ],
        [
          229.21,
          239.6
        ],
        [
          238.21,
          247.21
        ],
        [
          247.91,
          298.46
        ],
        [
          411.33,
          318.54
        ],
        [
          478.5,
          315.08
        ]
      ],
      "shape_type": "polygon"
    }
  ],
  "imagePath": "565962.jpg",
  "imageHeight": 322,
  "imageWidth": 479
}