{
  "shapes": [
    {
      "label": "cat",
      "points": [
        [
          318.62,
          315.8
        ],
        [
          309.37,
          321.5
        ],
        [
          300.12,
          315.8
        ],
        [
          296.56,
          312.25
        ],
        [
          292.29,
          305.13
        ],
        [
          288.73,
          301.57
        ],
        [
          283.75,
          295.17
        ],
        [
          281.62,
          285.92
        ],
        [
          276.64,
          279.52
        ],
        [
          272.37,
          273.11
        ],
        [
          273.79,
          267.42
        ],
        [
          279.48,
          263.86
        ],
        [
          287.31,
          251.06
        ],
        [
          293.0,
          234.69
        ],
        [
          293.0,
          220.46
        ],
        [
          293.71,
          187.02
        ],
        [
          295.85,
          170.66
        ],
        [
          295.85,
          160.7
        ],
        [
          298.69,
          148.6
        ],
        [
          320.04,
          121.57
        ],
        [
          330.71,
          113.03
        ],
        [
          350.63,
          112.32
        ],
        [
          357.75,
          112.32
        ],
        [
          394.75,
          63.23
        ],
        [
          401.86,
          52.55
        ],
        [
          399.73,
          47.57
        ],
        [
          391.9,
          50.42
        ],
        [
          382.65,
          51.13
        ],
        [
          379.09,
          46.15
        ],
        [
          392.61,
          36.9
        ],
        [
          406.84,
          32.63
        ],
        [
          416.09,
          40.46
        ],
        [
          420.36,
          53.98
        ],
        [
          405.42,
          76.74
        ],
        [
          389.77,
          100.93
        ],
        [
          379.8,
          122.99
        ],
        [
          373.4,
          131.53
        ],
        [
          379.8,
          158.56
        ],
        [
          382.65,
          182.76
        ],
        [
          381.23,
          201.25
        ],
        [
          375.54,
          209.08
        ],
        [
          371.98,
          210.5
        ],
        [
          365.57,
          229.0
        ],
        [
          361.31,
          247.5
        ],
        [
          360.59,
          256.75
        ],
        [
          352.06,
          259.6
        ],
        [
          345.65,
          258.88
        ],
        [
          345.65,
          243.23
        ],
        [
          340.67,
          253.9
        ],
        [
          340.67,
          264.58
        ],
        [
          347.08,
          273.11
        ],
        [
          344.23,
          285.21
        ],
        [
          338.54,
          288.06
        ],
        [
          334.27,
          303.0
        ],
        [
          324.31,
          310.82
        ],
        [
          317.19,
          316.51
        ]
      ],
      "shape_type": "polygon"
    }
  ],
  "imagePath": "435299.jpg",
  "imageHeight": 480,
  "imageWidth": 640
}