{
  "shapes": [
    {
      "label": "cat",
      "points": [
        [
          258.19,
          203.56
        ],
        [
          273.65,
          185.01
        ],
        [
          278.29,
          166.46
        ],
        [
          273.65,
          140.18
        ],
        [
          273.65,
          133.22
        ],
        [
          285.24,
          120.08
        ],
        [
          299.16,
          102.3
        ],
        [
          296.84,
          101.52
        ],
        [
          279.06,
          101.52
        ],
        [
          262.83,
          111.57
        ],
        [
          255.87,
          111.57
        ],
        [
          239.64,
          111.57
        ],
        [
          222.63,
          111.57
        ],
        [
          208.72,
          115.44
        ],
        [
          202.53,
          123.17
        ],
        [
          190.16,
          140.95
        ],
        [
          181.66,
          147.13
        ],
        [
          176.25,
          151.77
        ],
        [
          169.29,
          152.54
        ],
        [
          153.83,
          144.81
        ],
        [
          132.19,
          137.86
        ],
        [
          113.63,
          138.63
        ],
        [
          102.81,
          144.81
        ],
        [
          85.81,
          149.45
        ],
        [
          67.25,
          158.73
        ],
        [
          42.52,
          172.64
        ],
        [
          28.6,
          191.97
        ],
        [
          14.69,
          212.84
        ],
        [
          11.6,
          235.26
        ],
        [
          17.01,
          277.77
        ],
        [
          30.92,
          289.37
        ],
        [
          53.34,
          293.23
        ],
        [
          76.53,
          295.55
        ],
        [
          99.72,
          298.64
        ],
        [
          115.95,
          311.79
        ],
        [
          122.91,
          311.79
        ],
        [
          136.82,
          314.1
        ],
        [
          150.74,
          317.2
        ],
        [
          157.7,
          314.88
        ],
        [
          174.7,
          305.6
        ],
        [
          193.25,
          305.6
        ],
        [
          202.53,
          305.6
        ],
        [
          215.67,
          277.0
        ],
        [
          207.17,
          263.86
        ],
        [
          201.76,
          256.9
        ],
        [
          218.76,
          259.22
        ],
        [
          231.91,
          259.22
        ],
        [
          251.23,
          242.21
        ],
        [
          251.23,
          236.03
        ],
        [
          246.59,
          228.3
        ],
        [
          244.27,
          223.66
        ],
        [
          248.14,
          216.7
        ],
        [
          257.42,
          205.88
        ]
      ],
      "shape_type": "polygon"
    }
  ],
  "imagePath": "061333.jpg",
  "imageHeight": 361,
  "imageWidth": 500
}