{
  "shapes": [
    {
      "label": "cat",
      "points": [
        [
          160.88,
          535.44
        ],
        [
          167.87,
          542.44
        ],
        [
          191.18,
          509.8
        ],
        [
          197.01,
          484.17
        ],
        [
          213.32,
          505.14
        ],
        [
          214.49,
          510.97
        ],
        [
          237.8,
          499.32
        ],
        [
          219.15,
          489.99
        ],
        [
          220.32,
          469.01
        ],
        [
          236.63,
          451.53
        ],
        [
          234.3,
          388.6
        ],
        [
          257.61,
          351.31
        ],
        [
          255.28,
          311.68
        ],
        [
          275.09,
          282.55
        ],
        [
          273.92,
          248.75
        ],
        [
          265.77,
          224.28
        ],
        [
          286.74,
          197.47
        ],
        [
          263.44,
          207.96
        ],
        [
          250.62,
          206.8
        ],
        [
          229.64,
          185.82
        ],
        [
          233.13,
          228.94
        ],
        [
          229.64,
          244.09
        ],
        [
          210.99,
          256.91
        ],
        [
          206.33,
          269.73
        ],
        [
          186.52,
          286.05
        ],
        [
          188.85,
          301.2
        ],
        [
          171.37,
          351.31
        ],
        [
          169.04,
          385.11
        ],
        [
          176.03,
          415.41
        ],
        [
          171.37,
          456.2
        ],
        [
          172.53,
          498.15
        ]
      ],
      "shape_type": "polygon"
    }
  ],
  "imagePath": "211042.jpg",
  "imageHeight": 640,
  "imageWidth": 458
}