{
  "shapes": [
    {
      "label": "cat",
      "points": [
        [
          134.48,
          282.34
        ],
        [
          164.48,
          252.34
        ],
        [
          213.1,
          205.79
        ],
        [
          246.21,
          195.45
        ],
        [
          305.17,
          185.1
        ],
        [
          358.97,
          191.31
        ],
        [
          396.21,
          206.83
        ],
        [
          437.59,
          235.79
        ],
        [
          483.1,
          285.45
        ],
        [
          510.0,
          332.0
        ],
        [
          501.72,
          344.41
        ],
        [
          453.1,
          302.0
        ],
        [
          410.69,
          333.03
        ],
        [
          388.97,
          325.79
        ],
        [
          399.31,
          315.45
        ],
        [
          410.69,
          315.45
        ],
        [
          417.93,
          307.17
        ],
        [
          371.38,
          308.21
        ],
        [
          346.55,
          326.83
        ],
        [
          319.66,
          339.24
        ],
        [
          310.34,
          320.62
        ],
        [
          337.24,
          308.21
        ],
        [
          312.41,
          299.93
        ],
        [
          288.62,
          306.14
        ],
        [
          283.45,
          330.97
        ],
        [
          265.86,
          337.17
        ],
        [
          259.66,
          323.72
        ],
        [
          270.0,
          311.31
        ],
        [
          250.34,
          313.38
        ],
        [
          244.14,
          324.76
        ],
        [
          216.21,
          323.72
        ],
        [
          223.45,
          320.62
        ],
        [
          238.97,
          305.1
        ],
        [
          236.9,
          292.69
        ],
        [
          214.14,
          290.62
        ],
        [
          197.59,
          315.45
        ],
        [
          190.34,
          326.83
        ],
        [
          173.79,
          329.93
        ],
        [
          151.03,
          302.0
        ],
        [
          151.03,
          291.66
        ],
        [
          133.45,
          286.48
        ],
        [
          138.62,
          280.28
        ]
      ],
      "shape_type": "polygon"
    }
  ],
  "imagePath": "025560.jpg",
  "imageHeight": 480,
  "imageWidth": 640
}