{
  "shapes": [
    {
      "label": "cat",
      "points": [
        [
          112.27,
          474.44
        ],
        [
          142.15,
          445.6
        ],
        [
          138.03,
          405.42
        ],
        [
          139.06,
          334.35
        ],
        [
          162.75,
          269.46
        ],
        [
          195.71,
          236.5
        ],
        [
          244.12,
          218.99
        ],
        [
          285.32,
          162.33
        ],
        [
          334.76,
          125.25
        ],
        [
          365.67,
          113.92
        ],
        [
          366.7,
          126.28
        ],
        [
          356.39,
          141.73
        ],
        [
          375.97,
          168.52
        ],
        [
          399.66,
          167.48
        ],
        [
          375.97,
          192.21
        ],
        [
          337.85,
          237.53
        ],
        [
          344.03,
          279.76
        ],
        [
          312.1,
          360.1
        ],
        [
          319.31,
          434.27
        ],
        [
          343.0,
          442.51
        ],
        [
          332.7,
          455.9
        ],
        [
          292.53,
          466.2
        ],
        [
          254.42,
          467.23
        ],
        [
          253.39,
          471.35
        ]
      ],
      "shape_type": "polygon"
    }
  ],
  "imagePath": "098839.jpg",
  "imageHeight": 480,
  "imageWidth": 640
}