{
  "shapes": [
    {
      "label": "cat",
      "points": [
        [
          135.48,
          118.28
        ],
        [
          188.17,
          93.55
        ],
        [
          219.35,
          95.7
        ],
        [
          244.09,
          101.08
        ],
        [
          267.74,
          94.62
        ],
        [
          278.49,
          103.23
        ],
        [
          263.44,
          112.9
        ],
        [
          279.57,
          117.2
        ],
        [
          272.04,
          138.71
        ],
        [
          276.34,
          155.91
        ],
        [
          278.49,
          172.04
        ],
        [
          263.44,
          181.72
        ],
        [
          260.22,
          200.0
        ],
        [
          261.29,
          221.51
        ],
        [
          266.67,
          223.66
        ],
        [
          275.27,
          259.14
        ],
        [
          254.84,
          294.62
        ],
        [
          258.06,
          306.45
        ],
        [
          262.37,
          343.01
        ],
        [
          254.84,
          372.04
        ],
        [
          250.54,
          404.3
        ],
        [
          249.46,
          430.11
        ],
        [
          230.11,
          431.18
        ],
        [
          217.2,
          459.14
        ],
        [
          211.83,
          456.99
        ],
        [
          204.3,
          452.69
        ],
        [
          187.1,
          459.14
        ],
        [
          174.19,
          460.22
        ],
        [
          167.74,
          450.54
        ],
        [
          163.44,
          430.11
        ],
        [
          153.76,
          408.6
        ],
        [
          145.16,
          401.08
        ],
        [
          131.18,
          425.81
        ],
        [
          108.6,
          449.46
        ],
        [
          98.92,
          440.86
        ],
        [
          79.57,
          422.58
        ],
        [
          66.67,
          377.42
        ],
        [
          64.52,
          354.84
        ],
        [
          72.04,
          324.73
        ],
        [
          86.02,
          286.02
        ],
        [
          90.32,
          255.91
        ],
        [
          101.08,
          221.51
        ],
        [
          100.0,
          203.23
        ],
        [
          92.47,
          180.65
        ],
        [
          97.85,
          156.99
        ],
        [
          117.2,
          143.01
        ],
        [
          131.18,
          136.56
        ]
      ],
      "shape_type": "polygon"
    }
  ],
  "imagePath": "574810.jpg",
  "imageHeight": 500,
  "imageWidth": 377
}