{
  "shapes": [
    {
      "label": "cat",
      "points": [
        [
          240.17,
          128.36
        ],
        [
          272.29,
          121.44
        ],
        [
          286.14,
          123.33
        ],
        [
          289.29,
          124.59
        ],
        [
          306.29,
          118.92
        ],
        [
          310.07,
          120.18
        ],
        [
          310.99,
          133.14
        ],
        [
          307.55,
          149.15
        ],
        [
          307.55,
          154.81
        ],
        [
          314.48,
          158.59
        ],
        [
          320.78,
          152.29
        ],
        [
          328.96,
          147.89
        ],
        [
          340.93,
          150.4
        ],
        [
          351.0,
          161.11
        ],
        [
          353.52,
          182.52
        ],
        [
          365.49,
          209.6
        ],
        [
          370.52,
          218.41
        ],
        [
          376.19,
          219.04
        ],
        [
          376.82,
          222.19
        ],
        [
          386.9,
          224.08
        ],
        [
          372.41,
          240.45
        ],
        [
          336.52,
          247.38
        ],
        [
          313.22,
          247.38
        ],
        [
          293.7,
          252.42
        ],
        [
          276.7,
          254.94
        ],
        [
          265.99,
          249.27
        ],
        [
          250.88,
          252.42
        ],
        [
          228.84,
          250.53
        ],
        [
          223.17,
          246.12
        ],
        [
          208.69,
          244.86
        ],
        [
          208.69,
          236.68
        ],
        [
          209.32,
          223.45
        ],
        [
          205.54,
          198.89
        ],
        [
          209.95,
          180.0
        ],
        [
          216.87,
          164.89
        ],
        [
          221.28,
          150.4
        ],
        [
          214.99,
          133.4
        ],
        [
          213.73,
          125.22
        ],
        [
          220.02,
          124.59
        ],
        [
          233.25,
          125.22
        ],
        [
          241.43,
          128.99
        ]
      ],
      "shape_type": "polygon"
    }
  ],
  "imagePath": "519764.jpg",
  "imageHeight": 375,
  "imageWidth": 500
}