{
  "shapes": [
    {
      "label": "cat",
      "points": [
        [
          16.97,
          347.93
        ],
        [
          38.79,
          355.2
        ],
        [
          63.85,
          331.76
        ],
        [
          78.39,
          309.13
        ],
        [
          82.44,
          289.74
        ],
        [
          111.53,
          271.15
        ],
        [
          120.42,
          311.56
        ],
        [
          122.84,
          328.53
        ],
        [
          144.67,
          328.53
        ],
        [
          159.21,
          326.1
        ],
        [
          173.76,
          317.21
        ],
        [
          204.47,
          318.02
        ],
        [
          215.79,
          298.63
        ],
        [
          230.33,
          283.27
        ],
        [
          254.58,
          305.09
        ],
        [
          275.59,
          306.71
        ],
        [
          289.33,
          305.9
        ],
        [
          307.92,
          303.48
        ],
        [
          328.93,
          294.59
        ],
        [
          343.48,
          281.65
        ],
        [
          349.95,
          276.8
        ],
        [
          383.08,
          277.61
        ],
        [
          403.29,
          279.23
        ],
        [
          430.77,
          276.0
        ],
        [
          459.05,
          265.49
        ],
        [
          458.24,
          252.56
        ],
        [
          442.89,
          249.33
        ],
        [
          455.01,
          243.67
        ],
        [
          453.39,
          233.97
        ],
        [
          430.77,
          225.89
        ],
        [
          425.11,
          219.42
        ],
        [
          417.03,
          214.57
        ],
        [
          411.37,
          212.96
        ],
        [
          401.67,
          208.11
        ],
        [
          400.05,
          202.45
        ],
        [
          399.25,
          191.95
        ],
        [
          400.05,
          183.86
        ],
        [
          408.94,
          163.66
        ],
        [
          416.22,
          148.3
        ],
        [
          417.03,
          135.37
        ],
        [
          412.98,
          124.06
        ],
        [
          412.18,
          117.59
        ],
        [
          421.07,
          101.43
        ],
        [
          429.96,
          83.65
        ],
        [
          438.85,
          65.06
        ],
        [
          402.48,
          77.99
        ],
        [
          392.78,
          82.03
        ],
        [
          370.96,
          84.46
        ],
        [
          346.71,
          84.46
        ],
        [
          333.78,
          82.03
        ],
        [
          329.74,
          77.99
        ],
        [
          311.96,
          65.06
        ],
        [
          307.11,
          65.87
        ],
        [
          298.22,
          68.29
        ],
        [
          299.84,
          86.07
        ],
        [
          300.65,
          101.43
        ],
        [
          305.5,
          120.02
        ],
        [
          296.61,
          138.6
        ],
        [
          291.76,
          142.65
        ],
        [
          284.48,
          136.99
        ],
        [
          240.84,
          127.29
        ],
        [
          221.44,
          127.29
        ],
        [
          160.83,
          128.91
        ],
        [
          121.23,
          141.84
        ],
        [
          79.2,
          148.3
        ],
        [
          49.3,
          151.54
        ],
        [
          21.82,
          166.89
        ],
        [
          7.27,
          192.75
        ],
        [
          10.51,
          310.75
        ],
        [
          19.4,
          313.98
        ],
        [
          29.09,
          322.06
        ],
        [
          45.26,
          325.3
        ],
        [
          51.72,
          325.3
        ],
        [
          65.46,
          327.72
        ],
        [
          25.86,
          347.93
        ]
      ],
      "shape_type": "polygon"
    }
  ],
  "imagePath": "425390.jpg",
  "imageHeight": 375,
  "imageWidth": 500
}