{
  "shapes": [
    {
      "label": "cat",
      "points": [
        [
          163.86,
          145.99
        ],
        [
          132.18,
          133.45
        ],
        [
          120.3,
          135.43
        ],
        [
          118.32,
          139.39
        ],
        [
          117.0,
          145.99
        ],
        [
          127.56,
          165.79
        ],
        [
          144.06,
          193.51
        ],
        [
          147.36,
          193.51
        ],
        [
          159.24,
          213.3
        ],
        [
          170.46,
          244.98
        ],
        [
          175.74,
          243.0
        ],
        [
          181.02,
          259.5
        ],
        [
          188.94,
          266.76
        ],
        [
          200.16,
          267.42
        ],
        [
          214.67,
          264.78
        ],
        [
          229.19,
          257.52
        ],
        [
          261.53,
          254.22
        ],
        [
          278.03,
          250.26
        ],
        [
          278.03,
          262.14
        ],
        [
          275.39,
          277.98
        ],
        [
          280.01,
          289.86
        ],
        [
          277.37,
          297.12
        ],
        [
          283.97,
          308.34
        ],
        [
          292.55,
          312.3
        ],
        [
          302.45,
          319.55
        ],
        [
          304.43,
          312.96
        ],
        [
          311.03,
          310.32
        ],
        [
          312.35,
          303.06
        ],
        [
          311.03,
          298.44
        ],
        [
          324.22,
          300.42
        ],
        [
          327.52,
          295.14
        ],
        [
          328.18,
          284.58
        ],
        [
          332.14,
          281.28
        ],
        [
          329.5,
          273.36
        ],
        [
          326.2,
          268.08
        ],
        [
          328.18,
          262.8
        ],
        [
          334.12,
          257.52
        ],
        [
          334.12,
          252.24
        ],
        [
          337.42,
          243.66
        ],
        [
          341.38,
          231.78
        ],
        [
          346.66,
          218.58
        ],
        [
          348.64,
          202.75
        ],
        [
          346.0,
          196.81
        ],
        [
          344.68,
          194.17
        ],
        [
          344.68,
          186.25
        ],
        [
          348.64,
          177.67
        ],
        [
          351.28,
          171.73
        ],
        [
          355.24,
          166.45
        ],
        [
          358.54,
          162.49
        ],
        [
          363.16,
          155.23
        ],
        [
          362.5,
          149.29
        ],
        [
          361.18,
          145.33
        ],
        [
          351.28,
          150.61
        ],
        [
          336.76,
          159.85
        ],
        [
          313.67,
          169.09
        ],
        [
          300.47,
          169.09
        ],
        [
          287.27,
          167.11
        ],
        [
          287.27,
          157.87
        ],
        [
          285.29,
          155.89
        ],
        [
          280.67,
          155.89
        ],
        [
          278.69,
          149.29
        ],
        [
          272.75,
          141.37
        ],
        [
          268.79,
          140.71
        ],
        [
          266.15,
          137.41
        ],
        [
          267.47,
          130.15
        ],
        [
          267.47,
          124.87
        ],
        [
          264.83,
          118.93
        ],
        [
          263.51,
          111.01
        ],
        [
          261.53,
          100.45
        ],
        [
          254.93,
          87.92
        ],
        [
          253.61,
          79.34
        ],
        [
          249.65,
          76.7
        ],
        [
          241.73,
          76.7
        ],
        [
          233.15,
          86.6
        ],
        [
          224.57,
          110.35
        ],
        [
          217.31,
          122.89
        ],
        [
          209.4,
          126.85
        ],
        [
          200.82,
          128.83
        ],
        [
          192.24,
          132.13
        ],
        [
          188.94,
          132.13
        ],
        [
          181.68,
          136.75
        ],
        [
          173.76,
          144.01
        ],
        [
          165.55,
          145.02
        ],
        [
          164.64,
          147.29
        ]
      ],
      "shape_type": "polygon"
    }
  ],
  "imagePath": "291490.jpg",
  "imageHeight": 393,
  "imageWidth": 640
}