{
  "shapes": [
    {
      "label": "cat",
      "points": [
        [
          275.16,
          397.09
        ],
        [
          270.56,
          383.29
        ],
        [
          258.59,
          368.56
        ],
        [
          248.47,
          352.0
        ],
        [
          248.47,
          340.04
        ],
        [
          246.63,
          328.07
        ],
        [
          222.7,
          311.51
        ],
        [
          218.1,
          300.46
        ],
        [
          229.14,
          296.78
        ],
        [
          251.23,
          296.78
        ],
        [
          277.0,
          294.94
        ],
        [
          306.45,
          270.1
        ],
        [
          334.05,
          236.05
        ],
        [
          360.74,
          233.29
        ],
        [
          374.55,
          217.64
        ],
        [
          399.39,
          195.55
        ],
        [
          430.68,
          193.71
        ],
        [
          474.85,
          198.32
        ],
        [
          502.46,
          225.0
        ],
        [
          504.3,
          263.65
        ],
        [
          499.7,
          281.14
        ],
        [
          508.9,
          293.1
        ],
        [
          518.11,
          282.06
        ],
        [
          524.55,
          283.9
        ],
        [
          523.63,
          302.3
        ],
        [
          517.19,
          314.27
        ],
        [
          495.1,
          303.23
        ],
        [
          492.34,
          300.46
        ],
        [
          492.34,
          317.03
        ],
        [
          489.58,
          331.75
        ],
        [
          467.49,
          322.55
        ],
        [
          467.49,
          306.91
        ],
        [
          434.36,
          313.35
        ],
        [
          406.75,
          328.07
        ],
        [
          400.31,
          342.8
        ],
        [
          386.51,
          359.36
        ],
        [
          377.31,
          391.57
        ],
        [
          359.82,
          390.65
        ],
        [
          345.1,
          381.45
        ],
        [
          336.81,
          373.16
        ],
        [
          325.77,
          371.32
        ],
        [
          312.89,
          376.85
        ],
        [
          297.24,
          386.97
        ],
        [
          288.04,
          395.25
        ],
        [
          280.68,
          403.53
        ]
      ],
      "shape_type": "polygon"
    }
  ],
  "imagePath": "515025.jpg",
  "imageHeight": 427,
  "imageWidth": 640
}