{
  "shapes": [
    {
      "label": "cat",
      "points": [
        [
          0.0,
          220.04
        ],
        [
          15.82,
          168.27
        ],
        [
          33.08,
          142.38
        ],
        [
          51.78,
          100.67
        ],
        [
          100.67,
          84.85
        ],
        [
          168.27,
          73.35
        ],
        [
          231.55,
          73.35
        ],
        [
          281.89,
          57.53
        ],
        [
          316.4,
          31.64
        ],
        [
          356.67,
          34.52
        ],
        [
          349.48,
          67.6
        ],
        [
          333.66,
          104.99
        ],
        [
          358.11,
          143.82
        ],
        [
          368.18,
          194.16
        ],
        [
          363.87,
          224.36
        ],
        [
          332.22,
          222.92
        ],
        [
          286.2,
          217.17
        ],
        [
          110.74,
          228.67
        ],
        [
          2.88,
          231.55
        ],
        [
          2.88,
          222.92
        ]
      ],
      "shape_type": "polygon"
    }
  ],
  "imagePath": "432468.jpg",
  "imageHeight": 640,
  "imageWidth": 427
}