{
  "shapes": [
    {
      "label": "cat",
      "points": [
        [
          176.31,
          274.58
        ],
        [
          174.86,
          233.39
        ],
        [
          151.02,
          197.26
        ],
        [
          143.79,
          165.47
        ],
        [
          145.96,
          114.17
        ],
        [
          141.63,
          99.72
        ],
        [
          148.13,
          80.93
        ],
        [
          143.79,
          55.64
        ],
        [
          143.79,
          19.51
        ],
        [
          153.91,
          15.17
        ],
        [
          185.7,
          44.08
        ],
        [
          199.43,
          53.47
        ],
        [
          229.78,
          54.92
        ],
        [
          255.79,
          36.13
        ],
        [
          269.52,
          31.07
        ],
        [
          283.97,
          28.9
        ],
        [
          282.53,
          52.03
        ],
        [
          270.97,
          91.77
        ],
        [
          291.92,
          101.16
        ],
        [
          312.15,
          102.61
        ],
        [
          354.06,
          150.3
        ],
        [
          377.19,
          189.32
        ],
        [
          388.75,
          239.9
        ],
        [
          372.85,
          270.25
        ],
        [
          332.39,
          279.64
        ],
        [
          263.74,
          289.03
        ],
        [
          231.95,
          288.31
        ],
        [
          177.75,
          274.58
        ]
      ],
      "shape_type": "polygon"
    }
  ],
  "imagePath": "094336.jpg",
  "imageHeight": 336,
  "imageWidth": 500
}