{
  "shapes": [
    {
      "label": "cat",
      "points": [
        [
          201.08,
          214.68
        ],
        [
          201.08,
          193.77
        ],
        [
          199.47,
          185.73
        ],
        [
          197.06,
          176.08
        ],
        [
          193.84,
          167.23
        ],
        [
          185.8,
          148.73
        ],
        [
          184.19,
          131.84
        ],
        [
          188.21,
          123.8
        ],
        [
          194.64,
          123.8
        ],
        [
          203.49,
          130.23
        ],
        [
          214.75,
          139.08
        ],
        [
          224.4,
          147.12
        ],
        [
          230.03,
          151.14
        ],
        [
          241.29,
          151.14
        ],
        [
          244.51,
          148.73
        ],
        [
          254.16,
          143.1
        ],
        [
          262.21,
          136.67
        ],
        [
          272.66,
          131.04
        ],
        [
          284.73,
          127.01
        ],
        [
          308.86,
          109.32
        ],
        [
          314.49,
          105.3
        ],
        [
          318.51,
          114.15
        ],
        [
          318.51,
          115.75
        ],
        [
          330.57,
          118.97
        ],
        [
          337.01,
          118.17
        ],
        [
          349.07,
          122.99
        ],
        [
          362.74,
          124.6
        ],
        [
          378.83,
          128.62
        ],
        [
          398.13,
          134.25
        ],
        [
          413.41,
          138.27
        ],
        [
          421.46,
          146.32
        ],
        [
          426.28,
          158.38
        ],
        [
          433.52,
          171.25
        ],
        [
          430.3,
          183.31
        ],
        [
          427.89,
          188.94
        ],
        [
          427.89,
          196.18
        ],
        [
          427.09,
          208.25
        ],
        [
          411.81,
          254.09
        ],
        [
          400.55,
          279.83
        ],
        [
          401.35,
          303.16
        ],
        [
          382.85,
          337.74
        ],
        [
          366.76,
          340.96
        ],
        [
          353.9,
          340.96
        ],
        [
          342.64,
          338.54
        ],
        [
          332.98,
          333.72
        ],
        [
          336.2,
          331.31
        ],
        [
          326.55,
          328.89
        ],
        [
          295.18,
          317.63
        ],
        [
          271.05,
          308.79
        ],
        [
          254.16,
          299.13
        ],
        [
          234.86,
          289.48
        ],
        [
          221.19,
          281.44
        ],
        [
          217.17,
          271.79
        ],
        [
          215.56,
          248.46
        ],
        [
          213.14,
          254.09
        ],
        [
          202.69,
          262.14
        ],
        [
          194.64,
          267.77
        ],
        [
          189.01,
          269.37
        ],
        [
          182.58,
          266.96
        ],
        [
          181.78,
          261.33
        ],
        [
          185.8,
          255.7
        ],
        [
          194.64,
          247.66
        ],
        [
          209.12,
          241.22
        ],
        [
          206.71,
          222.73
        ],
        [
          203.49,
          217.9
        ],
        [
          203.49,
          211.47
        ]
      ],
      "shape_type": "polygon"
    }
  ],
  "imagePath": "574315.jpg",
  "imageHeight": 480,
  "imageWidth": 640
}