{
  "shapes": [
    {
      "label": "cat",
      "points": [
        [
          71.12,
          23.23
        ],
        [
          143.97,
          109.13
        ],
        [
          173.88,
          171.65
        ],
        [
          174.96,
          197.75
        ],
        [
          176.6,
          221.67
        ],
        [
          160.83,
          273.87
        ],
        [
          171.16,
          300.51
        ],
        [
          182.03,
          321.71
        ],
        [
          184.75,
          325.52
        ],
        [
          185.29,
          374.45
        ],
        [
          155.39,
          395.11
        ],
        [
          143.43,
          416.85
        ],
        [
          121.68,
          432.62
        ],
        [
          112.44,
          433.16
        ],
        [
          95.59,
          436.43
        ],
        [
          64.42,
          451.92
        ],
        [
          2.53,
          452.94
        ],
        [
          1.52,
          410.33
        ],
        [
          1.52,
          207.42
        ],
        [
          0.0,
          29.87
        ],
        [
          0.0,
          19.73
        ],
        [
          0.5,
          1.47
        ],
        [
          61.37,
          3.5
        ]
      ],
      "shape_type": "polygon"
    }
  ],
  "imagePath": "572388.jpg",
  "imageHeight": 500,
  "imageWidth": 349
}