{
  "shapes": [
    {
      "label": "cat",
      "points": [
        [
          191.46,
          178.06
        ],
        [
          220.18,
          178.06
        ],
        [
          270.92,
          132.11
        ],
        [
          285.28,
          111.05
        ],
        [
          291.98,
          46.91
        ],
        [
          304.42,
          49.78
        ],
        [
          336.97,
          107.22
        ],
        [
          346.54,
          118.71
        ],
        [
          369.52,
          127.32
        ],
        [
          381.01,
          145.51
        ],
        [
          389.62,
          149.34
        ],
        [
          408.77,
          142.64
        ],
        [
          436.53,
          112.96
        ],
        [
          469.08,
          106.26
        ],
        [
          507.37,
          92.86
        ],
        [
          466.21,
          225.92
        ],
        [
          447.06,
          269.0
        ],
        [
          446.1,
          268.04
        ],
        [
          431.74,
          298.68
        ],
        [
          422.17,
          313.04
        ],
        [
          409.73,
          302.51
        ],
        [
          399.2,
          266.13
        ],
        [
          379.09,
          287.19
        ],
        [
          356.12,
          289.11
        ],
        [
          377.18,
          316.87
        ],
        [
          336.01,
          283.36
        ],
        [
          354.2,
          340.8
        ],
        [
          319.74,
          293.89
        ],
        [
          308.25,
          370.48
        ],
        [
          307.29,
          275.7
        ],
        [
          244.11,
          326.44
        ],
        [
          302.51,
          268.04
        ],
        [
          274.75,
          256.56
        ],
        [
          263.26,
          259.43
        ],
        [
          234.54,
          229.75
        ],
        [
          210.61,
          226.88
        ],
        [
          186.67,
          177.1
        ]
      ],
      "shape_type": "polygon"
    }
  ],
  "imagePath": "018833.jpg",
  "imageHeight": 426,
  "imageWidth": 640
}