{
  "shapes": [
    {
      "label": "cat",
      "points": [
        [
          227.82,
          241.69
        ],
        [
          281.42,
          202.45
        ],
        [
          310.14,
          185.22
        ],
        [
          321.62,
          163.2
        ],
        [
          313.96,
          136.4
        ],
        [
          304.39,
          121.09
        ],
        [
          300.56,
          99.07
        ],
        [
          303.43,
          84.71
        ],
        [
          320.66,
          86.63
        ],
        [
          351.3,
          114.39
        ],
        [
          357.04,
          122.04
        ],
        [
          384.8,
          116.3
        ],
        [
          403.94,
          121.09
        ],
        [
          419.26,
          105.77
        ],
        [
          436.49,
          95.24
        ],
        [
          458.5,
          90.46
        ],
        [
          460.42,
          107.69
        ],
        [
          449.89,
          134.49
        ],
        [
          441.27,
          145.97
        ],
        [
          438.4,
          156.5
        ],
        [
          440.32,
          175.65
        ],
        [
          433.61,
          196.71
        ],
        [
          421.17,
          207.24
        ],
        [
          420.21,
          221.59
        ],
        [
          418.3,
          228.29
        ],
        [
          427.87,
          248.4
        ],
        [
          429.79,
          263.71
        ],
        [
          432.66,
          273.28
        ],
        [
          444.14,
          274.24
        ],
        [
          467.12,
          269.45
        ],
        [
          506.36,
          258.92
        ],
        [
          531.25,
          253.18
        ],
        [
          530.29,
          257.01
        ],
        [
          520.72,
          267.54
        ],
        [
          497.75,
          309.66
        ],
        [
          492.96,
          332.63
        ],
        [
          496.79,
          365.17
        ],
        [
          488.18,
          391.02
        ],
        [
          448.93,
          402.51
        ],
        [
          422.13,
          404.42
        ],
        [
          365.65,
          392.93
        ],
        [
          332.15,
          388.15
        ],
        [
          316.84,
          369.0
        ],
        [
          298.65,
          362.3
        ],
        [
          260.36,
          323.06
        ],
        [
          225.9,
          239.78
        ]
      ],
      "shape_type": "polygon"
    }
  ],
  "imagePath": "077595.jpg",
  "imageHeight": 425,
  "imageWidth": 640
}