{
  "shapes": [
    {
      "label": "cat",
      "points": [
        [
          308.65,
          114.84
        ],
        [
          271.48,
          110.71
        ],
        [
          256.0,
          115.87
        ],
        [
          225.03,
          105.55
        ],
        [
          227.1,
          134.45
        ],
        [
          224.0,
          202.58
        ],
        [
          231.23,
          225.29
        ],
        [
          236.39,
          272.77
        ],
        [
          267.35,
          322.32
        ],
        [
          274.58,
          344.0
        ],
        [
          292.13,
          367.74
        ],
        [
          295.23,
          390.45
        ],
        [
          286.97,
          393.55
        ],
        [
          286.97,
          392.52
        ],
        [
          286.97,
          403.87
        ],
        [
          289.03,
          408.0
        ],
        [
          291.1,
          419.35
        ],
        [
          307.61,
          426.58
        ],
        [
          342.71,
          453.42
        ],
        [
          381.94,
          455.48
        ],
        [
          461.42,
          441.03
        ],
        [
          489.29,
          409.03
        ],
        [
          565.68,
          384.26
        ],
        [
          552.26,
          352.26
        ],
        [
          528.52,
          351.23
        ],
        [
          529.55,
          365.68
        ],
        [
          503.74,
          376.0
        ],
        [
          491.35,
          378.06
        ],
        [
          488.26,
          301.68
        ],
        [
          468.65,
          239.74
        ],
        [
          430.45,
          208.77
        ],
        [
          370.58,
          182.97
        ],
        [
          360.26,
          181.94
        ],
        [
          341.68,
          136.52
        ]
      ],
      "shape_type": "polygon"
    }
  ],
  "imagePath": "520531.jpg",
  "imageHeight": 480,
  "imageWidth": 640
}