{
  "shapes": [
    {
      "label": "cat",
      "points": [
        [
          354.34,
          263.73
        ],
        [
          318.74,
          271.82
        ],
        [
          279.1,
          271.01
        ],
        [
          241.08,
          263.73
        ],
        [
          207.91,
          261.3
        ],
        [
          208.72,
          265.35
        ],
        [
          218.43,
          316.31
        ],
        [
          211.15,
          330.07
        ],
        [
          190.11,
          342.2
        ],
        [
          182.02,
          355.15
        ],
        [
          164.22,
          355.96
        ],
        [
          157.75,
          346.25
        ],
        [
          194.97,
          279.91
        ],
        [
          163.42,
          258.88
        ],
        [
          135.1,
          252.4
        ],
        [
          109.21,
          235.42
        ],
        [
          104.36,
          222.47
        ],
        [
          107.6,
          210.34
        ],
        [
          115.69,
          202.25
        ],
        [
          111.64,
          197.39
        ],
        [
          89.8,
          192.54
        ],
        [
          74.43,
          168.27
        ],
        [
          79.28,
          139.96
        ],
        [
          92.22,
          123.78
        ],
        [
          115.69,
          106.79
        ],
        [
          135.1,
          78.47
        ],
        [
          157.75,
          61.48
        ],
        [
          178.79,
          51.78
        ],
        [
          195.78,
          50.97
        ],
        [
          216.0,
          48.54
        ],
        [
          224.9,
          49.35
        ],
        [
          228.94,
          25.08
        ],
        [
          235.42,
          11.33
        ],
        [
          246.74,
          5.66
        ],
        [
          261.3,
          11.33
        ],
        [
          268.58,
          25.08
        ],
        [
          276.67,
          43.69
        ],
        [
          307.42,
          56.63
        ],
        [
          327.64,
          56.63
        ],
        [
          330.88,
          61.48
        ],
        [
          366.47,
          53.39
        ],
        [
          385.89,
          57.44
        ],
        [
          350.29,
          90.61
        ],
        [
          351.1,
          97.08
        ],
        [
          351.91,
          113.26
        ],
        [
          347.06,
          131.06
        ],
        [
          338.97,
          144.0
        ],
        [
          328.45,
          160.99
        ],
        [
          313.08,
          181.21
        ],
        [
          295.28,
          183.64
        ],
        [
          272.63,
          176.36
        ],
        [
          258.07,
          165.03
        ],
        [
          232.18,
          165.84
        ],
        [
          212.76,
          168.27
        ],
        [
          195.78,
          177.98
        ],
        [
          238.65,
          190.11
        ],
        [
          287.19,
          200.63
        ],
        [
          333.3,
          209.53
        ],
        [
          371.33,
          220.04
        ],
        [
          390.74,
          225.71
        ],
        [
          393.98,
          238.65
        ],
        [
          385.08,
          255.64
        ],
        [
          376.99,
          256.45
        ],
        [
          375.37,
          257.26
        ],
        [
          364.04,
          260.49
        ]
      ],
      "shape_type": "polygon"
    }
  ],
  "imagePath": "116825.jpg",
  "imageHeight": 360,
  "imageWidth": 640
}