{
  "shapes": [
    {
      "label": "cat",
      "points": [
        [
          148.75,
          196.35
        ],
        [
          136.92,
          187.67
        ],
        [
          123.52,
          177.43
        ],
        [
          127.46,
          159.29
        ],
        [
          133.77,
          149.04
        ],
        [
          146.38,
          134.06
        ],
        [
          151.9,
          133.28
        ],
        [
          170.82,
          138.01
        ],
        [
          178.71,
          143.53
        ],
        [
          188.96,
          145.1
        ],
        [
          217.34,
          146.68
        ],
        [
          241.78,
          146.68
        ],
        [
          241.78,
          348.5
        ],
        [
          241.78,
          465.18
        ],
        [
          238.63,
          495.93
        ],
        [
          238.63,
          509.33
        ],
        [
          222.86,
          514.06
        ],
        [
          194.48,
          514.06
        ],
        [
          171.61,
          518.01
        ],
        [
          161.36,
          517.22
        ],
        [
          156.63,
          476.22
        ],
        [
          155.06,
          453.36
        ],
        [
          150.33,
          439.96
        ],
        [
          137.71,
          433.65
        ],
        [
          133.77,
          424.98
        ],
        [
          136.14,
          406.06
        ],
        [
          143.23,
          398.17
        ],
        [
          152.69,
          382.4
        ],
        [
          144.81,
          342.2
        ],
        [
          144.81,
          296.47
        ],
        [
          151.11,
          257.05
        ],
        [
          151.9,
          237.34
        ],
        [
          148.75,
          221.57
        ]
      ],
      "shape_type": "polygon"
    }
  ],
  "imagePath": "386457.jpg",
  "imageHeight": 640,
  "imageWidth": 426
}