{
  "shapes": [
    {
      "label": "cat",
      "points": [
        [
          63.71,
          76.4
        ],
        [
          58.32,
          50.49
        ],
        [
          69.11,
          39.69
        ],
        [
          90.71,
          24.57
        ],
        [
          118.79,
          40.77
        ],
        [
          150.11,
          61.29
        ],
        [
          165.23,
          66.68
        ],
        [
          171.71,
          69.92
        ],
        [
          161.99,
          80.72
        ],
        [
          194.38,
          107.72
        ],
        [
          181.43,
          119.6
        ],
        [
          181.43,
          119.6
        ],
        [
          177.11,
          131.48
        ],
        [
          181.43,
          148.76
        ],
        [
          181.43,
          153.08
        ],
        [
          170.63,
          174.68
        ],
        [
          156.59,
          179.0
        ],
        [
          146.87,
          200.59
        ],
        [
          172.79,
          210.31
        ],
        [
          184.67,
          212.47
        ],
        [
          188.98,
          218.95
        ],
        [
          208.42,
          249.19
        ],
        [
          209.5,
          255.67
        ],
        [
          230.02,
          281.59
        ],
        [
          230.02,
          289.15
        ],
        [
          227.86,
          304.27
        ],
        [
          220.3,
          305.35
        ],
        [
          206.26,
          310.75
        ],
        [
          193.3,
          289.15
        ],
        [
          190.06,
          288.07
        ],
        [
          157.67,
          289.15
        ],
        [
          154.43,
          291.31
        ],
        [
          136.07,
          302.11
        ],
        [
          127.43,
          302.11
        ],
        [
          111.23,
          302.11
        ],
        [
          91.79,
          304.27
        ],
        [
          69.11,
          312.9
        ],
        [
          47.52,
          325.86
        ],
        [
          46.44,
          329.1
        ],
        [
          20.52,
          346.38
        ],
        [
          10.8,
          352.86
        ],
        [
          8.64,
          352.86
        ],
        [
          3.24,
          207.07
        ],
        [
          90.71,
          169.28
        ],
        [
          96.11,
          162.8
        ],
        [
          118.79,
          140.12
        ],
        [
          151.19,
          118.52
        ],
        [
          75.59,
          94.76
        ]
      ],
      "shape_type": "polygon"
    }
  ],
  "imagePath": "375278.jpg",
  "imageHeight": 500,
  "imageWidth": 333
}