{
  "shapes": [
    {
      "label": "cat",
      "points": [
        [
          338.71,
          305.38
        ],
        [
          321.51,
          320.43
        ],
        [
          319.35,
          306.45
        ],
        [
          307.53,
          254.84
        ],
        [
          277.42,
          218.28
        ],
        [
          204.3,
          198.92
        ],
        [
          108.6,
          204.3
        ],
        [
          79.57,
          230.11
        ],
        [
          55.91,
          239.78
        ],
        [
          25.81,
          269.89
        ],
        [
          16.13,
          312.9
        ],
        [
          29.03,
          346.24
        ],
        [
          40.86,
          372.04
        ],
        [
          62.37,
          364.52
        ],
        [
          105.38,
          376.34
        ],
        [
          140.86,
          354.84
        ],
        [
          174.19,
          332.26
        ],
        [
          239.78,
          341.94
        ],
        [
          247.31,
          362.37
        ],
        [
          266.67,
          361.29
        ],
        [
          283.87,
          393.55
        ],
        [
          313.98,
          387.1
        ],
        [
          324.73,
          418.28
        ],
        [
          358.06,
          411.83
        ],
        [
          353.76,
          376.34
        ],
        [
          369.89,
          365.59
        ],
        [
          372.04,
          321.51
        ],
        [
          339.78,
          280.65
        ],
        [
          317.2,
          289.25
        ]
      ],
      "shape_type": "polygon"
    }
  ],
  "imagePath": "264441.jpg",
  "imageHeight": 500,
  "imageWidth": 375
}