{
  "shapes": [
    {
      "label": "cat",
      "points": [
        [
          94.14,
          177.93
        ],
        [
          101.38,
          159.31
        ],
        [
          137.59,
          145.86
        ],
        [
          145.86,
          137.59
        ],
        [
          159.31,
          124.14
        ],
        [
          175.86,
          96.21
        ],
        [
          191.38,
          88.97
        ],
        [
          230.69,
          83.79
        ],
        [
          232.76,
          95.17
        ],
        [
          230.69,
          101.38
        ],
        [
          226.55,
          108.62
        ],
        [
          230.69,
          122.07
        ],
        [
          233.79,
          132.41
        ],
        [
          229.66,
          151.03
        ],
        [
          229.66,
          159.31
        ],
        [
          224.48,
          181.03
        ],
        [
          202.76,
          225.52
        ],
        [
          223.45,
          223.45
        ],
        [
          230.69,
          229.66
        ],
        [
          232.76,
          243.1
        ],
        [
          223.45,
          253.45
        ],
        [
          220.34,
          259.66
        ],
        [
          225.52,
          276.21
        ],
        [
          200.69,
          275.17
        ],
        [
          156.21,
          234.83
        ],
        [
          135.52,
          221.38
        ],
        [
          113.79,
          210.0
        ],
        [
          100.34,
          203.79
        ],
        [
          91.03,
          196.55
        ],
        [
          93.1,
          174.83
        ]
      ],
      "shape_type": "polygon"
    }
  ],
  "imagePath": "106389.jpg",
  "imageHeight": 480,
  "imageWidth": 640
}