{
  "shapes": [
    {
      "label": "cat",
      "points": [
        [
          280.24,
          92.94
        ],
        [
          282.67,
          102.66
        ],
        [
          283.48,
          112.38
        ],
        [
          289.96,
          122.1
        ],
        [
          296.44,
          131.01
        ],
        [
          296.44,
          132.63
        ],
        [
          296.44,
          144.78
        ],
        [
          296.44,
          157.73
        ],
        [
          294.82,
          159.35
        ],
        [
          296.44,
          162.59
        ],
        [
          311.83,
          175.55
        ],
        [
          311.83,
          177.98
        ],
        [
          332.07,
          206.33
        ],
        [
          332.07,
          216.05
        ],
        [
          328.02,
          234.68
        ],
        [
          315.06,
          279.23
        ],
        [
          311.83,
          284.89
        ],
        [
          303.73,
          319.72
        ],
        [
          307.78,
          335.92
        ],
        [
          308.59,
          343.21
        ],
        [
          311.02,
          353.74
        ],
        [
          311.02,
          364.27
        ],
        [
          311.02,
          365.08
        ],
        [
          294.82,
          367.51
        ],
        [
          289.96,
          360.22
        ],
        [
          285.91,
          356.17
        ],
        [
          280.24,
          356.98
        ],
        [
          278.62,
          357.79
        ],
        [
          271.33,
          365.89
        ],
        [
          268.09,
          368.32
        ],
        [
          257.56,
          369.13
        ],
        [
          173.33,
          365.08
        ],
        [
          168.47,
          369.13
        ],
        [
          150.65,
          371.56
        ],
        [
          57.51,
          369.94
        ],
        [
          57.51,
          356.98
        ],
        [
          60.75,
          348.88
        ],
        [
          71.27,
          337.54
        ],
        [
          136.07,
          262.22
        ],
        [
          149.03,
          251.69
        ],
        [
          178.19,
          213.62
        ],
        [
          178.19,
          211.19
        ],
        [
          192.76,
          186.89
        ],
        [
          193.57,
          178.79
        ],
        [
          196.81,
          161.78
        ],
        [
          196.81,
          159.35
        ],
        [
          195.19,
          153.69
        ],
        [
          186.29,
          152.88
        ],
        [
          185.48,
          135.06
        ],
        [
          185.48,
          126.15
        ],
        [
          186.29,
          109.95
        ],
        [
          195.19,
          100.23
        ],
        [
          201.67,
          89.7
        ],
        [
          208.96,
          82.41
        ],
        [
          219.49,
          69.45
        ],
        [
          222.73,
          68.64
        ],
        [
          205.72,
          55.68
        ],
        [
          209.77,
          51.63
        ],
        [
          234.88,
          47.58
        ],
        [
          251.89,
          47.58
        ],
        [
          266.47,
          49.2
        ],
        [
          273.76,
          48.39
        ],
        [
          289.96,
          70.26
        ],
        [
          290.77,
          74.31
        ]
      ],
      "shape_type": "polygon"
    }
  ],
  "imagePath": "403817.jpg",
  "imageHeight": 375,
  "imageWidth": 500
}