{
  "shapes": [
    {
      "label": "cat",
      "points": [
        [
          184.54,
          293.33
        ],
        [
          199.23,
          252.94
        ],
        [
          227.69,
          231.82
        ],
        [
          264.41,
          222.64
        ],
        [
          257.07,
          213.46
        ],
        [
          256.15,
          203.36
        ],
        [
          257.99,
          193.26
        ],
        [
          257.07,
          173.98
        ],
        [
          252.48,
          158.37
        ],
        [
          264.41,
          162.05
        ],
        [
          278.19,
          167.55
        ],
        [
          279.1,
          169.39
        ],
        [
          289.2,
          162.05
        ],
        [
          297.47,
          162.05
        ],
        [
          310.32,
          165.72
        ],
        [
          317.66,
          169.39
        ],
        [
          325.93,
          178.57
        ],
        [
          322.25,
          194.18
        ],
        [
          335.11,
          200.61
        ],
        [
          342.45,
          216.21
        ],
        [
          354.39,
          235.49
        ],
        [
          354.39,
          262.12
        ],
        [
          333.27,
          303.43
        ],
        [
          332.35,
          314.45
        ],
        [
          345.21,
          322.71
        ],
        [
          345.21,
          332.81
        ],
        [
          338.78,
          335.57
        ],
        [
          348.88,
          349.34
        ],
        [
          335.11,
          357.6
        ],
        [
          319.5,
          346.58
        ],
        [
          306.65,
          326.39
        ],
        [
          302.97,
          323.63
        ],
        [
          292.88,
          327.3
        ],
        [
          280.02,
          367.7
        ],
        [
          254.31,
          361.27
        ],
        [
          243.3,
          364.03
        ],
        [
          213.92,
          376.88
        ],
        [
          193.72,
          368.62
        ],
        [
          182.7,
          360.36
        ],
        [
          71.61,
          318.12
        ],
        [
          55.09,
          300.68
        ],
        [
          60.59,
          296.09
        ],
        [
          91.81,
          305.27
        ],
        [
          111.09,
          314.45
        ],
        [
          142.31,
          326.39
        ],
        [
          179.03,
          322.71
        ]
      ],
      "shape_type": "polygon"
    }
  ],
  "imagePath": "407960.jpg",
  "imageHeight": 426,
  "imageWidth": 640
}