{
  "shapes": [
    {
      "label": "cat",
      "points": [
        [
          500.0,
          200.0
        ],
        [
          471.77,
          157.26
        ],
        [
          437.1,
          131.45
        ],
        [
          384.68,
          126.61
        ],
        [
          332.26,
          130.65
        ],
        [
          314.52,
          124.19
        ],
        [
          316.13,
          120.16
        ],
        [
          287.9,
          115.32
        ],
        [
          271.77,
          104.84
        ],
        [
          254.03,
          98.39
        ],
        [
          223.39,
          105.65
        ],
        [
          194.35,
          100.0
        ],
        [
          196.77,
          120.97
        ],
        [
          199.19,
          131.45
        ],
        [
          192.74,
          152.42
        ],
        [
          192.74,
          167.74
        ],
        [
          201.61,
          186.29
        ],
        [
          201.61,
          201.61
        ],
        [
          210.48,
          211.29
        ],
        [
          219.35,
          225.0
        ],
        [
          223.39,
          236.29
        ],
        [
          250.0,
          241.13
        ],
        [
          263.71,
          258.06
        ],
        [
          286.29,
          264.52
        ],
        [
          318.55,
          278.23
        ],
        [
          335.48,
          278.23
        ],
        [
          367.74,
          292.74
        ],
        [
          413.71,
          298.39
        ],
        [
          437.1,
          316.94
        ],
        [
          461.29,
          287.1
        ],
        [
          499.19,
          251.61
        ]
      ],
      "shape_type": "polygon"
    }
  ],
  "imagePath": "443303.jpg",
  "imageHeight": 375,
  "imageWidth": 500
}