{
  "shapes": [
    {
      "label": "cat",
      "points": [
        [
          78.92,
          280.47
        ],
        [
          66.54,
          251.07
        ],
        [
          77.37,
          212.38
        ],
        [
          87.43,
          190.72
        ],
        [
          96.71,
          179.11
        ],
        [
          117.6,
          167.51
        ],
        [
          143.91,
          155.13
        ],
        [
          178.73,
          144.3
        ],
        [
          204.26,
          141.98
        ],
        [
          241.4,
          138.88
        ],
        [
          280.86,
          142.75
        ],
        [
          315.67,
          147.39
        ],
        [
          341.98,
          147.39
        ],
        [
          368.28,
          146.62
        ],
        [
          382.98,
          149.71
        ],
        [
          405.42,
          147.39
        ],
        [
          421.67,
          139.65
        ],
        [
          438.69,
          139.65
        ],
        [
          454.94,
          148.16
        ],
        [
          477.38,
          159.77
        ],
        [
          499.81,
          164.41
        ],
        [
          509.1,
          166.73
        ],
        [
          492.85,
          174.47
        ],
        [
          478.15,
          180.66
        ],
        [
          478.15,
          193.04
        ],
        [
          473.51,
          206.97
        ],
        [
          468.09,
          220.89
        ],
        [
          456.49,
          227.86
        ],
        [
          452.62,
          235.59
        ],
        [
          443.33,
          242.56
        ],
        [
          450.3,
          250.29
        ],
        [
          444.88,
          267.32
        ],
        [
          408.52,
          275.05
        ],
        [
          352.81,
          283.56
        ],
        [
          298.65,
          285.11
        ],
        [
          266.16,
          290.53
        ],
        [
          230.56,
          296.72
        ],
        [
          212.0,
          296.72
        ],
        [
          208.9,
          291.3
        ],
        [
          176.41,
          299.04
        ],
        [
          129.21,
          300.59
        ],
        [
          110.64,
          299.04
        ],
        [
          85.88,
          288.98
        ]
      ],
      "shape_type": "polygon"
    }
  ],
  "imagePath": "112798.jpg",
  "imageHeight": 359,
  "imageWidth": 640
}