{
  "shapes": [
    {
      "label": "cat",
      "points": [
        [
          277.05,
          140.83
        ],
        [
          310.18,
          103.09
        ],
        [
          340.56,
          78.24
        ],
        [
          370.93,
          81.0
        ],
        [
          401.31,
          114.13
        ],
        [
          426.16,
          131.62
        ],
        [
          459.29,
          152.79
        ],
        [
          481.38,
          172.12
        ],
        [
          493.35,
          191.45
        ],
        [
          480.46,
          203.42
        ],
        [
          466.66,
          192.37
        ],
        [
          444.57,
          177.64
        ],
        [
          422.48,
          161.08
        ],
        [
          402.23,
          148.19
        ],
        [
          386.58,
          189.61
        ],
        [
          369.09,
          215.38
        ],
        [
          360.81,
          262.32
        ],
        [
          358.05,
          300.98
        ],
        [
          358.97,
          335.04
        ],
        [
          352.52,
          370.01
        ],
        [
          347.92,
          388.42
        ],
        [
          335.04,
          397.63
        ],
        [
          316.63,
          394.86
        ],
        [
          314.79,
          379.22
        ],
        [
          308.34,
          349.76
        ],
        [
          289.02,
          346.08
        ],
        [
          283.49,
          358.05
        ],
        [
          282.57,
          387.5
        ],
        [
          269.69,
          415.11
        ],
        [
          251.28,
          416.95
        ],
        [
          240.23,
          393.94
        ],
        [
          237.47,
          368.17
        ],
        [
          239.31,
          335.04
        ],
        [
          230.11,
          298.22
        ],
        [
          222.74,
          272.45
        ],
        [
          218.14,
          239.31
        ],
        [
          211.7,
          194.21
        ],
        [
          250.36,
          162.0
        ]
      ],
      "shape_type": "polygon"
    }
  ],
  "imagePath": "554291.jpg",
  "imageHeight": 428,
  "imageWidth": 640
}