{
  "shapes": [
    {
      "label": "cat",
      "points": [
        [
          412.01,
          375.77
        ],
        [
          429.69,
          352.93
        ],
        [
          445.91,
          352.19
        ],
        [
          462.86,
          343.35
        ],
        [
          462.86,
          340.4
        ],
        [
          485.7,
          324.92
        ],
        [
          495.29,
          290.28
        ],
        [
          495.29,
          268.91
        ],
        [
          482.02,
          249.01
        ],
        [
          487.92,
          232.8
        ],
        [
          478.33,
          210.69
        ],
        [
          477.6,
          184.16
        ],
        [
          469.49,
          196.69
        ],
        [
          459.17,
          202.58
        ],
        [
          420.11,
          206.27
        ],
        [
          398.0,
          207.01
        ],
        [
          408.32,
          220.27
        ],
        [
          405.37,
          239.43
        ],
        [
          407.58,
          260.07
        ],
        [
          378.84,
          254.91
        ],
        [
          330.94,
          272.6
        ],
        [
          272.72,
          282.18
        ],
        [
          252.82,
          299.86
        ],
        [
          221.13,
          320.5
        ],
        [
          251.34,
          402.3
        ],
        [
          268.3,
          414.1
        ],
        [
          297.04,
          419.99
        ],
        [
          362.63,
          422.94
        ],
        [
          386.95,
          395.67
        ],
        [
          404.64,
          385.35
        ]
      ],
      "shape_type": "polygon"
    }
  ],
  "imagePath": "198641.jpg",
  "imageHeight": 479,
  "imageWidth": 640
}