{
  "shapes": [
    {
      "label": "cat",
      "points": [
        [
          45.42,
          430.8
        ],
        [
          45.42,
          421.16
        ],
        [
          59.18,
          408.77
        ],
        [
          83.96,
          417.03
        ],
        [
          86.71,
          439.05
        ],
        [
          82.58,
          450.06
        ],
        [
          89.46,
          488.6
        ],
        [
          220.22,
          502.37
        ],
        [
          228.47,
          484.47
        ],
        [
          218.84,
          465.2
        ],
        [
          196.82,
          462.45
        ],
        [
          184.43,
          450.06
        ],
        [
          211.96,
          372.99
        ],
        [
          240.86,
          360.6
        ],
        [
          240.86,
          324.82
        ],
        [
          228.47,
          315.18
        ],
        [
          231.23,
          290.41
        ],
        [
          242.24,
          257.38
        ],
        [
          224.34,
          250.49
        ],
        [
          198.19,
          276.65
        ],
        [
          177.55,
          275.27
        ],
        [
          155.53,
          246.37
        ],
        [
          144.52,
          265.63
        ],
        [
          147.27,
          291.78
        ],
        [
          139.01,
          317.94
        ],
        [
          140.39,
          328.95
        ],
        [
          123.87,
          348.22
        ],
        [
          101.85,
          364.73
        ],
        [
          88.09,
          393.63
        ],
        [
          55.05,
          384.0
        ],
        [
          31.66,
          403.27
        ],
        [
          23.4,
          412.9
        ],
        [
          22.02,
          422.54
        ],
        [
          22.02,
          422.54
        ]
      ],
      "shape_type": "polygon"
    }
  ],
  "imagePath": "290843.jpg",
  "imageHeight": 640,
  "imageWidth": 428
}