{
  "shapes": [
    {
      "label": "cat",
      "points": [
        [
          591.48,
          302.45
        ],
        [
          638.18,
          342.1
        ],
        [
          639.24,
          480.0
        ],
        [
          289.65,
          480.0
        ],
        [
          309.28,
          461.83
        ],
        [
          341.65,
          439.54
        ],
        [
          375.08,
          426.8
        ],
        [
          418.06,
          410.88
        ],
        [
          415.94,
          407.7
        ],
        [
          417.0,
          373.21
        ],
        [
          416.47,
          351.98
        ],
        [
          428.68,
          322.42
        ],
        [
          446.19,
          298.54
        ],
        [
          423.37,
          267.76
        ],
        [
          455.74,
          279.44
        ],
        [
          478.56,
          285.8
        ],
        [
          487.58,
          282.09
        ],
        [
          495.01,
          256.62
        ],
        [
          500.84,
          250.25
        ],
        [
          509.86,
          249.72
        ],
        [
          523.13,
          253.43
        ],
        [
          532.68,
          259.27
        ],
        [
          533.74,
          265.64
        ],
        [
          536.4,
          272.54
        ],
        [
          541.7,
          274.66
        ],
        [
          549.13,
          276.25
        ],
        [
          590.52,
          299.6
        ]
      ],
      "shape_type": "polygon"
    }
  ],
  "imagePath": "078420.jpg",
  "imageHeight": 480,
  "imageWidth": 640
}