{
  "shapes": [
    {
      "label": "cat",
      "points": [
        [
          282.57,
          191.68
        ],
        [
          283.49,
          213.77
        ],
        [
          288.09,
          228.5
        ],
        [
          300.06,
          243.22
        ],
        [
          306.5,
          242.3
        ],
        [
          306.5,
          257.95
        ],
        [
          314.79,
          269.0
        ],
        [
          323.07,
          291.09
        ],
        [
          340.56,
          297.53
        ],
        [
          351.6,
          303.05
        ],
        [
          352.52,
          288.32
        ],
        [
          367.25,
          283.72
        ],
        [
          402.23,
          293.85
        ],
        [
          411.43,
          311.34
        ],
        [
          411.43,
          319.62
        ],
        [
          410.51,
          327.9
        ],
        [
          422.48,
          322.38
        ],
        [
          428.0,
          319.62
        ],
        [
          430.76,
          298.45
        ],
        [
          426.16,
          287.4
        ],
        [
          439.97,
          301.21
        ],
        [
          439.97,
          319.62
        ],
        [
          436.28,
          326.06
        ],
        [
          453.77,
          326.06
        ],
        [
          463.9,
          304.89
        ],
        [
          462.98,
          241.38
        ],
        [
          446.41,
          213.77
        ],
        [
          405.91,
          198.12
        ],
        [
          353.45,
          207.33
        ],
        [
          349.76,
          212.85
        ],
        [
          326.75,
          199.96
        ],
        [
          320.31,
          185.24
        ],
        [
          320.31,
          187.08
        ],
        [
          315.71,
          187.08
        ],
        [
          313.87,
          194.44
        ],
        [
          291.78,
          193.52
        ]
      ],
      "shape_type": "polygon"
    }
  ],
  "imagePath": "458255.jpg",
  "imageHeight": 428,
  "imageWidth": 640
}