{
  "shapes": [
    {
      "label": "cat",
      "points": [
        [
          69.49,
          510.77
        ],
        [
          132.42,
          508.44
        ],
        [
          131.26,
          517.77
        ],
        [
          172.05,
          471.15
        ],
        [
          186.03,
          440.85
        ],
        [
          223.33,
          419.87
        ],
        [
          260.62,
          411.71
        ],
        [
          261.78,
          394.23
        ],
        [
          255.96,
          355.77
        ],
        [
          259.45,
          312.65
        ],
        [
          267.61,
          270.7
        ],
        [
          301.41,
          235.74
        ],
        [
          339.87,
          213.59
        ],
        [
          370.17,
          212.43
        ],
        [
          393.48,
          198.44
        ],
        [
          427.27,
          177.47
        ],
        [
          417.95,
          146.0
        ],
        [
          423.78,
          120.36
        ],
        [
          451.75,
          144.83
        ],
        [
          458.74,
          149.5
        ],
        [
          496.03,
          141.34
        ],
        [
          498.36,
          144.83
        ],
        [
          518.18,
          122.69
        ],
        [
          534.49,
          121.53
        ],
        [
          522.84,
          148.33
        ],
        [
          522.84,
          168.14
        ],
        [
          521.67,
          192.62
        ],
        [
          510.02,
          211.26
        ],
        [
          500.69,
          227.58
        ],
        [
          493.7,
          234.57
        ],
        [
          486.71,
          239.23
        ],
        [
          480.88,
          261.37
        ],
        [
          484.38,
          291.68
        ],
        [
          456.41,
          320.81
        ],
        [
          444.75,
          342.95
        ],
        [
          463.4,
          391.9
        ],
        [
          480.88,
          412.88
        ],
        [
          486.71,
          408.22
        ],
        [
          493.7,
          425.7
        ],
        [
          479.72,
          432.69
        ],
        [
          457.57,
          426.86
        ],
        [
          454.08,
          411.71
        ],
        [
          422.61,
          356.94
        ],
        [
          422.61,
          411.71
        ],
        [
          436.6,
          426.86
        ],
        [
          422.61,
          421.04
        ],
        [
          437.76,
          438.52
        ],
        [
          459.9,
          438.52
        ],
        [
          461.07,
          450.17
        ],
        [
          454.08,
          452.5
        ],
        [
          451.75,
          457.16
        ],
        [
          450.58,
          458.33
        ],
        [
          426.11,
          458.33
        ],
        [
          407.46,
          450.17
        ],
        [
          393.48,
          421.04
        ],
        [
          366.67,
          333.63
        ],
        [
          341.03,
          432.69
        ],
        [
          381.82,
          428.03
        ],
        [
          394.64,
          431.53
        ],
        [
          398.14,
          438.52
        ],
        [
          377.16,
          435.02
        ],
        [
          399.3,
          439.68
        ],
        [
          398.14,
          452.5
        ],
        [
          380.66,
          440.85
        ],
        [
          392.31,
          451.34
        ],
        [
          380.66,
          454.83
        ],
        [
          331.71,
          447.84
        ],
        [
          307.24,
          449.01
        ],
        [
          286.26,
          449.01
        ],
        [
          259.45,
          439.68
        ],
        [
          239.64,
          440.85
        ],
        [
          229.15,
          450.17
        ],
        [
          208.18,
          454.83
        ],
        [
          205.84,
          466.49
        ],
        [
          205.84,
          466.49
        ],
        [
          205.84,
          483.97
        ],
        [
          196.52,
          493.29
        ],
        [
          141.75,
          538.74
        ],
        [
          98.63,
          538.74
        ],
        [
          64.83,
          529.42
        ]
      ],
      "shape_type": "polygon"
    }
  ],
  "imagePath": "080666.jpg",
  "imageHeight": 640,
  "imageWidth": 640
}