{
  "shapes": [
    {
      "label": "cat",
      "points": [
        [
          130.06,
          429.1
        ],
        [
          168.26,
          409.49
        ],
        [
          250.84,
          400.2
        ],
        [
          310.71,
          385.75
        ],
        [
          305.55,
          357.88
        ],
        [
          317.94,
          293.88
        ],
        [
          322.06,
          264.97
        ],
        [
          334.45,
          248.46
        ],
        [
          353.03,
          225.75
        ],
        [
          366.45,
          222.65
        ],
        [
          374.71,
          217.49
        ],
        [
          376.77,
          215.43
        ],
        [
          374.71,
          171.04
        ],
        [
          364.39,
          148.33
        ],
        [
          340.65,
          107.04
        ],
        [
          336.52,
          91.56
        ],
        [
          356.13,
          116.33
        ],
        [
          384.0,
          130.78
        ],
        [
          426.32,
          126.65
        ],
        [
          450.06,
          115.3
        ],
        [
          458.32,
          98.78
        ],
        [
          460.39,
          112.2
        ],
        [
          460.39,
          127.68
        ],
        [
          460.39,
          136.97
        ],
        [
          460.39,
          143.17
        ],
        [
          456.26,
          179.3
        ],
        [
          450.06,
          186.52
        ],
        [
          465.55,
          214.39
        ],
        [
          469.68,
          228.85
        ],
        [
          437.68,
          343.43
        ],
        [
          423.23,
          368.2
        ],
        [
          393.29,
          406.39
        ],
        [
          364.39,
          407.43
        ],
        [
          336.52,
          409.49
        ],
        [
          359.23,
          415.68
        ],
        [
          373.68,
          426.01
        ],
        [
          374.71,
          435.3
        ],
        [
          365.42,
          426.01
        ],
        [
          358.19,
          445.62
        ],
        [
          355.1,
          431.17
        ],
        [
          348.9,
          439.43
        ],
        [
          337.55,
          435.3
        ],
        [
          324.13,
          427.04
        ],
        [
          305.55,
          426.01
        ],
        [
          300.39,
          417.75
        ],
        [
          290.06,
          416.72
        ],
        [
          221.94,
          424.97
        ],
        [
          172.39,
          429.1
        ],
        [
          138.32,
          445.62
        ],
        [
          128.0,
          432.2
        ],
        [
          130.06,
          428.07
        ],
        [
          139.35,
          418.78
        ]
      ],
      "shape_type": "polygon"
    }
  ],
  "imagePath": "109055.jpg",
  "imageHeight": 480,
  "imageWidth": 640
}