{
  "shapes": [
    {
      "label": "cat",
      "points": [
        [
          171.57,
          334.08
        ],
        [
          160.72,
          344.94
        ],
        [
          157.75,
          349.87
        ],
        [
          145.91,
          349.87
        ],
        [
          130.12,
          346.91
        ],
        [
          129.14,
          343.95
        ],
        [
          125.68,
          329.17
        ],
        [
          119.62,
          319.25
        ],
        [
          117.41,
          317.6
        ],
        [
          114.66,
          311.53
        ],
        [
          111.9,
          304.37
        ],
        [
          111.35,
          295.55
        ],
        [
          112.45,
          290.58
        ],
        [
          107.49,
          282.87
        ],
        [
          86.54,
          270.19
        ],
        [
          97.57,
          265.78
        ],
        [
          98.12,
          259.71
        ],
        [
          106.94,
          255.85
        ],
        [
          154.35,
          245.38
        ],
        [
          168.68,
          243.17
        ],
        [
          185.22,
          247.59
        ],
        [
          198.45,
          252.55
        ],
        [
          208.37,
          255.85
        ],
        [
          223.81,
          258.61
        ],
        [
          232.63,
          255.85
        ],
        [
          247.51,
          256.96
        ],
        [
          264.05,
          267.98
        ],
        [
          276.73,
          281.21
        ],
        [
          283.35,
          293.34
        ],
        [
          316.97,
          310.98
        ],
        [
          333.51,
          324.76
        ],
        [
          350.05,
          345.71
        ],
        [
          357.77,
          363.9
        ],
        [
          367.69,
          389.81
        ],
        [
          372.1,
          415.17
        ],
        [
          383.68,
          436.12
        ],
        [
          389.74,
          454.86
        ],
        [
          390.29,
          478.02
        ],
        [
          385.33,
          488.49
        ],
        [
          371.0,
          497.31
        ],
        [
          359.42,
          497.31
        ],
        [
          345.09,
          496.76
        ],
        [
          330.2,
          495.66
        ],
        [
          309.81,
          497.31
        ],
        [
          305.4,
          491.25
        ],
        [
          294.92,
          487.94
        ],
        [
          291.06,
          478.57
        ],
        [
          287.2,
          474.16
        ],
        [
          274.53,
          465.89
        ],
        [
          267.91,
          489.59
        ],
        [
          263.5,
          498.41
        ],
        [
          259.09,
          504.48
        ],
        [
          251.92,
          505.58
        ],
        [
          245.31,
          506.13
        ],
        [
          241.45,
          505.03
        ],
        [
          233.18,
          504.48
        ],
        [
          228.22,
          501.17
        ],
        [
          228.22,
          495.11
        ],
        [
          229.32,
          486.84
        ],
        [
          232.63,
          479.12
        ],
        [
          239.8,
          474.71
        ],
        [
          243.65,
          473.06
        ],
        [
          244.21,
          460.93
        ],
        [
          247.51,
          444.39
        ],
        [
          243.65,
          428.4
        ],
        [
          235.39,
          409.66
        ],
        [
          222.15,
          395.88
        ],
        [
          211.13,
          379.89
        ],
        [
          197.9,
          367.76
        ],
        [
          188.53,
          352.88
        ],
        [
          186.87,
          341.85
        ],
        [
          185.22,
          335.79
        ],
        [
          181.91,
          330.83
        ],
        [
          178.06,
          329.12
        ],
        [
          173.04,
          331.13
        ]
      ],
      "shape_type": "polygon"
    }
  ],
  "imagePath": "329319.jpg",
  "imageHeight": 640,
  "imageWidth": 428
}