{
  "shapes": [
    {
      "label": "cat",
      "points": [
        [
          0.0,
          363.64
        ],
        [
          17.45,
          351.7
        ],
        [
          37.65,
          351.7
        ],
        [
          77.14,
          344.35
        ],
        [
          115.7,
          345.27
        ],
        [
          160.7,
          346.19
        ],
        [
          174.47,
          344.35
        ],
        [
          184.57,
          328.74
        ],
        [
          185.49,
          308.54
        ],
        [
          190.08,
          269.97
        ],
        [
          208.45,
          245.18
        ],
        [
          227.73,
          218.55
        ],
        [
          246.1,
          202.94
        ],
        [
          271.81,
          179.98
        ],
        [
          315.89,
          169.88
        ],
        [
          349.86,
          173.55
        ],
        [
          390.27,
          189.17
        ],
        [
          406.8,
          206.61
        ],
        [
          420.57,
          202.94
        ],
        [
          424.25,
          195.59
        ],
        [
          422.41,
          181.82
        ],
        [
          418.74,
          163.45
        ],
        [
          418.74,
          148.76
        ],
        [
          432.51,
          147.84
        ],
        [
          449.04,
          165.29
        ],
        [
          475.67,
          170.8
        ],
        [
          500.46,
          173.55
        ],
        [
          516.07,
          163.45
        ],
        [
          540.87,
          157.94
        ],
        [
          544.54,
          168.05
        ],
        [
          539.95,
          189.17
        ],
        [
          531.68,
          211.2
        ],
        [
          532.6,
          235.08
        ],
        [
          548.21,
          272.73
        ],
        [
          547.29,
          292.93
        ],
        [
          529.85,
          295.69
        ],
        [
          523.42,
          294.77
        ],
        [
          513.32,
          284.67
        ],
        [
          505.97,
          270.89
        ],
        [
          475.67,
          317.72
        ],
        [
          474.75,
          333.34
        ],
        [
          434.35,
          349.86
        ],
        [
          457.3,
          359.97
        ],
        [
          457.3,
          381.09
        ],
        [
          398.53,
          384.76
        ],
        [
          387.51,
          370.98
        ],
        [
          372.82,
          348.03
        ],
        [
          365.48,
          353.54
        ],
        [
          369.15,
          361.8
        ],
        [
          363.64,
          372.82
        ],
        [
          343.44,
          386.6
        ],
        [
          278.24,
          383.84
        ],
        [
          219.47,
          388.43
        ],
        [
          192.84,
          384.76
        ],
        [
          141.42,
          382.0
        ],
        [
          70.71,
          382.0
        ],
        [
          28.47,
          386.6
        ],
        [
          0.0,
          395.78
        ]
      ],
      "shape_type": "polygon"
    }
  ],
  "imagePath": "255965.jpg",
  "imageHeight": 427,
  "imageWidth": 640
}