{
  "shapes": [
    {
      "label": "cat",
      "points": [
        [
          381.91,
          215.71
        ],
        [
          387.96,
          196.9
        ],
        [
          383.25,
          172.72
        ],
        [
          385.27,
          164.66
        ],
        [
          400.05,
          172.72
        ],
        [
          409.45,
          180.11
        ],
        [
          426.91,
          181.45
        ],
        [
          436.32,
          182.12
        ],
        [
          447.74,
          174.06
        ],
        [
          458.48,
          170.7
        ],
        [
          461.84,
          170.7
        ],
        [
          453.78,
          198.92
        ],
        [
          458.48,
          210.33
        ],
        [
          449.08,
          233.84
        ],
        [
          453.11,
          260.71
        ],
        [
          406.76,
          335.94
        ],
        [
          410.79,
          342.66
        ],
        [
          416.17,
          357.44
        ],
        [
          417.51,
          365.5
        ],
        [
          410.12,
          364.82
        ],
        [
          404.08,
          362.14
        ],
        [
          400.05,
          368.18
        ],
        [
          396.02,
          368.18
        ],
        [
          391.99,
          365.5
        ],
        [
          386.61,
          360.79
        ],
        [
          382.58,
          356.76
        ],
        [
          378.55,
          347.36
        ],
        [
          375.87,
          336.61
        ],
        [
          370.49,
          329.9
        ],
        [
          379.22,
          350.72
        ],
        [
          379.9,
          356.09
        ],
        [
          376.54,
          360.12
        ],
        [
          369.82,
          359.45
        ],
        [
          363.1,
          354.75
        ],
        [
          351.68,
          347.36
        ],
        [
          340.27,
          340.64
        ],
        [
          334.89,
          337.28
        ],
        [
          324.15,
          333.93
        ],
        [
          317.43,
          333.25
        ],
        [
          310.04,
          323.18
        ],
        [
          307.35,
          301.01
        ],
        [
          306.01,
          280.19
        ],
        [
          308.7,
          260.71
        ],
        [
          322.13,
          237.87
        ],
        [
          342.28,
          221.75
        ],
        [
          375.87,
          214.36
        ],
        [
          380.57,
          215.04
        ]
      ],
      "shape_type": "polygon"
    }
  ],
  "imagePath": "316015.jpg",
  "imageHeight": 400,
  "imageWidth": 500
}