{
  "shapes": [
    {
      "label": "cat",
      "points": [
        [
          323.7,
          160.79
        ],
        [
          332.54,
          179.82
        ],
        [
          350.89,
          192.74
        ],
        [
          361.76,
          196.81
        ],
        [
          369.92,
          182.54
        ],
        [
          389.62,
          173.71
        ],
        [
          407.97,
          161.47
        ],
        [
          423.61,
          156.72
        ],
        [
          442.63,
          157.4
        ],
        [
          467.78,
          166.91
        ],
        [
          486.13,
          176.42
        ],
        [
          496.32,
          183.22
        ],
        [
          511.96,
          165.55
        ],
        [
          522.83,
          162.83
        ],
        [
          526.91,
          170.99
        ],
        [
          516.03,
          203.61
        ],
        [
          516.03,
          215.16
        ],
        [
          521.47,
          229.43
        ],
        [
          520.11,
          251.86
        ],
        [
          520.11,
          260.02
        ],
        [
          531.66,
          270.21
        ],
        [
          554.09,
          282.44
        ],
        [
          546.62,
          296.72
        ],
        [
          524.87,
          286.52
        ],
        [
          519.43,
          306.23
        ],
        [
          505.16,
          321.86
        ],
        [
          492.93,
          330.02
        ],
        [
          495.64,
          343.61
        ],
        [
          499.72,
          355.84
        ],
        [
          491.57,
          361.28
        ],
        [
          481.37,
          365.36
        ],
        [
          467.1,
          357.88
        ],
        [
          461.66,
          355.16
        ],
        [
          458.27,
          341.57
        ],
        [
          448.07,
          341.57
        ],
        [
          437.88,
          340.89
        ],
        [
          426.32,
          334.1
        ],
        [
          421.57,
          340.89
        ],
        [
          399.82,
          341.57
        ],
        [
          392.34,
          341.57
        ],
        [
          371.95,
          330.02
        ],
        [
          357.0,
          307.59
        ],
        [
          353.6,
          275.65
        ],
        [
          359.04,
          260.02
        ],
        [
          353.6,
          244.39
        ],
        [
          349.53,
          226.72
        ],
        [
          349.53,
          215.84
        ],
        [
          352.25,
          209.05
        ],
        [
          332.54,
          198.85
        ],
        [
          320.3,
          185.26
        ],
        [
          316.23,
          170.99
        ],
        [
          318.94,
          154.68
        ]
      ],
      "shape_type": "polygon"
    }
  ],
  "imagePath": "491757.jpg",
  "imageHeight": 479,
  "imageWidth": 640
}