{
  "shapes": [
    {
      "label": "cat",
      "points": [
        [
          95.96,
          276.21
        ],
        [
          68.75,
          298.41
        ],
        [
          53.71,
          303.42
        ],
        [
          45.12,
          296.26
        ],
        [
          45.83,
          285.52
        ],
        [
          55.86,
          277.64
        ],
        [
          63.02,
          273.34
        ],
        [
          73.76,
          254.01
        ],
        [
          60.15,
          254.72
        ],
        [
          46.55,
          240.4
        ],
        [
          44.4,
          227.51
        ],
        [
          31.51,
          190.27
        ],
        [
          35.81,
          151.6
        ],
        [
          51.56,
          126.54
        ],
        [
          27.21,
          117.94
        ],
        [
          22.92,
          104.34
        ],
        [
          50.85,
          80.7
        ],
        [
          93.81,
          68.53
        ],
        [
          115.3,
          37.74
        ],
        [
          132.48,
          19.12
        ],
        [
          146.81,
          9.81
        ],
        [
          202.66,
          16.97
        ],
        [
          234.89,
          34.16
        ],
        [
          247.78,
          29.14
        ],
        [
          275.71,
          34.87
        ],
        [
          284.3,
          43.47
        ],
        [
          269.98,
          62.08
        ],
        [
          246.35,
          56.36
        ],
        [
          252.79,
          68.53
        ],
        [
          258.52,
          84.28
        ],
        [
          253.51,
          93.59
        ],
        [
          272.85,
          105.77
        ],
        [
          238.47,
          138.71
        ],
        [
          255.66,
          145.16
        ],
        [
          265.68,
          162.34
        ],
        [
          253.51,
          188.84
        ],
        [
          243.48,
          203.16
        ],
        [
          237.04,
          268.33
        ],
        [
          254.23,
          297.69
        ],
        [
          252.08,
          307.0
        ],
        [
          234.17,
          311.3
        ],
        [
          227.73,
          311.3
        ],
        [
          222.0,
          305.57
        ],
        [
          206.25,
          267.61
        ],
        [
          201.95,
          248.99
        ],
        [
          152.54,
          255.44
        ],
        [
          146.09,
          317.74
        ],
        [
          140.36,
          326.34
        ],
        [
          96.68,
          327.77
        ],
        [
          97.39,
          282.65
        ]
      ],
      "shape_type": "polygon"
    }
  ],
  "imagePath": "545826.jpg",
  "imageHeight": 333,
  "imageWidth": 500
}