{
  "shapes": [
    {
      "label": "cat",
      "points": [
        [
          100.65,
          213.49
        ],
        [
          101.73,
          207.53
        ],
        [
          111.77,
          204.27
        ],
        [
          122.89,
          207.8
        ],
        [
          129.68,
          205.36
        ],
        [
          141.61,
          200.74
        ],
        [
          168.2,
          197.76
        ],
        [
          182.03,
          195.59
        ],
        [
          195.32,
          194.51
        ],
        [
          207.8,
          190.44
        ],
        [
          217.02,
          183.93
        ],
        [
          232.76,
          167.11
        ],
        [
          236.56,
          165.21
        ],
        [
          242.79,
          162.22
        ],
        [
          241.17,
          158.16
        ],
        [
          236.83,
          156.26
        ],
        [
          235.74,
          149.48
        ],
        [
          235.47,
          143.51
        ],
        [
          237.64,
          125.6
        ],
        [
          240.08,
          113.4
        ],
        [
          244.69,
          108.24
        ],
        [
          250.93,
          102.55
        ],
        [
          254.46,
          100.65
        ],
        [
          255.0,
          88.71
        ],
        [
          256.36,
          59.68
        ],
        [
          276.16,
          81.39
        ],
        [
          305.73,
          102.55
        ],
        [
          310.61,
          101.46
        ],
        [
          316.85,
          97.39
        ],
        [
          321.19,
          96.31
        ],
        [
          326.35,
          104.99
        ],
        [
          327.97,
          134.01
        ],
        [
          329.87,
          144.86
        ],
        [
          326.62,
          162.22
        ],
        [
          332.31,
          177.69
        ],
        [
          338.01,
          204.81
        ],
        [
          349.67,
          220.01
        ],
        [
          356.19,
          260.42
        ],
        [
          362.42,
          306.0
        ],
        [
          363.51,
          354.01
        ],
        [
          367.58,
          398.5
        ],
        [
          370.02,
          448.41
        ],
        [
          365.68,
          486.39
        ],
        [
          353.74,
          503.21
        ],
        [
          339.64,
          531.42
        ],
        [
          321.19,
          564.25
        ],
        [
          310.34,
          598.97
        ],
        [
          297.86,
          612.8
        ],
        [
          294.06,
          620.94
        ],
        [
          282.94,
          626.91
        ],
        [
          278.06,
          624.47
        ],
        [
          275.08,
          607.38
        ],
        [
          272.36,
          598.15
        ],
        [
          268.57,
          585.4
        ],
        [
          265.58,
          568.31
        ],
        [
          264.23,
          559.63
        ],
        [
          269.38,
          528.98
        ],
        [
          276.97,
          515.69
        ],
        [
          293.79,
          495.07
        ],
        [
          302.2,
          481.78
        ],
        [
          316.04,
          443.53
        ],
        [
          297.32,
          453.84
        ],
        [
          282.94,
          470.12
        ],
        [
          266.94,
          482.05
        ],
        [
          237.1,
          508.09
        ],
        [
          219.19,
          513.25
        ],
        [
          210.79,
          515.15
        ],
        [
          207.53,
          516.23
        ],
        [
          204.27,
          512.16
        ],
        [
          199.93,
          505.65
        ],
        [
          195.87,
          501.85
        ],
        [
          190.44,
          501.85
        ],
        [
          186.1,
          498.6
        ],
        [
          180.13,
          491.55
        ],
        [
          174.16,
          485.31
        ],
        [
          182.57,
          484.76
        ],
        [
          190.17,
          481.78
        ],
        [
          196.14,
          476.9
        ],
        [
          192.07,
          461.43
        ],
        [
          186.91,
          448.41
        ],
        [
          185.83,
          437.29
        ],
        [
          184.2,
          428.88
        ],
        [
          183.12,
          405.28
        ],
        [
          183.93,
          379.78
        ],
        [
          186.91,
          373.81
        ],
        [
          179.59,
          369.47
        ],
        [
          171.99,
          357.27
        ],
        [
          169.28,
          344.52
        ],
        [
          171.45,
          339.63
        ],
        [
          177.42,
          326.07
        ],
        [
          177.42,
          311.97
        ],
        [
          182.3,
          280.23
        ],
        [
          189.35,
          246.32
        ],
        [
          190.17,
          239.81
        ],
        [
          189.35,
          235.74
        ],
        [
          180.4,
          231.94
        ],
        [
          167.11,
          225.7
        ],
        [
          139.71,
          222.45
        ],
        [
          133.47,
          226.24
        ],
        [
          129.4,
          226.79
        ],
        [
          126.42,
          226.24
        ],
        [
          117.2,
          226.24
        ],
        [
          109.33,
          224.89
        ],
        [
          103.91,
          221.09
        ]
      ],
      "shape_type": "polygon"
    }
  ],
  "imagePath": "261706.jpg",
  "imageHeight": 640,
  "imageWidth": 480
}