{
  "shapes": [
    {
      "label": "cat",
      "points": [
        [
          556.39,
          86.71
        ],
        [
          556.39,
          86.71
        ],
        [
          556.39,
          86.71
        ],
        [
          534.71,
          94.97
        ],
        [
          525.42,
          101.16
        ],
        [
          490.32,
          119.74
        ],
        [
          458.32,
          149.68
        ],
        [
          434.58,
          176.52
        ],
        [
          417.03,
          193.03
        ],
        [
          399.48,
          208.52
        ],
        [
          385.03,
          220.9
        ],
        [
          369.55,
          218.84
        ],
        [
          369.55,
          219.87
        ],
        [
          364.39,
          219.87
        ],
        [
          359.23,
          219.87
        ],
        [
          359.23,
          224.0
        ],
        [
          359.23,
          225.03
        ],
        [
          328.26,
          240.52
        ],
        [
          328.26,
          240.52
        ],
        [
          329.29,
          247.74
        ],
        [
          333.42,
          254.97
        ],
        [
          338.58,
          259.1
        ],
        [
          341.68,
          266.32
        ],
        [
          333.42,
          279.74
        ],
        [
          328.26,
          295.23
        ],
        [
          330.32,
          300.39
        ],
        [
          331.35,
          308.65
        ],
        [
          331.35,
          320.0
        ],
        [
          330.32,
          331.35
        ],
        [
          325.16,
          346.84
        ],
        [
          332.39,
          345.81
        ],
        [
          333.42,
          346.84
        ],
        [
          342.71,
          349.94
        ],
        [
          365.42,
          359.23
        ],
        [
          401.55,
          371.61
        ],
        [
          410.84,
          367.48
        ],
        [
          414.97,
          388.13
        ],
        [
          431.48,
          393.29
        ],
        [
          443.87,
          388.13
        ],
        [
          460.39,
          368.52
        ],
        [
          470.71,
          345.81
        ],
        [
          480.0,
          330.32
        ],
        [
          501.68,
          325.16
        ],
        [
          518.19,
          320.0
        ],
        [
          527.48,
          314.84
        ],
        [
          540.9,
          314.84
        ],
        [
          553.29,
          315.87
        ],
        [
          559.48,
          317.94
        ],
        [
          558.45,
          324.13
        ],
        [
          560.52,
          328.26
        ],
        [
          560.52,
          335.48
        ],
        [
          561.55,
          353.03
        ],
        [
          581.16,
          350.97
        ],
        [
          591.48,
          346.84
        ],
        [
          603.87,
          343.74
        ],
        [
          612.13,
          336.52
        ],
        [
          619.35,
          354.06
        ],
        [
          619.35,
          352.0
        ],
        [
          640.0,
          358.19
        ],
        [
          640.0,
          333.42
        ],
        [
          640.0,
          315.87
        ],
        [
          640.0,
          290.06
        ],
        [
          640.0,
          282.84
        ],
        [
          640.0,
          260.13
        ],
        [
          640.0,
          211.61
        ],
        [
          640.0,
          178.58
        ],
        [
          640.0,
          178.58
        ],
        [
          640.0,
          155.87
        ],
        [
          640.0,
          137.29
        ],
        [
          640.0,
          113.55
        ],
        [
          640.0,
          113.55
        ],
        [
          640.0,
          112.52
        ],
        [
          640.0,
          92.9
        ],
        [
          640.0,
          78.45
        ],
        [
          640.0,
          71.23
        ],
        [
          640.0,
          71.23
        ],
        [
          634.84,
          72.26
        ],
        [
          634.84,
          72.26
        ],
        [
          624.52,
          74.32
        ],
        [
          622.45,
          74.32
        ],
        [
          611.1,
          74.32
        ],
        [
          610.06,
          74.32
        ],
        [
          610.06,
          74.32
        ],
        [
          601.81,
          76.39
        ],
        [
          594.58,
          78.45
        ],
        [
          595.61,
          80.52
        ],
        [
          583.23,
          81.55
        ],
        [
          583.23,
          81.55
        ],
        [
          560.52,
          83.61
        ],
        [
          556.39,
          85.68
        ],
        [
          551.23,
          86.71
        ]
      ],
      "shape_type": "polygon"
    }
  ],
  "imagePath": "047121.jpg",
  "imageHeight": 480,
  "imageWidth": 640
}