{
  "shapes": [
    {
      "label": "cat",
      "points": [
        [
          214.06,
          454.57
        ],
        [
          219.03,
          479.39
        ],
        [
          255.75,
          480.0
        ],
        [
          256.74,
          464.5
        ],
        [
          258.73,
          402.96
        ],
        [
          254.76,
          345.39
        ],
        [
          288.51,
          349.36
        ],
        [
          330.19,
          326.39
        ],
        [
          350.05,
          326.39
        ],
        [
          352.03,
          322.42
        ],
        [
          407.61,
          319.44
        ],
        [
          458.23,
          306.54
        ],
        [
          471.14,
          292.64
        ],
        [
          450.29,
          275.77
        ],
        [
          471.14,
          270.81
        ],
        [
          490.99,
          257.9
        ],
        [
          494.96,
          235.08
        ],
        [
          487.02,
          225.15
        ],
        [
          492.97,
          199.34
        ],
        [
          472.13,
          202.32
        ],
        [
          448.31,
          192.39
        ],
        [
          431.44,
          190.41
        ],
        [
          416.55,
          185.45
        ],
        [
          409.6,
          196.37
        ],
        [
          397.69,
          203.31
        ],
        [
          362.95,
          195.37
        ],
        [
          310.34,
          186.44
        ],
        [
          284.54,
          192.39
        ],
        [
          263.69,
          176.51
        ],
        [
          263.69,
          185.45
        ],
        [
          248.8,
          181.48
        ],
        [
          253.77,
          190.41
        ],
        [
          235.9,
          194.38
        ],
        [
          243.84,
          200.34
        ],
        [
          225.98,
          202.32
        ],
        [
          226.97,
          211.25
        ],
        [
          215.06,
          217.21
        ],
        [
          217.04,
          229.12
        ],
        [
          213.07,
          239.05
        ],
        [
          211.09,
          248.97
        ],
        [
          210.09,
          259.89
        ],
        [
          203.15,
          268.82
        ],
        [
          194.21,
          283.71
        ],
        [
          194.21,
          306.54
        ],
        [
          198.18,
          334.33
        ],
        [
          201.16,
          347.23
        ],
        [
          209.1,
          395.87
        ],
        [
          210.09,
          408.77
        ],
        [
          217.04,
          430.61
        ],
        [
          215.06,
          455.42
        ]
      ],
      "shape_type": "polygon"
    }
  ],
  "imagePath": "245764.jpg",
  "imageHeight": 480,
  "imageWidth": 640
}