{
  "shapes": [
    {
      "label": "cat",
      "points": [
        [
          345.16,
          146.77
        ],
        [
          356.45,
          131.45
        ],
        [
          369.35,
          98.39
        ],
        [
          379.84,
          79.03
        ],
        [
          409.68,
          59.68
        ],
        [
          412.1,
          53.23
        ],
        [
          389.52,
          3.23
        ],
        [
          445.97,
          29.03
        ],
        [
          500.0,
          62.9
        ],
        [
          500.0,
          93.55
        ],
        [
          500.0,
          245.97
        ],
        [
          492.74,
          250.81
        ],
        [
          486.29,
          244.35
        ],
        [
          481.45,
          227.42
        ],
        [
          436.29,
          200.0
        ],
        [
          384.68,
          191.13
        ],
        [
          377.42,
          190.32
        ],
        [
          354.03,
          175.81
        ]
      ],
      "shape_type": "polygon"
    }
  ],
  "imagePath": "115885.jpg",
  "imageHeight": 375,
  "imageWidth": 500
}