{
  "shapes": [
    {
      "label": "cat",
      "points": [
        [
          422.38,
          178.56
        ],
        [
          403.0,
          207.63
        ],
        [
          390.88,
          225.4
        ],
        [
          373.11,
          224.59
        ],
        [
          379.57,
          209.25
        ],
        [
          368.27,
          211.67
        ],
        [
          367.46,
          197.94
        ],
        [
          388.46,
          188.25
        ],
        [
          350.5,
          189.87
        ],
        [
          340.81,
          239.94
        ],
        [
          323.85,
          239.94
        ],
        [
          327.08,
          206.83
        ],
        [
          314.97,
          243.98
        ],
        [
          296.39,
          241.55
        ],
        [
          294.78,
          234.28
        ],
        [
          307.7,
          222.17
        ],
        [
          297.2,
          191.48
        ],
        [
          282.66,
          174.52
        ],
        [
          258.43,
          172.91
        ],
        [
          245.51,
          164.83
        ],
        [
          247.94,
          133.33
        ],
        [
          250.36,
          108.3
        ],
        [
          258.43,
          110.72
        ],
        [
          267.32,
          126.87
        ],
        [
          276.2,
          127.68
        ],
        [
          285.09,
          113.95
        ],
        [
          294.78,
          121.22
        ],
        [
          344.04,
          116.37
        ],
        [
          385.23,
          108.3
        ],
        [
          419.96,
          114.76
        ],
        [
          440.15,
          142.22
        ],
        [
          442.57,
          164.02
        ],
        [
          456.3,
          172.1
        ],
        [
          464.37,
          162.41
        ],
        [
          471.64,
          173.71
        ],
        [
          453.07,
          191.48
        ]
      ],
      "shape_type": "polygon"
    }
  ],
  "imagePath": "010363.jpg",
  "imageHeight": 361,
  "imageWidth": 640
}