{
  "shapes": [
    {
      "label": "cat",
      "points": [
        [
          275.28,
          386.52
        ],
        [
          306.74,
          361.8
        ],
        [
          300.0,
          346.07
        ],
        [
          295.51,
          316.85
        ],
        [
          304.49,
          275.28
        ],
        [
          298.88,
          231.46
        ],
        [
          286.52,
          201.12
        ],
        [
          270.79,
          179.78
        ],
        [
          247.19,
          164.04
        ],
        [
          241.57,
          142.7
        ],
        [
          246.07,
          119.1
        ],
        [
          240.45,
          105.62
        ],
        [
          220.22,
          107.87
        ],
        [
          200.0,
          113.48
        ],
        [
          177.53,
          113.48
        ],
        [
          157.3,
          119.1
        ],
        [
          137.08,
          112.36
        ],
        [
          117.98,
          117.98
        ],
        [
          124.72,
          135.96
        ],
        [
          115.73,
          162.92
        ],
        [
          111.24,
          196.63
        ],
        [
          105.62,
          213.48
        ],
        [
          108.99,
          247.19
        ],
        [
          119.1,
          268.54
        ],
        [
          119.1,
          298.88
        ],
        [
          119.1,
          316.85
        ],
        [
          123.6,
          338.2
        ],
        [
          130.34,
          352.81
        ],
        [
          150.56,
          368.54
        ],
        [
          176.4,
          379.78
        ],
        [
          219.1,
          391.01
        ],
        [
          247.19,
          392.13
        ],
        [
          279.78,
          380.9
        ],
        [
          301.12,
          365.17
        ]
      ],
      "shape_type": "polygon"
    }
  ],
  "imagePath": "213445.jpg",
  "imageHeight": 500,
  "imageWidth": 408
}