{
  "shapes": [
    {
      "label": "cat",
      "points": [
        [
          2.76,
          140.34
        ],
        [
          40.49,
          143.1
        ],
        [
          94.79,
          169.79
        ],
        [
          138.04,
          193.71
        ],
        [
          173.93,
          203.84
        ],
        [
          208.9,
          176.23
        ],
        [
          215.34,
          152.3
        ],
        [
          213.5,
          123.77
        ],
        [
          220.86,
          96.17
        ],
        [
          249.39,
          150.46
        ],
        [
          314.73,
          178.99
        ],
        [
          332.21,
          188.19
        ],
        [
          384.67,
          178.07
        ],
        [
          357.06,
          202.0
        ],
        [
          351.54,
          226.84
        ],
        [
          335.89,
          271.02
        ],
        [
          283.44,
          299.54
        ],
        [
          237.43,
          346.48
        ],
        [
          177.61,
          395.25
        ],
        [
          174.85,
          409.05
        ],
        [
          10.12,
          415.5
        ]
      ],
      "shape_type": "polygon"
    }
  ],
  "imagePath": "525247.jpg",
  "imageHeight": 427,
  "imageWidth": 640
}