{
  "shapes": [
    {
      "label": "cat",
      "points": [
        [
          184.4,
          384.84
        ],
        [
          141.64,
          326.04
        ],
        [
          179.06,
          336.73
        ],
        [
          232.51,
          339.41
        ],
        [
          283.28,
          328.72
        ],
        [
          318.03,
          310.01
        ],
        [
          342.08,
          264.58
        ],
        [
          344.75,
          307.34
        ],
        [
          350.1,
          347.42
        ],
        [
          382.17,
          392.86
        ],
        [
          390.18,
          400.87
        ],
        [
          411.56,
          376.82
        ],
        [
          451.65,
          363.46
        ],
        [
          502.43,
          352.77
        ],
        [
          561.22,
          352.77
        ],
        [
          587.95,
          366.13
        ],
        [
          545.19,
          371.48
        ],
        [
          494.41,
          403.55
        ],
        [
          470.36,
          422.25
        ],
        [
          478.38,
          473.03
        ],
        [
          494.41,
          510.45
        ],
        [
          483.72,
          526.48
        ],
        [
          448.98,
          507.77
        ],
        [
          424.93,
          486.39
        ],
        [
          392.86,
          502.43
        ],
        [
          334.06,
          518.46
        ],
        [
          301.99,
          531.83
        ],
        [
          272.59,
          499.76
        ],
        [
          248.54,
          473.03
        ],
        [
          224.49,
          454.32
        ],
        [
          203.11,
          435.62
        ],
        [
          189.75,
          422.25
        ],
        [
          189.75,
          403.55
        ],
        [
          184.4,
          382.17
        ]
      ],
      "shape_type": "polygon"
    }
  ],
  "imagePath": "202445.jpg",
  "imageHeight": 612,
  "imageWidth": 612
}