{
  "shapes": [
    {
      "label": "cat",
      "points": [
        [
          49.33,
          361.25
        ],
        [
          39.78,
          323.85
        ],
        [
          41.38,
          296.8
        ],
        [
          50.92,
          280.09
        ],
        [
          51.72,
          239.51
        ],
        [
          56.49,
          222.8
        ],
        [
          71.61,
          255.42
        ],
        [
          105.03,
          246.67
        ],
        [
          120.15,
          240.3
        ],
        [
          158.34,
          253.03
        ],
        [
          177.44,
          245.08
        ],
        [
          188.58,
          236.32
        ],
        [
          205.29,
          253.83
        ],
        [
          205.29,
          268.15
        ],
        [
          219.61,
          262.58
        ],
        [
          254.62,
          254.62
        ],
        [
          283.27,
          259.4
        ],
        [
          323.05,
          270.54
        ],
        [
          376.37,
          297.59
        ],
        [
          424.9,
          318.28
        ],
        [
          483.78,
          364.43
        ],
        [
          451.16,
          370.0
        ],
        [
          405.01,
          368.41
        ],
        [
          377.16,
          367.61
        ],
        [
          315.89,
          348.52
        ],
        [
          285.66,
          338.17
        ],
        [
          299.98,
          368.41
        ],
        [
          227.57,
          369.2
        ],
        [
          93.89,
          370.0
        ],
        [
          50.92,
          370.0
        ],
        [
          47.74,
          359.66
        ]
      ],
      "shape_type": "polygon"
    }
  ],
  "imagePath": "223747.jpg",
  "imageHeight": 370,
  "imageWidth": 500
}