{
  "shapes": [
    {
      "label": "cat",
      "points": [
        [
          240.22,
          215.89
        ],
        [
          237.17,
          186.37
        ],
        [
          236.15,
          173.14
        ],
        [
          238.19,
          171.11
        ],
        [
          287.05,
          169.07
        ],
        [
          335.91,
          144.64
        ],
        [
          372.55,
          131.41
        ],
        [
          420.39,
          118.17
        ],
        [
          457.04,
          114.1
        ],
        [
          483.5,
          82.55
        ],
        [
          507.93,
          45.9
        ],
        [
          520.15,
          12.31
        ],
        [
          519.13,
          4.17
        ],
        [
          539.49,
          4.17
        ],
        [
          541.52,
          41.83
        ],
        [
          517.09,
          79.49
        ],
        [
          499.79,
          123.26
        ],
        [
          498.77,
          162.96
        ],
        [
          502.84,
          207.75
        ],
        [
          485.54,
          235.23
        ],
        [
          484.52,
          277.98
        ],
        [
          476.38,
          293.25
        ],
        [
          457.04,
          296.31
        ],
        [
          451.95,
          267.81
        ],
        [
          429.55,
          245.41
        ],
        [
          417.34,
          262.72
        ],
        [
          387.82,
          242.36
        ],
        [
          356.26,
          247.45
        ],
        [
          335.91,
          264.75
        ],
        [
          346.09,
          288.16
        ],
        [
          326.74,
          292.23
        ],
        [
          320.64,
          279.0
        ],
        [
          320.64,
          258.64
        ],
        [
          305.37,
          269.84
        ],
        [
          283.99,
          280.02
        ],
        [
          270.76,
          280.02
        ],
        [
          272.8,
          267.81
        ],
        [
          283.99,
          247.45
        ],
        [
          285.01,
          227.09
        ],
        [
          276.87,
          222.0
        ],
        [
          251.42,
          222.0
        ],
        [
          243.28,
          227.09
        ]
      ],
      "shape_type": "polygon"
    }
  ],
  "imagePath": "540928.jpg",
  "imageHeight": 455,
  "imageWidth": 640
}