{
  "shapes": [
    {
      "label": "cat",
      "points": [
        [
          101.01,
          307.34
        ],
        [
          44.08,
          313.77
        ],
        [
          34.89,
          290.81
        ],
        [
          41.32,
          276.12
        ],
        [
          42.24,
          231.13
        ],
        [
          55.1,
          207.25
        ],
        [
          60.61,
          187.97
        ],
        [
          73.46,
          170.52
        ],
        [
          98.26,
          143.89
        ],
        [
          106.52,
          138.38
        ],
        [
          113.87,
          138.38
        ],
        [
          137.74,
          153.99
        ],
        [
          139.58,
          172.36
        ],
        [
          147.84,
          158.58
        ],
        [
          186.41,
          163.17
        ],
        [
          213.96,
          180.62
        ],
        [
          216.71,
          153.99
        ],
        [
          209.37,
          152.15
        ],
        [
          208.45,
          133.79
        ],
        [
          203.86,
          89.71
        ],
        [
          215.8,
          81.45
        ],
        [
          251.61,
          110.83
        ],
        [
          267.22,
          132.87
        ],
        [
          293.85,
          129.2
        ],
        [
          324.15,
          131.95
        ],
        [
          319.56,
          142.05
        ],
        [
          344.35,
          117.26
        ],
        [
          363.64,
          97.98
        ],
        [
          377.41,
          94.3
        ],
        [
          380.17,
          94.3
        ],
        [
          382.92,
          98.89
        ],
        [
          378.33,
          133.79
        ],
        [
          370.07,
          152.15
        ],
        [
          362.72,
          193.48
        ],
        [
          346.19,
          237.55
        ],
        [
          333.34,
          280.71
        ],
        [
          400.37,
          282.55
        ],
        [
          558.31,
          299.08
        ],
        [
          587.7,
          308.26
        ],
        [
          595.05,
          329.38
        ],
        [
          591.37,
          341.32
        ],
        [
          578.52,
          313.77
        ],
        [
          584.94,
          346.83
        ],
        [
          572.09,
          337.65
        ],
        [
          561.99,
          319.28
        ],
        [
          564.74,
          350.5
        ],
        [
          557.4,
          327.55
        ],
        [
          544.54,
          341.32
        ],
        [
          515.15,
          345.91
        ],
        [
          239.67,
          322.95
        ],
        [
          174.47,
          310.1
        ],
        [
          134.07,
          300.92
        ],
        [
          123.05,
          287.14
        ],
        [
          123.97,
          299.08
        ],
        [
          112.95,
          290.81
        ],
        [
          104.68,
          308.26
        ],
        [
          87.24,
          310.1
        ]
      ],
      "shape_type": "polygon"
    }
  ],
  "imagePath": "155291.jpg",
  "imageHeight": 427,
  "imageWidth": 640
}