{
  "shapes": [
    {
      "label": "cat",
      "points": [
        [
          49.69,
          195.59
        ],
        [
          57.33,
          187.1
        ],
        [
          65.81,
          186.25
        ],
        [
          71.76,
          180.31
        ],
        [
          80.25,
          176.91
        ],
        [
          94.68,
          176.07
        ],
        [
          104.02,
          171.82
        ],
        [
          122.69,
          168.43
        ],
        [
          133.73,
          159.94
        ],
        [
          143.91,
          151.45
        ],
        [
          151.55,
          141.26
        ],
        [
          159.19,
          128.53
        ],
        [
          159.19,
          119.19
        ],
        [
          157.5,
          113.25
        ],
        [
          154.95,
          109.0
        ],
        [
          154.95,
          102.21
        ],
        [
          154.95,
          94.57
        ],
        [
          154.95,
          90.33
        ],
        [
          158.35,
          87.78
        ],
        [
          163.44,
          86.08
        ],
        [
          171.08,
          87.78
        ],
        [
          178.72,
          90.33
        ],
        [
          183.81,
          92.87
        ],
        [
          193.15,
          95.42
        ],
        [
          204.19,
          95.42
        ],
        [
          216.07,
          96.27
        ],
        [
          227.11,
          96.27
        ],
        [
          233.05,
          94.57
        ],
        [
          240.69,
          90.33
        ],
        [
          247.48,
          85.23
        ],
        [
          259.37,
          83.53
        ],
        [
          260.21,
          89.48
        ],
        [
          260.21,
          95.42
        ],
        [
          255.97,
          102.21
        ],
        [
          255.12,
          104.76
        ],
        [
          252.57,
          112.4
        ],
        [
          252.57,
          120.89
        ],
        [
          252.57,
          125.13
        ],
        [
          252.57,
          129.38
        ],
        [
          255.12,
          139.56
        ],
        [
          255.12,
          142.96
        ],
        [
          254.27,
          152.3
        ],
        [
          252.57,
          159.09
        ],
        [
          245.78,
          167.58
        ],
        [
          244.09,
          171.82
        ],
        [
          241.54,
          176.07
        ],
        [
          238.14,
          182.86
        ],
        [
          237.29,
          187.95
        ],
        [
          237.29,
          193.04
        ],
        [
          236.44,
          199.83
        ],
        [
          233.05,
          207.47
        ],
        [
          233.05,
          210.02
        ],
        [
          232.2,
          215.96
        ],
        [
          230.5,
          224.45
        ],
        [
          232.2,
          235.49
        ],
        [
          230.5,
          241.43
        ],
        [
          219.47,
          257.56
        ],
        [
          216.92,
          261.8
        ],
        [
          213.52,
          270.29
        ],
        [
          211.83,
          277.93
        ],
        [
          208.43,
          283.03
        ],
        [
          205.88,
          288.12
        ],
        [
          199.94,
          295.76
        ],
        [
          194.0,
          303.4
        ],
        [
          189.76,
          308.49
        ],
        [
          185.51,
          313.59
        ],
        [
          181.27,
          318.68
        ],
        [
          178.72,
          322.93
        ],
        [
          177.02,
          330.57
        ],
        [
          174.47,
          339.06
        ],
        [
          172.78,
          347.54
        ],
        [
          152.4,
          326.32
        ],
        [
          144.76,
          314.44
        ],
        [
          135.43,
          301.7
        ],
        [
          129.48,
          293.21
        ],
        [
          120.14,
          283.03
        ],
        [
          113.35,
          277.09
        ],
        [
          107.41,
          269.44
        ],
        [
          100.62,
          260.96
        ],
        [
          94.68,
          252.47
        ],
        [
          87.89,
          243.98
        ],
        [
          81.1,
          235.49
        ],
        [
          74.3,
          225.3
        ],
        [
          59.02,
          210.87
        ],
        [
          54.78,
          206.63
        ],
        [
          49.69,
          199.83
        ]
      ],
      "shape_type": "polygon"
    }
  ],
  "imagePath": "107087.jpg",
  "imageHeight": 427,
  "imageWidth": 640
}