{
  "shapes": [
    {
      "label": "cat",
      "points": [
        [
          221.94,
          267.35
        ],
        [
          209.55,
          238.45
        ],
        [
          208.52,
          187.87
        ],
        [
          237.42,
          139.35
        ],
        [
          263.23,
          129.03
        ],
        [
          310.71,
          112.52
        ],
        [
          356.13,
          112.52
        ],
        [
          419.1,
          131.1
        ],
        [
          444.9,
          148.65
        ],
        [
          450.06,
          138.32
        ],
        [
          476.9,
          172.39
        ],
        [
          495.48,
          211.61
        ],
        [
          497.55,
          236.39
        ],
        [
          492.39,
          268.39
        ],
        [
          473.81,
          285.94
        ],
        [
          422.19,
          339.61
        ],
        [
          386.06,
          337.55
        ],
        [
          377.81,
          367.48
        ],
        [
          356.13,
          398.45
        ],
        [
          343.74,
          398.45
        ],
        [
          333.42,
          384.0
        ],
        [
          338.58,
          357.16
        ],
        [
          335.48,
          322.06
        ],
        [
          277.68,
          329.29
        ],
        [
          249.81,
          310.71
        ],
        [
          218.84,
          274.58
        ]
      ],
      "shape_type": "polygon"
    }
  ],
  "imagePath": "501523.jpg",
  "imageHeight": 480,
  "imageWidth": 640
}