{
  "shapes": [
    {
      "label": "cat",
      "points": [
        [
          251.61,
          240.32
        ],
        [
          224.19,
          221.77
        ],
        [
          210.48,
          289.52
        ],
        [
          173.39,
          301.61
        ],
        [
          154.84,
          295.16
        ],
        [
          151.61,
          255.65
        ],
        [
          171.77,
          220.97
        ],
        [
          157.26,
          211.29
        ],
        [
          146.77,
          197.58
        ],
        [
          157.26,
          187.9
        ],
        [
          187.1,
          187.9
        ],
        [
          174.19,
          176.61
        ],
        [
          164.52,
          154.84
        ],
        [
          169.35,
          130.65
        ],
        [
          171.77,
          112.9
        ],
        [
          159.68,
          70.16
        ],
        [
          168.55,
          64.52
        ],
        [
          201.61,
          91.94
        ],
        [
          225.81,
          99.19
        ],
        [
          262.1,
          91.13
        ],
        [
          287.1,
          60.48
        ],
        [
          314.52,
          63.71
        ],
        [
          351.61,
          48.39
        ],
        [
          425.81,
          43.55
        ],
        [
          486.29,
          60.48
        ],
        [
          496.77,
          69.35
        ],
        [
          500.0,
          285.48
        ],
        [
          495.16,
          288.71
        ],
        [
          458.06,
          276.61
        ],
        [
          430.65,
          258.87
        ],
        [
          400.0,
          245.97
        ],
        [
          400.81,
          231.45
        ],
        [
          383.87,
          226.61
        ],
        [
          391.94,
          241.94
        ],
        [
          323.39,
          295.97
        ],
        [
          291.94,
          309.68
        ],
        [
          274.19,
          300.81
        ],
        [
          273.39,
          287.1
        ],
        [
          283.87,
          266.94
        ],
        [
          291.13,
          257.26
        ],
        [
          288.71,
          245.16
        ],
        [
          254.84,
          237.1
        ]
      ],
      "shape_type": "polygon"
    }
  ],
  "imagePath": "424545.jpg",
  "imageHeight": 375,
  "imageWidth": 500
}