{
  "shapes": [
    {
      "label": "cat",
      "points": [
        [
          402.24,
          221.73
        ],
        [
          381.41,
          205.93
        ],
        [
          367.76,
          173.6
        ],
        [
          362.73,
          141.28
        ],
        [
          353.39,
          138.41
        ],
        [
          341.9,
          125.48
        ],
        [
          338.31,
          119.01
        ],
        [
          328.97,
          130.51
        ],
        [
          320.35,
          142.72
        ],
        [
          307.42,
          135.54
        ],
        [
          303.83,
          128.35
        ],
        [
          295.21,
          127.63
        ],
        [
          285.16,
          125.48
        ],
        [
          277.97,
          116.86
        ],
        [
          263.61,
          103.93
        ],
        [
          246.37,
          105.37
        ],
        [
          237.75,
          104.65
        ],
        [
          241.34,
          91.72
        ],
        [
          249.96,
          86.69
        ],
        [
          260.02,
          76.64
        ],
        [
          264.33,
          65.14
        ],
        [
          275.82,
          45.75
        ],
        [
          295.21,
          33.54
        ],
        [
          324.66,
          29.23
        ],
        [
          342.62,
          26.36
        ],
        [
          350.52,
          25.64
        ],
        [
          369.2,
          23.48
        ],
        [
          385.72,
          23.48
        ],
        [
          403.67,
          27.79
        ],
        [
          436.0,
          34.26
        ],
        [
          471.91,
          60.12
        ],
        [
          484.12,
          74.48
        ],
        [
          499.2,
          86.69
        ],
        [
          499.2,
          232.5
        ],
        [
          457.54,
          254.05
        ],
        [
          434.56,
          237.53
        ],
        [
          400.08,
          221.01
        ]
      ],
      "shape_type": "polygon"
    }
  ],
  "imagePath": "022892.jpg",
  "imageHeight": 334,
  "imageWidth": 500
}