{
  "shapes": [
    {
      "label": "cat",
      "points": [
        [
          169.56,
          214.42
        ],
        [
          168.66,
          209.93
        ],
        [
          176.73,
          207.24
        ],
        [
          179.43,
          205.45
        ],
        [
          179.43,
          200.06
        ],
        [
          175.84,
          192.89
        ],
        [
          175.84,
          190.2
        ],
        [
          172.25,
          185.71
        ],
        [
          169.56,
          180.33
        ],
        [
          168.66,
          179.43
        ],
        [
          163.28,
          174.95
        ],
        [
          161.48,
          174.05
        ],
        [
          160.59,
          170.46
        ],
        [
          159.69,
          167.77
        ],
        [
          157.0,
          162.39
        ],
        [
          154.31,
          158.8
        ],
        [
          154.31,
          155.21
        ],
        [
          151.61,
          150.72
        ],
        [
          143.54,
          144.44
        ],
        [
          139.95,
          139.96
        ],
        [
          139.95,
          136.37
        ],
        [
          143.54,
          132.78
        ],
        [
          143.54,
          125.6
        ],
        [
          144.44,
          113.94
        ],
        [
          143.54,
          109.45
        ],
        [
          143.54,
          104.97
        ],
        [
          136.36,
          100.48
        ],
        [
          139.95,
          96.9
        ],
        [
          142.64,
          92.41
        ],
        [
          141.75,
          89.72
        ],
        [
          132.78,
          88.82
        ],
        [
          130.08,
          88.82
        ],
        [
          127.39,
          88.82
        ],
        [
          122.91,
          87.03
        ],
        [
          116.63,
          86.13
        ],
        [
          114.83,
          86.13
        ],
        [
          106.76,
          83.44
        ],
        [
          98.68,
          83.44
        ],
        [
          95.1,
          84.34
        ],
        [
          92.4,
          86.13
        ],
        [
          89.71,
          86.13
        ],
        [
          80.74,
          96.0
        ],
        [
          78.95,
          97.79
        ],
        [
          75.36,
          99.59
        ],
        [
          73.56,
          103.17
        ],
        [
          64.59,
          107.66
        ],
        [
          59.21,
          109.45
        ],
        [
          46.65,
          114.84
        ],
        [
          43.06,
          120.22
        ],
        [
          40.37,
          125.6
        ],
        [
          38.58,
          131.88
        ],
        [
          35.89,
          138.16
        ],
        [
          30.5,
          147.13
        ],
        [
          30.5,
          147.13
        ],
        [
          27.81,
          153.41
        ],
        [
          27.81,
          155.21
        ],
        [
          27.81,
          158.8
        ],
        [
          26.02,
          165.08
        ],
        [
          26.02,
          171.36
        ],
        [
          26.02,
          187.51
        ],
        [
          26.02,
          201.86
        ],
        [
          28.71,
          217.11
        ],
        [
          30.5,
          221.6
        ],
        [
          37.68,
          227.88
        ],
        [
          44.86,
          227.88
        ],
        [
          45.75,
          227.88
        ],
        [
          52.93,
          228.77
        ],
        [
          71.77,
          232.36
        ],
        [
          96.89,
          232.36
        ],
        [
          112.14,
          230.57
        ],
        [
          134.57,
          229.67
        ],
        [
          146.23,
          225.18
        ],
        [
          163.28,
          218.01
        ],
        [
          170.45,
          215.32
        ]
      ],
      "shape_type": "polygon"
    }
  ],
  "imagePath": "241326.jpg",
  "imageHeight": 375,
  "imageWidth": 500
}