{
  "shapes": [
    {
      "label": "cat",
      "points": [
        [
          46.41,
          356.88
        ],
        [
          25.48,
          345.95
        ],
        [
          1.82,
          350.5
        ],
        [
          0.0,
          365.07
        ],
        [
          0.0,
          391.46
        ],
        [
          46.41,
          414.21
        ],
        [
          105.57,
          420.58
        ],
        [
          247.54,
          419.67
        ],
        [
          248.45,
          388.73
        ],
        [
          264.83,
          376.9
        ],
        [
          273.93,
          371.44
        ],
        [
          283.94,
          397.83
        ],
        [
          273.02,
          411.48
        ],
        [
          263.92,
          418.76
        ],
        [
          328.53,
          419.67
        ],
        [
          331.26,
          408.75
        ],
        [
          331.26,
          395.1
        ],
        [
          328.53,
          388.73
        ],
        [
          342.18,
          402.38
        ],
        [
          347.64,
          413.3
        ],
        [
          361.3,
          419.67
        ],
        [
          351.28,
          390.55
        ],
        [
          353.1,
          369.62
        ],
        [
          354.93,
          334.12
        ],
        [
          378.59,
          307.73
        ],
        [
          402.25,
          286.8
        ],
        [
          409.53,
          269.51
        ],
        [
          414.99,
          243.12
        ],
        [
          415.9,
          226.74
        ],
        [
          423.18,
          221.28
        ],
        [
          442.29,
          202.16
        ],
        [
          448.66,
          192.15
        ],
        [
          452.3,
          175.77
        ],
        [
          449.57,
          158.48
        ],
        [
          445.93,
          153.93
        ],
        [
          449.57,
          143.01
        ],
        [
          449.57,
          130.27
        ],
        [
          452.3,
          105.7
        ],
        [
          445.02,
          101.15
        ],
        [
          419.54,
          124.81
        ],
        [
          367.67,
          124.81
        ],
        [
          340.36,
          102.97
        ],
        [
          334.9,
          108.43
        ],
        [
          331.26,
          111.16
        ],
        [
          332.17,
          131.18
        ],
        [
          336.72,
          154.84
        ],
        [
          334.9,
          159.39
        ],
        [
          333.08,
          163.03
        ],
        [
          314.88,
          174.86
        ],
        [
          299.41,
          181.23
        ],
        [
          273.02,
          189.42
        ],
        [
          235.71,
          198.52
        ],
        [
          226.61,
          198.52
        ],
        [
          212.96,
          200.34
        ],
        [
          185.65,
          210.35
        ],
        [
          152.89,
          242.21
        ],
        [
          125.59,
          275.88
        ],
        [
          101.02,
          317.74
        ],
        [
          89.19,
          355.06
        ],
        [
          89.19,
          385.09
        ],
        [
          89.19,
          396.92
        ],
        [
          70.07,
          393.28
        ],
        [
          54.6,
          384.18
        ],
        [
          33.67,
          371.44
        ],
        [
          23.66,
          366.89
        ],
        [
          42.77,
          364.16
        ],
        [
          44.59,
          355.97
        ]
      ],
      "shape_type": "polygon"
    }
  ],
  "imagePath": "304560.jpg",
  "imageHeight": 425,
  "imageWidth": 640
}