{
  "shapes": [
    {
      "label": "cat",
      "points": [
        [
          150.0,
          175.0
        ],
        [
          191.13,
          152.42
        ],
        [
          250.81,
          154.03
        ],
        [
          311.29,
          175.81
        ],
        [
          334.68,
          180.65
        ],
        [
          334.68,
          161.29
        ],
        [
          330.65,
          147.58
        ],
        [
          354.84,
          160.48
        ],
        [
          383.06,
          166.13
        ],
        [
          404.03,
          164.52
        ],
        [
          422.58,
          158.06
        ],
        [
          438.71,
          146.77
        ],
        [
          430.65,
          188.71
        ],
        [
          425.81,
          214.52
        ],
        [
          420.16,
          239.52
        ],
        [
          412.9,
          257.26
        ],
        [
          388.71,
          274.19
        ],
        [
          350.0,
          296.77
        ],
        [
          312.1,
          304.03
        ],
        [
          272.58,
          295.16
        ],
        [
          259.68,
          283.06
        ],
        [
          227.42,
          285.48
        ],
        [
          195.16,
          293.55
        ],
        [
          158.06,
          293.55
        ],
        [
          131.45,
          276.61
        ],
        [
          118.55,
          252.42
        ],
        [
          121.77,
          220.16
        ],
        [
          133.87,
          197.58
        ],
        [
          145.16,
          181.45
        ]
      ],
      "shape_type": "polygon"
    }
  ],
  "imagePath": "119828.jpg",
  "imageHeight": 375,
  "imageWidth": 500
}