{
  "shapes": [
    {
      "label": "cat",
      "points": [
        [
          365.39,
          235.12
        ],
        [
          452.39,
          190.25
        ],
        [
          439.57,
          135.3
        ],
        [
          402.94,
          131.64
        ],
        [
          380.96,
          116.07
        ],
        [
          383.71,
          142.63
        ],
        [
          364.48,
          162.78
        ],
        [
          361.73,
          149.96
        ],
        [
          337.0,
          157.28
        ],
        [
          274.73,
          152.7
        ],
        [
          237.18,
          166.44
        ],
        [
          223.45,
          163.69
        ],
        [
          201.47,
          225.05
        ],
        [
          287.55,
          259.85
        ],
        [
          389.2,
          227.8
        ]
      ],
      "shape_type": "polygon"
    }
  ],
  "imagePath": "327769.jpg",
  "imageHeight": 424,
  "imageWidth": 640
}