{
  "shapes": [
    {
      "label": "cat",
      "points": [
        [
          208.6,
          308.6
        ],
        [
          178.74,
          303.21
        ],
        [
          180.21,
          282.65
        ],
        [
          157.2,
          266.98
        ],
        [
          123.41,
          227.33
        ],
        [
          122.43,
          191.58
        ],
        [
          134.18,
          168.08
        ],
        [
          151.81,
          152.91
        ],
        [
          157.2,
          137.73
        ],
        [
          185.59,
          111.29
        ],
        [
          201.75,
          113.25
        ],
        [
          229.17,
          119.12
        ],
        [
          261.97,
          122.06
        ],
        [
          261.97,
          122.06
        ],
        [
          292.81,
          115.21
        ],
        [
          291.34,
          127.94
        ],
        [
          284.49,
          145.07
        ],
        [
          286.94,
          157.31
        ],
        [
          282.04,
          178.86
        ],
        [
          282.04,
          178.86
        ],
        [
          326.11,
          191.58
        ],
        [
          326.11,
          191.58
        ],
        [
          336.39,
          191.58
        ],
        [
          356.95,
          205.29
        ],
        [
          364.78,
          237.01
        ],
        [
          358.91,
          246.31
        ],
        [
          358.91,
          246.31
        ],
        [
          358.42,
          251.69
        ],
        [
          349.61,
          246.8
        ],
        [
          344.22,
          239.94
        ],
        [
          338.84,
          233.09
        ],
        [
          324.15,
          219.87
        ],
        [
          303.1,
          212.04
        ],
        [
          287.92,
          210.08
        ],
        [
          282.53,
          229.17
        ],
        [
          273.72,
          264.42
        ],
        [
          268.82,
          265.4
        ],
        [
          268.33,
          293.61
        ],
        [
          276.66,
          301.93
        ],
        [
          277.64,
          305.36
        ],
        [
          243.36,
          304.87
        ],
        [
          243.85,
          270.11
        ],
        [
          211.54,
          277.94
        ],
        [
          209.09,
          302.91
        ]
      ],
      "shape_type": "polygon"
    }
  ],
  "imagePath": "558073.jpg",
  "imageHeight": 375,
  "imageWidth": 500
}