{
  "shapes": [
    {
      "label": "cat",
      "points": [
        [
          37.43,
          85.3
        ],
        [
          37.43,
          85.3
        ],
        [
          64.78,
          98.98
        ],
        [
          78.46,
          101.86
        ],
        [
          99.34,
          99.7
        ],
        [
          115.89,
          98.98
        ],
        [
          133.89,
          95.38
        ],
        [
          148.28,
          97.54
        ],
        [
          179.24,
          91.06
        ],
        [
          187.16,
          80.26
        ],
        [
          198.67,
          70.18
        ],
        [
          210.91,
          65.14
        ],
        [
          215.95,
          64.42
        ],
        [
          215.23,
          75.22
        ],
        [
          210.91,
          87.46
        ],
        [
          209.47,
          95.38
        ],
        [
          206.59,
          114.81
        ],
        [
          210.91,
          129.21
        ],
        [
          228.19,
          137.85
        ],
        [
          236.82,
          152.24
        ],
        [
          243.3,
          167.36
        ],
        [
          246.18,
          179.6
        ],
        [
          240.42,
          201.19
        ],
        [
          247.62,
          216.31
        ],
        [
          269.94,
          232.86
        ],
        [
          275.69,
          250.14
        ],
        [
          275.69,
          257.34
        ],
        [
          271.38,
          271.73
        ],
        [
          265.62,
          279.65
        ],
        [
          252.66,
          286.13
        ],
        [
          240.42,
          288.29
        ],
        [
          228.91,
          289.01
        ],
        [
          230.34,
          285.41
        ],
        [
          221.71,
          294.77
        ],
        [
          213.07,
          298.37
        ],
        [
          205.15,
          304.13
        ],
        [
          179.24,
          312.77
        ],
        [
          130.29,
          319.24
        ],
        [
          105.81,
          313.48
        ],
        [
          76.3,
          309.89
        ],
        [
          58.31,
          309.89
        ],
        [
          43.91,
          307.01
        ],
        [
          34.55,
          301.25
        ],
        [
          15.84,
          293.33
        ],
        [
          2.88,
          288.29
        ],
        [
          0.0,
          279.65
        ],
        [
          0.0,
          262.38
        ],
        [
          0.0,
          241.5
        ],
        [
          0.0,
          224.95
        ],
        [
          0.0,
          207.67
        ],
        [
          0.0,
          185.36
        ],
        [
          0.72,
          160.88
        ],
        [
          0.72,
          140.73
        ],
        [
          0.72,
          129.93
        ],
        [
          13.68,
          127.77
        ],
        [
          31.67,
          122.01
        ],
        [
          44.63,
          120.57
        ],
        [
          49.67,
          120.57
        ],
        [
          50.39,
          114.09
        ],
        [
          46.79,
          111.21
        ],
        [
          42.47,
          102.58
        ],
        [
          35.99,
          85.3
        ]
      ],
      "shape_type": "polygon"
    }
  ],
  "imagePath": "078426.jpg",
  "imageHeight": 334,
  "imageWidth": 500
}