{
  "shapes": [
    {
      "label": "cat",
      "points": [
        [
          303.78,
          365.62
        ],
        [
          337.0,
          348.08
        ],
        [
          356.42,
          331.78
        ],
        [
          378.36,
          339.3
        ],
        [
          369.58,
          326.77
        ],
        [
          361.44,
          316.11
        ],
        [
          371.46,
          296.06
        ],
        [
          379.61,
          279.77
        ],
        [
          390.26,
          270.99
        ],
        [
          388.38,
          250.31
        ],
        [
          405.3,
          256.58
        ],
        [
          426.61,
          264.73
        ],
        [
          452.31,
          267.23
        ],
        [
          492.41,
          301.7
        ],
        [
          524.37,
          338.05
        ],
        [
          548.81,
          363.74
        ],
        [
          555.08,
          410.12
        ],
        [
          549.44,
          443.33
        ],
        [
          553.83,
          447.72
        ],
        [
          498.68,
          441.45
        ],
        [
          413.45,
          434.56
        ],
        [
          325.09,
          426.41
        ],
        [
          260.54,
          415.76
        ],
        [
          275.58,
          376.28
        ],
        [
          306.92,
          365.0
        ]
      ],
      "shape_type": "polygon"
    }
  ],
  "imagePath": "084362.jpg",
  "imageHeight": 480,
  "imageWidth": 640
}