{
  "shapes": [
    {
      "label": "cat",
      "points": [
        [
          183.06,
          265.88
        ],
        [
          182.12,
          275.29
        ],
        [
          192.48,
          274.82
        ],
        [
          196.24,
          284.23
        ],
        [
          204.71,
          292.7
        ],
        [
          219.77,
          307.29
        ],
        [
          222.12,
          318.11
        ],
        [
          227.77,
          324.7
        ],
        [
          226.83,
          328.94
        ],
        [
          219.3,
          333.17
        ],
        [
          218.36,
          336.47
        ],
        [
          218.36,
          342.11
        ],
        [
          222.12,
          346.82
        ],
        [
          227.77,
          350.58
        ],
        [
          234.83,
          350.58
        ],
        [
          243.77,
          344.94
        ],
        [
          256.94,
          348.23
        ],
        [
          267.3,
          352.0
        ],
        [
          270.12,
          352.0
        ],
        [
          346.82,
          345.41
        ],
        [
          437.64,
          333.17
        ],
        [
          494.58,
          326.11
        ],
        [
          524.23,
          324.23
        ],
        [
          529.4,
          321.88
        ],
        [
          534.11,
          308.7
        ],
        [
          536.46,
          286.59
        ],
        [
          535.52,
          273.88
        ],
        [
          525.64,
          250.35
        ],
        [
          518.58,
          233.41
        ],
        [
          511.99,
          215.53
        ],
        [
          490.35,
          187.77
        ],
        [
          475.29,
          176.94
        ],
        [
          465.41,
          171.3
        ],
        [
          456.94,
          166.59
        ],
        [
          446.58,
          165.18
        ],
        [
          428.23,
          160.94
        ],
        [
          416.47,
          159.06
        ],
        [
          403.29,
          157.18
        ],
        [
          395.76,
          157.65
        ],
        [
          391.06,
          157.65
        ],
        [
          388.23,
          159.53
        ],
        [
          384.0,
          167.53
        ],
        [
          379.76,
          173.18
        ],
        [
          369.88,
          177.89
        ],
        [
          360.0,
          182.59
        ],
        [
          344.0,
          191.53
        ],
        [
          333.65,
          195.3
        ],
        [
          317.65,
          206.12
        ],
        [
          302.12,
          215.53
        ],
        [
          274.35,
          230.12
        ],
        [
          258.36,
          237.18
        ],
        [
          232.47,
          248.94
        ],
        [
          223.53,
          254.12
        ],
        [
          209.42,
          260.23
        ]
      ],
      "shape_type": "polygon"
    }
  ],
  "imagePath": "108244.jpg",
  "imageHeight": 480,
  "imageWidth": 640
}