{
  "shapes": [
    {
      "label": "cat",
      "points": [
        [
          290.35,
          214.61
        ],
        [
          297.08,
          221.8
        ],
        [
          299.78,
          222.25
        ],
        [
          319.1,
          222.7
        ],
        [
          331.23,
          216.86
        ],
        [
          347.86,
          211.47
        ],
        [
          355.05,
          201.58
        ],
        [
          358.19,
          191.25
        ],
        [
          364.93,
          183.16
        ],
        [
          374.82,
          178.22
        ],
        [
          380.66,
          178.22
        ],
        [
          398.63,
          179.12
        ],
        [
          404.02,
          180.47
        ],
        [
          404.92,
          180.91
        ],
        [
          413.91,
          184.96
        ],
        [
          430.08,
          190.8
        ],
        [
          440.42,
          197.09
        ],
        [
          446.71,
          201.13
        ],
        [
          451.65,
          204.73
        ],
        [
          462.43,
          219.56
        ],
        [
          465.13,
          222.7
        ],
        [
          473.22,
          223.6
        ],
        [
          483.55,
          223.15
        ],
        [
          487.6,
          223.15
        ],
        [
          496.58,
          224.5
        ],
        [
          512.31,
          227.64
        ],
        [
          520.84,
          232.59
        ],
        [
          530.73,
          240.67
        ],
        [
          536.12,
          248.76
        ],
        [
          543.76,
          255.95
        ],
        [
          546.9,
          259.99
        ],
        [
          545.11,
          265.84
        ],
        [
          540.61,
          268.53
        ],
        [
          534.32,
          262.24
        ],
        [
          527.13,
          255.05
        ],
        [
          519.05,
          249.66
        ],
        [
          507.81,
          244.72
        ],
        [
          503.77,
          242.92
        ],
        [
          500.63,
          242.92
        ],
        [
          485.8,
          240.67
        ],
        [
          469.62,
          236.18
        ],
        [
          465.58,
          236.18
        ],
        [
          458.84,
          242.47
        ],
        [
          455.69,
          247.41
        ],
        [
          448.06,
          262.69
        ],
        [
          446.71,
          264.94
        ],
        [
          439.97,
          277.52
        ],
        [
          436.37,
          285.61
        ],
        [
          431.88,
          292.79
        ],
        [
          417.95,
          294.14
        ],
        [
          409.86,
          297.29
        ],
        [
          397.73,
          302.23
        ],
        [
          393.69,
          305.38
        ],
        [
          380.21,
          306.72
        ],
        [
          372.57,
          308.52
        ],
        [
          358.64,
          312.56
        ],
        [
          352.35,
          318.41
        ],
        [
          342.92,
          324.25
        ],
        [
          336.62,
          330.99
        ],
        [
          327.64,
          336.38
        ],
        [
          326.29,
          344.47
        ],
        [
          313.71,
          341.77
        ],
        [
          308.32,
          336.83
        ],
        [
          310.12,
          325.59
        ],
        [
          315.06,
          322.9
        ],
        [
          314.61,
          319.3
        ],
        [
          311.91,
          319.75
        ],
        [
          309.22,
          327.84
        ],
        [
          304.27,
          338.62
        ],
        [
          301.13,
          347.16
        ],
        [
          296.19,
          347.61
        ],
        [
          287.2,
          345.36
        ],
        [
          280.91,
          337.73
        ],
        [
          285.4,
          329.64
        ],
        [
          290.35,
          321.55
        ],
        [
          290.79,
          317.06
        ],
        [
          290.79,
          307.17
        ],
        [
          290.35,
          299.09
        ],
        [
          288.55,
          292.79
        ],
        [
          285.4,
          287.85
        ],
        [
          282.26,
          284.26
        ],
        [
          281.81,
          280.21
        ],
        [
          280.91,
          270.33
        ],
        [
          279.56,
          264.94
        ],
        [
          280.01,
          256.85
        ],
        [
          281.36,
          250.56
        ],
        [
          282.71,
          244.27
        ],
        [
          282.71,
          242.47
        ],
        [
          285.75,
          241.03
        ],
        [
          285.75,
          231.52
        ],
        [
          284.23,
          220.1
        ],
        [
          283.47,
          214.02
        ],
        [
          284.61,
          210.97
        ],
        [
          289.94,
          210.97
        ],
        [
          291.84,
          212.49
        ]
      ],
      "shape_type": "polygon"
    }
  ],
  "imagePath": "084650.jpg",
  "imageHeight": 480,
  "imageWidth": 640
}