{
  "shapes": [
    {
      "label": "cat",
      "points": [
        [
          328.95,
          381.25
        ],
        [
          326.19,
          414.28
        ],
        [
          319.31,
          437.68
        ],
        [
          309.68,
          476.22
        ],
        [
          264.26,
          489.98
        ],
        [
          218.84,
          489.98
        ],
        [
          169.29,
          489.98
        ],
        [
          141.76,
          467.96
        ],
        [
          125.25,
          440.43
        ],
        [
          108.73,
          403.27
        ],
        [
          112.86,
          377.12
        ],
        [
          96.34,
          381.25
        ],
        [
          115.61,
          361.98
        ],
        [
          136.26,
          341.33
        ],
        [
          145.89,
          306.92
        ],
        [
          152.77,
          280.77
        ],
        [
          158.28,
          264.26
        ],
        [
          162.41,
          250.49
        ],
        [
          169.29,
          231.23
        ],
        [
          174.8,
          221.59
        ],
        [
          183.05,
          240.86
        ],
        [
          194.06,
          257.38
        ],
        [
          210.58,
          258.75
        ],
        [
          228.47,
          254.62
        ],
        [
          246.37,
          249.12
        ],
        [
          242.24,
          261.51
        ],
        [
          236.73,
          278.02
        ],
        [
          233.98,
          294.54
        ],
        [
          225.72,
          306.92
        ],
        [
          246.37,
          316.56
        ],
        [
          267.01,
          327.57
        ],
        [
          278.02,
          333.08
        ],
        [
          306.92,
          349.59
        ],
        [
          311.05,
          352.34
        ],
        [
          320.69,
          370.24
        ]
      ],
      "shape_type": "polygon"
    }
  ],
  "imagePath": "181859.jpg",
  "imageHeight": 640,
  "imageWidth": 426
}