{
  "shapes": [
    {
      "label": "cat",
      "points": [
        [
          167.91,
          305.55
        ],
        [
          130.75,
          293.16
        ],
        [
          130.75,
          287.66
        ],
        [
          134.88,
          273.89
        ],
        [
          134.88,
          254.62
        ],
        [
          134.88,
          246.37
        ],
        [
          134.88,
          228.47
        ],
        [
          134.88,
          221.59
        ],
        [
          151.4,
          199.57
        ],
        [
          158.28,
          194.06
        ],
        [
          165.16,
          192.69
        ],
        [
          185.81,
          192.69
        ],
        [
          211.96,
          187.18
        ],
        [
          227.1,
          181.68
        ],
        [
          249.12,
          181.68
        ],
        [
          253.25,
          181.68
        ],
        [
          256.0,
          192.69
        ],
        [
          260.13,
          192.69
        ],
        [
          269.76,
          191.31
        ],
        [
          276.65,
          189.94
        ],
        [
          280.77,
          191.31
        ],
        [
          287.66,
          216.09
        ],
        [
          282.15,
          225.72
        ],
        [
          282.15,
          228.47
        ],
        [
          282.15,
          239.48
        ],
        [
          282.15,
          267.01
        ],
        [
          279.4,
          289.03
        ],
        [
          273.89,
          297.29
        ],
        [
          261.51,
          311.05
        ],
        [
          258.75,
          312.43
        ],
        [
          233.98,
          312.43
        ],
        [
          222.97,
          324.82
        ],
        [
          209.2,
          322.06
        ],
        [
          185.81,
          311.05
        ],
        [
          170.67,
          300.04
        ]
      ],
      "shape_type": "polygon"
    }
  ],
  "imagePath": "568690.jpg",
  "imageHeight": 640,
  "imageWidth": 480
}