{
  "shapes": [
    {
      "label": "cat",
      "points": [
        [
          386.42,
          251.08
        ],
        [
          371.67,
          270.45
        ],
        [
          355.99,
          292.58
        ],
        [
          351.38,
          302.73
        ],
        [
          342.15,
          325.78
        ],
        [
          349.53,
          328.55
        ],
        [
          359.68,
          330.39
        ],
        [
          358.75,
          339.62
        ],
        [
          334.78,
          345.15
        ],
        [
          328.32,
          349.76
        ],
        [
          322.79,
          356.22
        ],
        [
          322.79,
          362.67
        ],
        [
          340.31,
          356.22
        ],
        [
          358.75,
          356.22
        ],
        [
          359.68,
          368.21
        ],
        [
          353.22,
          379.27
        ],
        [
          349.53,
          380.2
        ],
        [
          321.86,
          380.2
        ],
        [
          309.87,
          385.73
        ],
        [
          308.03,
          386.65
        ],
        [
          281.29,
          384.81
        ],
        [
          270.22,
          371.9
        ],
        [
          262.84,
          368.21
        ],
        [
          262.84,
          368.21
        ],
        [
          248.08,
          362.67
        ],
        [
          242.55,
          362.67
        ],
        [
          228.72,
          362.67
        ],
        [
          197.36,
          366.36
        ],
        [
          185.37,
          367.28
        ],
        [
          155.86,
          361.75
        ],
        [
          130.04,
          340.54
        ],
        [
          125.43,
          335.01
        ],
        [
          119.89,
          293.5
        ],
        [
          123.58,
          288.89
        ],
        [
          134.65,
          277.83
        ],
        [
          141.1,
          270.45
        ],
        [
          142.95,
          266.76
        ],
        [
          151.25,
          273.22
        ],
        [
          159.55,
          294.43
        ],
        [
          159.55,
          294.43
        ],
        [
          170.62,
          314.72
        ],
        [
          185.37,
          323.94
        ],
        [
          211.19,
          330.39
        ],
        [
          230.56,
          326.71
        ],
        [
          230.56,
          324.86
        ],
        [
          243.47,
          302.73
        ],
        [
          247.16,
          296.27
        ],
        [
          249.93,
          264.92
        ],
        [
          249.93,
          261.23
        ],
        [
          289.59,
          197.59
        ],
        [
          289.59,
          196.67
        ],
        [
          276.67,
          200.36
        ],
        [
          272.98,
          199.44
        ],
        [
          267.45,
          194.82
        ],
        [
          267.45,
          194.82
        ],
        [
          258.23,
          188.37
        ],
        [
          251.77,
          187.45
        ],
        [
          240.71,
          185.6
        ],
        [
          239.78,
          180.99
        ],
        [
          249.93,
          171.77
        ],
        [
          258.23,
          167.16
        ],
        [
          258.23,
          167.16
        ],
        [
          268.37,
          149.63
        ],
        [
          271.14,
          140.41
        ],
        [
          272.06,
          131.19
        ],
        [
          274.83,
          130.27
        ],
        [
          284.97,
          130.27
        ],
        [
          296.04,
          133.03
        ],
        [
          304.34,
          133.03
        ],
        [
          317.25,
          135.8
        ],
        [
          321.86,
          145.02
        ],
        [
          334.78,
          157.93
        ],
        [
          336.62,
          159.78
        ],
        [
          365.21,
          173.61
        ],
        [
          367.98,
          173.61
        ],
        [
          385.5,
          182.84
        ],
        [
          403.94,
          155.63
        ],
        [
          406.71,
          149.17
        ],
        [
          415.01,
          141.8
        ],
        [
          419.62,
          141.8
        ],
        [
          428.84,
          143.64
        ],
        [
          431.61,
          172.23
        ],
        [
          424.23,
          186.06
        ],
        [
          419.62,
          192.52
        ],
        [
          419.62,
          198.97
        ],
        [
          413.17,
          222.03
        ],
        [
          410.4,
          227.56
        ],
        [
          403.94,
          238.63
        ],
        [
          390.11,
          254.31
        ]
      ],
      "shape_type": "polygon"
    }
  ],
  "imagePath": "222235.jpg",
  "imageHeight": 427,
  "imageWidth": 640
}