{
  "shapes": [
    {
      "label": "cat",
      "points": [
        [
          147.73,
          301.6
        ],
        [
          179.76,
          316.92
        ],
        [
          206.23,
          298.81
        ],
        [
          220.86,
          293.24
        ],
        [
          225.04,
          289.06
        ],
        [
          242.45,
          286.28
        ],
        [
          257.08,
          290.46
        ],
        [
          282.85,
          283.49
        ],
        [
          291.9,
          282.1
        ],
        [
          307.22,
          298.81
        ],
        [
          316.28,
          314.14
        ],
        [
          332.99,
          335.03
        ],
        [
          379.66,
          337.82
        ],
        [
          394.28,
          330.85
        ],
        [
          401.25,
          370.55
        ],
        [
          400.55,
          400.5
        ],
        [
          396.37,
          420.0
        ],
        [
          384.53,
          422.79
        ],
        [
          310.01,
          352.44
        ],
        [
          326.03,
          384.48
        ],
        [
          335.78,
          408.86
        ],
        [
          349.01,
          416.52
        ],
        [
          365.73,
          436.72
        ],
        [
          362.94,
          479.62
        ],
        [
          133.1,
          480.0
        ],
        [
          89.92,
          480.0
        ],
        [
          119.17,
          452.46
        ],
        [
          128.22,
          444.1
        ],
        [
          160.96,
          430.87
        ],
        [
          153.3,
          399.53
        ],
        [
          151.91,
          373.76
        ],
        [
          152.6,
          359.13
        ],
        [
          141.46,
          330.58
        ],
        [
          131.71,
          302.72
        ],
        [
          144.24,
          303.41
        ]
      ],
      "shape_type": "polygon"
    }
  ],
  "imagePath": "533536.jpg",
  "imageHeight": 480,
  "imageWidth": 640
}