{
  "shapes": [
    {
      "label": "cat",
      "points": [
        [
          337.26,
          277.8
        ],
        [
          341.01,
          243.33
        ],
        [
          322.27,
          208.85
        ],
        [
          305.78,
          180.37
        ],
        [
          304.28,
          165.38
        ],
        [
          307.28,
          136.9
        ],
        [
          302.03,
          112.92
        ],
        [
          291.54,
          94.93
        ],
        [
          287.79,
          71.7
        ],
        [
          279.55,
          61.21
        ],
        [
          272.06,
          59.71
        ],
        [
          260.06,
          78.44
        ],
        [
          251.82,
          90.44
        ],
        [
          232.33,
          94.93
        ],
        [
          216.6,
          101.68
        ],
        [
          212.85,
          106.92
        ],
        [
          206.85,
          106.92
        ],
        [
          193.36,
          99.43
        ],
        [
          184.37,
          94.93
        ],
        [
          170.88,
          99.43
        ],
        [
          171.63,
          118.92
        ],
        [
          183.62,
          135.4
        ],
        [
          189.61,
          151.89
        ],
        [
          190.36,
          161.63
        ],
        [
          194.86,
          168.38
        ],
        [
          204.6,
          187.12
        ],
        [
          207.6,
          207.35
        ],
        [
          205.35,
          247.82
        ],
        [
          206.1,
          258.32
        ],
        [
          206.85,
          278.55
        ],
        [
          209.85,
          283.05
        ],
        [
          299.79,
          283.05
        ]
      ],
      "shape_type": "polygon"
    }
  ],
  "imagePath": "209747.jpg",
  "imageHeight": 350,
  "imageWidth": 500
}