{
  "shapes": [
    {
      "label": "cat",
      "points": [
        [
          5.51,
          367.31
        ],
        [
          60.61,
          359.97
        ],
        [
          170.8,
          356.29
        ],
        [
          178.15,
          353.54
        ],
        [
          184.57,
          286.5
        ],
        [
          235.08,
          223.14
        ],
        [
          291.09,
          190.08
        ],
        [
          356.29,
          191.0
        ],
        [
          399.45,
          216.71
        ],
        [
          460.98,
          178.15
        ],
        [
          498.63,
          154.27
        ],
        [
          505.05,
          160.7
        ],
        [
          505.05,
          174.47
        ],
        [
          511.48,
          175.39
        ],
        [
          517.91,
          202.94
        ],
        [
          539.03,
          225.9
        ],
        [
          542.7,
          250.69
        ],
        [
          537.19,
          271.81
        ],
        [
          502.3,
          279.16
        ],
        [
          490.36,
          286.5
        ],
        [
          478.42,
          324.15
        ],
        [
          463.73,
          348.95
        ],
        [
          421.49,
          362.72
        ],
        [
          444.45,
          368.23
        ],
        [
          450.88,
          377.41
        ],
        [
          424.25,
          393.94
        ],
        [
          394.86,
          391.19
        ],
        [
          382.92,
          379.25
        ],
        [
          356.29,
          382.0
        ],
        [
          351.7,
          361.8
        ],
        [
          341.6,
          374.66
        ],
        [
          352.62,
          385.68
        ],
        [
          297.52,
          397.62
        ],
        [
          185.49,
          394.86
        ],
        [
          98.26,
          389.35
        ],
        [
          28.47,
          393.02
        ],
        [
          7.35,
          398.53
        ]
      ],
      "shape_type": "polygon"
    }
  ],
  "imagePath": "163155.jpg",
  "imageHeight": 427,
  "imageWidth": 640
}