{
  "shapes": [
    {
      "label": "cat",
      "points": [
        [
          157.26,
          120.16
        ],
        [
          165.32,
          104.84
        ],
        [
          191.94,
          86.29
        ],
        [
          198.39,
          95.97
        ],
        [
          193.55,
          103.23
        ],
        [
          188.71,
          118.55
        ],
        [
          188.71,
          130.65
        ],
        [
          191.13,
          140.32
        ],
        [
          204.03,
          145.16
        ],
        [
          211.29,
          145.16
        ],
        [
          262.1,
          150.81
        ],
        [
          280.65,
          150.81
        ],
        [
          290.32,
          146.77
        ],
        [
          300.0,
          138.71
        ],
        [
          304.03,
          136.29
        ],
        [
          322.58,
          131.45
        ],
        [
          324.19,
          131.45
        ],
        [
          327.42,
          143.55
        ],
        [
          341.94,
          139.52
        ],
        [
          367.74,
          144.35
        ],
        [
          368.55,
          146.77
        ],
        [
          337.1,
          157.26
        ],
        [
          312.9,
          163.71
        ],
        [
          295.16,
          168.55
        ],
        [
          299.19,
          181.45
        ],
        [
          305.65,
          201.61
        ],
        [
          293.55,
          239.52
        ],
        [
          288.71,
          233.87
        ],
        [
          265.32,
          227.42
        ],
        [
          225.0,
          221.77
        ],
        [
          199.19,
          217.74
        ],
        [
          170.97,
          211.29
        ],
        [
          159.68,
          207.26
        ],
        [
          149.19,
          204.03
        ],
        [
          137.1,
          195.97
        ],
        [
          130.65,
          191.13
        ],
        [
          117.74,
          175.81
        ],
        [
          134.68,
          150.81
        ],
        [
          147.58,
          134.68
        ]
      ],
      "shape_type": "polygon"
    }
  ],
  "imagePath": "416256.jpg",
  "imageHeight": 375,
  "imageWidth": 500
}