{
  "shapes": [
    {
      "label": "cat",
      "points": [
        [
          139.84,
          259.57
        ],
        [
          144.41,
          245.86
        ],
        [
          154.46,
          225.75
        ],
        [
          167.26,
          212.96
        ],
        [
          176.4,
          194.68
        ],
        [
          201.99,
          179.14
        ],
        [
          224.84,
          161.77
        ],
        [
          244.03,
          156.29
        ],
        [
          272.37,
          153.55
        ],
        [
          286.08,
          155.38
        ],
        [
          275.11,
          138.01
        ],
        [
          275.11,
          123.39
        ],
        [
          276.94,
          120.65
        ],
        [
          291.56,
          129.78
        ],
        [
          302.53,
          134.35
        ],
        [
          313.49,
          143.49
        ],
        [
          328.12,
          135.27
        ],
        [
          339.09,
          132.53
        ],
        [
          356.45,
          129.78
        ],
        [
          358.28,
          129.78
        ],
        [
          363.76,
          127.04
        ],
        [
          372.9,
          111.51
        ],
        [
          383.87,
          111.51
        ],
        [
          385.7,
          126.13
        ],
        [
          394.84,
          150.81
        ],
        [
          396.67,
          165.43
        ],
        [
          399.41,
          182.8
        ],
        [
          399.41,
          193.76
        ],
        [
          400.32,
          214.78
        ],
        [
          404.89,
          233.06
        ],
        [
          404.89,
          254.09
        ],
        [
          406.72,
          276.02
        ],
        [
          393.01,
          291.56
        ],
        [
          372.9,
          318.06
        ],
        [
          353.71,
          325.38
        ],
        [
          328.12,
          334.52
        ],
        [
          305.27,
          335.43
        ],
        [
          292.47,
          334.52
        ],
        [
          271.45,
          343.66
        ],
        [
          267.8,
          343.66
        ],
        [
          251.34,
          333.6
        ],
        [
          246.77,
          320.81
        ],
        [
          244.95,
          317.15
        ],
        [
          223.92,
          303.44
        ],
        [
          216.61,
          292.47
        ],
        [
          216.61,
          289.73
        ],
        [
          222.1,
          271.45
        ],
        [
          208.39,
          273.28
        ],
        [
          210.22,
          265.05
        ],
        [
          209.3,
          260.48
        ],
        [
          193.76,
          260.48
        ],
        [
          175.48,
          256.83
        ],
        [
          159.03,
          257.74
        ],
        [
          150.81,
          276.94
        ],
        [
          159.95,
          294.3
        ],
        [
          144.41,
          279.68
        ],
        [
          144.41,
          276.94
        ],
        [
          139.84,
          270.54
        ]
      ],
      "shape_type": "polygon"
    }
  ],
  "imagePath": "312340.jpg",
  "imageHeight": 425,
  "imageWidth": 640
}