{
  "shapes": [
    {
      "label": "cow",
      "points": [
        [
          394.14,
          305.69
        ],
        [
          382.76,
          305.69
        ],
        [
          372.41,
          305.69
        ],
        [
          369.31,
          312.93
        ],
        [
          357.93,
          329.48
        ],
        [
          348.62,
          345.0
        ],
        [
          339.31,
          348.1
        ],
        [
          330.0,
          345.0
        ],
        [
          333.1,
          329.48
        ],
        [
          331.03,
          317.07
        ],
        [
          332.07,
          303.62
        ],
        [
          325.86,
          300.52
        ],
        [
          337.24,
          293.28
        ],
        [
          342.41,
          295.34
        ],
        [
          364.14,
          265.34
        ],
        [
          369.31,
          251.9
        ],
        [
          378.62,
          238.45
        ],
        [
          401.38,
          232.24
        ],
        [
          454.14,
          227.07
        ],
        [
          485.17,
          226.03
        ],
        [
          514.29,
          228.74
        ],
        [
          520.43,
          233.52
        ],
        [
          522.48,
          249.21
        ],
        [
          523.16,
          265.59
        ],
        [
          523.16,
          281.29
        ],
        [
          526.57,
          296.99
        ],
        [
          527.25,
          310.64
        ],
        [
          532.71,
          326.34
        ],
        [
          534.08,
          344.08
        ],
        [
          534.76,
          351.59
        ],
        [
          534.76,
          355.68
        ],
        [
          523.16,
          358.41
        ],
        [
          521.11,
          357.05
        ],
        [
          525.89,
          342.03
        ],
        [
          515.65,
          318.15
        ],
        [
          506.78,
          300.4
        ],
        [
          510.19,
          314.73
        ],
        [
          504.05,
          327.7
        ],
        [
          498.59,
          339.99
        ],
        [
          498.59,
          346.81
        ],
        [
          494.49,
          344.76
        ],
        [
          489.03,
          350.91
        ],
        [
          484.26,
          349.54
        ],
        [
          491.08,
          337.94
        ],
        [
          497.22,
          326.34
        ],
        [
          494.49,
          309.27
        ],
        [
          493.13,
          286.75
        ],
        [
          480.16,
          300.4
        ],
        [
          459.69,
          303.13
        ],
        [
          440.58,
          303.81
        ],
        [
          429.66,
          299.72
        ],
        [
          423.51,
          292.89
        ],
        [
          428.29,
          302.45
        ],
        [
          431.7,
          312.69
        ],
        [
          432.39,
          321.56
        ],
        [
          431.02,
          327.7
        ],
        [
          433.75,
          332.48
        ],
        [
          432.39,
          337.94
        ],
        [
          422.83,
          342.03
        ],
        [
          420.1,
          340.67
        ],
        [
          424.88,
          334.53
        ],
        [
          424.2,
          324.29
        ],
        [
          424.2,
          318.15
        ],
        [
          418.74,
          314.73
        ],
        [
          416.01,
          310.64
        ],
        [
          416.01,
          303.81
        ],
        [
          413.28,
          318.83
        ],
        [
          409.86,
          326.34
        ],
        [
          407.13,
          335.89
        ],
        [
          407.13,
          340.67
        ],
        [
          407.13,
          345.45
        ],
        [
          394.17,
          350.91
        ],
        [
          389.39,
          348.86
        ],
        [
          388.02,
          346.13
        ],
        [
          394.85,
          338.62
        ],
        [
          398.94,
          335.21
        ],
        [
          400.99,
          322.92
        ],
        [
          398.26,
          321.56
        ],
        [
          399.63,
          312.0
        ]
      ],
      "shape_type": "polygon"
    }
  ],
  "imagePath": "361268.jpg",
  "imageHeight": 480,
  "imageWidth": 640
}