{
  "shapes": [
    {
      "label": "cow",
      "points": [
        [
          101.01,
          166.21
        ],
        [
          129.48,
          164.37
        ],
        [
          153.35,
          168.96
        ],
        [
          168.05,
          150.6
        ],
        [
          193.76,
          149.68
        ],
        [
          213.96,
          167.13
        ],
        [
          263.55,
          167.13
        ],
        [
          269.06,
          153.35
        ],
        [
          274.57,
          147.84
        ],
        [
          284.67,
          112.03
        ],
        [
          283.75,
          155.19
        ],
        [
          308.54,
          176.31
        ],
        [
          329.66,
          220.39
        ],
        [
          356.29,
          253.45
        ],
        [
          324.15,
          270.89
        ],
        [
          313.13,
          263.55
        ],
        [
          287.42,
          269.06
        ],
        [
          249.77,
          260.79
        ],
        [
          233.24,
          282.83
        ],
        [
          224.98,
          302.11
        ],
        [
          195.59,
          308.54
        ],
        [
          189.17,
          388.43
        ],
        [
          163.45,
          389.35
        ],
        [
          179.98,
          307.62
        ],
        [
          154.27,
          289.26
        ],
        [
          149.68,
          296.6
        ],
        [
          156.11,
          338.85
        ],
        [
          140.5,
          402.21
        ],
        [
          119.38,
          386.6
        ],
        [
          133.15,
          336.09
        ],
        [
          134.07,
          292.93
        ],
        [
          118.46,
          290.18
        ],
        [
          119.38,
          354.46
        ],
        [
          110.19,
          350.78
        ],
        [
          112.03,
          288.34
        ],
        [
          101.93,
          280.99
        ],
        [
          107.44,
          309.46
        ],
        [
          100.09,
          366.39
        ],
        [
          84.48,
          361.8
        ],
        [
          89.07,
          309.46
        ],
        [
          76.22,
          267.22
        ],
        [
          61.52,
          243.34
        ],
        [
          80.81,
          184.57
        ],
        [
          89.07,
          158.86
        ]
      ],
      "shape_type": "polygon"
    }
  ],
  "imagePath": "105264.jpg",
  "imageHeight": 427,
  "imageWidth": 640
}