{
  "shapes": [
    {
      "label": "cow",
      "points": [
        [
          238.31,
          189.43
        ],
        [
          268.58,
          186.16
        ],
        [
          322.58,
          192.7
        ],
        [
          361.03,
          190.25
        ],
        [
          400.31,
          188.61
        ],
        [
          415.85,
          184.52
        ],
        [
          431.4,
          184.52
        ],
        [
          456.76,
          187.79
        ],
        [
          469.85,
          215.61
        ],
        [
          469.03,
          285.16
        ],
        [
          469.03,
          285.98
        ],
        [
          469.03,
          318.7
        ],
        [
          469.03,
          323.61
        ],
        [
          469.03,
          344.07
        ],
        [
          459.21,
          371.07
        ],
        [
          455.12,
          379.25
        ],
        [
          429.76,
          385.79
        ],
        [
          402.76,
          384.98
        ],
        [
          412.58,
          361.25
        ],
        [
          412.58,
          361.25
        ],
        [
          415.85,
          334.25
        ],
        [
          415.85,
          330.98
        ],
        [
          409.31,
          290.07
        ],
        [
          409.31,
          290.07
        ],
        [
          388.03,
          294.98
        ],
        [
          388.03,
          294.98
        ],
        [
          365.94,
          304.79
        ],
        [
          347.94,
          307.25
        ],
        [
          343.03,
          303.98
        ],
        [
          300.49,
          301.52
        ],
        [
          290.67,
          312.16
        ],
        [
          284.94,
          316.25
        ],
        [
          280.03,
          334.25
        ],
        [
          275.94,
          346.52
        ],
        [
          277.58,
          377.61
        ],
        [
          268.58,
          384.16
        ],
        [
          268.58,
          386.61
        ],
        [
          249.76,
          387.43
        ],
        [
          253.85,
          378.43
        ],
        [
          262.03,
          361.25
        ],
        [
          256.31,
          340.79
        ],
        [
          255.49,
          313.79
        ],
        [
          233.4,
          305.61
        ],
        [
          226.03,
          290.88
        ],
        [
          217.85,
          270.43
        ],
        [
          217.85,
          262.25
        ],
        [
          204.76,
          259.79
        ],
        [
          200.67,
          242.82
        ],
        [
          201.66,
          229.78
        ],
        [
          197.19,
          217.86
        ],
        [
          188.25,
          218.85
        ],
        [
          177.32,
          213.39
        ],
        [
          167.89,
          206.43
        ],
        [
          168.38,
          199.98
        ],
        [
          182.79,
          195.5
        ],
        [
          196.2,
          197.99
        ],
        [
          199.68,
          195.5
        ],
        [
          205.64,
          188.05
        ],
        [
          211.6,
          184.08
        ],
        [
          222.53,
          182.09
        ],
        [
          230.47,
          184.58
        ]
      ],
      "shape_type": "polygon"
    }
  ],
  "imagePath": "052565.jpg",
  "imageHeight": 458,
  "imageWidth": 640
}