{
  "shapes": [
    {
      "label": "cow",
      "points": [
        [
          227.42,
          359.99
        ],
        [
          214.11,
          358.88
        ],
        [
          207.45,
          356.66
        ],
        [
          211.89,
          341.13
        ],
        [
          207.45,
          336.7
        ],
        [
          209.67,
          328.93
        ],
        [
          209.67,
          293.43
        ],
        [
          209.67,
          241.29
        ],
        [
          205.23,
          209.12
        ],
        [
          199.69,
          183.6
        ],
        [
          204.12,
          160.3
        ],
        [
          215.22,
          153.65
        ],
        [
          237.41,
          148.1
        ],
        [
          257.38,
          145.88
        ],
        [
          271.8,
          148.1
        ],
        [
          317.28,
          134.79
        ],
        [
          337.25,
          124.8
        ],
        [
          391.61,
          124.8
        ],
        [
          413.8,
          125.91
        ],
        [
          429.33,
          135.9
        ],
        [
          442.64,
          141.45
        ],
        [
          453.73,
          148.1
        ],
        [
          467.05,
          149.21
        ],
        [
          478.14,
          140.34
        ],
        [
          488.13,
          135.9
        ],
        [
          506.98,
          146.99
        ],
        [
          504.77,
          155.87
        ],
        [
          510.31,
          162.52
        ],
        [
          516.97,
          161.41
        ],
        [
          534.72,
          156.98
        ],
        [
          548.03,
          165.85
        ],
        [
          544.7,
          178.05
        ],
        [
          538.05,
          181.38
        ],
        [
          528.06,
          183.6
        ],
        [
          519.19,
          185.82
        ],
        [
          511.42,
          184.71
        ],
        [
          505.88,
          200.24
        ],
        [
          503.66,
          217.99
        ],
        [
          506.98,
          241.29
        ],
        [
          506.98,
          242.4
        ],
        [
          487.02,
          240.18
        ],
        [
          475.92,
          237.96
        ],
        [
          473.7,
          225.76
        ],
        [
          464.83,
          219.1
        ],
        [
          447.08,
          243.51
        ],
        [
          433.77,
          267.91
        ],
        [
          426.0,
          275.68
        ],
        [
          417.13,
          277.9
        ],
        [
          411.58,
          280.12
        ],
        [
          407.14,
          308.96
        ],
        [
          403.81,
          336.7
        ],
        [
          410.47,
          352.23
        ],
        [
          419.34,
          362.21
        ],
        [
          412.69,
          367.76
        ],
        [
          401.59,
          368.87
        ],
        [
          397.16,
          373.3
        ],
        [
          383.84,
          374.41
        ],
        [
          371.64,
          368.87
        ],
        [
          369.42,
          363.32
        ],
        [
          363.87,
          354.45
        ],
        [
          370.53,
          342.24
        ],
        [
          368.31,
          323.38
        ],
        [
          361.66,
          263.48
        ],
        [
          357.22,
          262.37
        ],
        [
          327.27,
          273.46
        ],
        [
          311.73,
          274.57
        ],
        [
          290.66,
          274.57
        ],
        [
          282.89,
          270.13
        ],
        [
          270.69,
          266.8
        ],
        [
          261.81,
          273.46
        ],
        [
          255.16,
          288.99
        ],
        [
          251.83,
          298.98
        ],
        [
          248.5,
          314.51
        ],
        [
          252.94,
          335.59
        ],
        [
          259.59,
          342.24
        ],
        [
          262.92,
          353.34
        ],
        [
          249.61,
          355.55
        ],
        [
          238.52,
          351.12
        ],
        [
          237.41,
          347.79
        ],
        [
          232.97,
          338.91
        ],
        [
          236.3,
          331.15
        ],
        [
          234.08,
          303.41
        ],
        [
          230.75,
          290.1
        ],
        [
          222.98,
          306.74
        ],
        [
          222.98,
          328.93
        ],
        [
          234.08,
          351.12
        ],
        [
          225.2,
          357.77
        ]
      ],
      "shape_type": "polygon"
    }
  ],
  "imagePath": "334555.jpg",
  "imageHeight": 426,
  "imageWidth": 640
}