{
  "shapes": [
    {
      "label": "cow",
      "points": [
        [
          336.1,
          266.29
        ],
        [
          306.76,
          268.18
        ],
        [
          304.87,
          259.66
        ],
        [
          310.55,
          244.52
        ],
        [
          305.34,
          208.09
        ],
        [
          303.92,
          200.52
        ],
        [
          309.13,
          187.27
        ],
        [
          311.49,
          169.76
        ],
        [
          321.9,
          164.56
        ],
        [
          327.11,
          173.55
        ],
        [
          330.89,
          175.92
        ],
        [
          335.15,
          171.66
        ],
        [
          342.72,
          151.31
        ],
        [
          353.13,
          137.59
        ],
        [
          377.26,
          134.28
        ],
        [
          399.5,
          142.32
        ],
        [
          404.23,
          140.43
        ],
        [
          416.53,
          145.63
        ],
        [
          421.74,
          144.69
        ],
        [
          427.89,
          142.79
        ],
        [
          442.08,
          148.47
        ],
        [
          449.18,
          162.19
        ],
        [
          453.44,
          170.71
        ],
        [
          455.8,
          185.38
        ],
        [
          443.5,
          212.35
        ],
        [
          435.93,
          241.68
        ],
        [
          433.09,
          252.09
        ],
        [
          430.73,
          271.49
        ],
        [
          423.16,
          289.95
        ],
        [
          423.63,
          306.03
        ],
        [
          413.69,
          316.91
        ],
        [
          410.86,
          309.82
        ],
        [
          414.64,
          295.15
        ],
        [
          415.11,
          279.06
        ],
        [
          415.11,
          270.07
        ],
        [
          410.35,
          275.74
        ],
        [
          409.5,
          278.81
        ],
        [
          408.55,
          282.51
        ],
        [
          404.84,
          282.41
        ],
        [
          402.73,
          280.82
        ],
        [
          402.62,
          279.33
        ],
        [
          402.41,
          277.11
        ],
        [
          402.3,
          275.42
        ],
        [
          401.98,
          274.89
        ],
        [
          398.7,
          275.31
        ],
        [
          398.38,
          277.43
        ],
        [
          398.49,
          278.91
        ],
        [
          397.43,
          280.92
        ],
        [
          395.84,
          281.45
        ],
        [
          393.62,
          279.76
        ],
        [
          393.51,
          278.38
        ],
        [
          391.19,
          281.88
        ],
        [
          388.01,
          285.9
        ],
        [
          388.33,
          294.69
        ],
        [
          387.27,
          296.59
        ],
        [
          385.26,
          308.56
        ],
        [
          379.33,
          310.46
        ],
        [
          376.26,
          309.08
        ],
        [
          374.03,
          308.24
        ],
        [
          370.96,
          307.71
        ],
        [
          369.59,
          309.3
        ],
        [
          372.34,
          317.77
        ],
        [
          373.4,
          331.85
        ],
        [
          357.73,
          331.21
        ],
        [
          359.11,
          313.85
        ],
        [
          357.1,
          297.54
        ],
        [
          354.34,
          293.63
        ],
        [
          354.45,
          290.87
        ],
        [
          351.8,
          275.31
        ],
        [
          349.79,
          272.66
        ],
        [
          349.68,
          270.02
        ],
        [
          343.66,
          256.24
        ],
        [
          339.43,
          247.78
        ],
        [
          334.93,
          254.65
        ]
      ],
      "shape_type": "polygon"
    }
  ],
  "imagePath": "193162.jpg",
  "imageHeight": 428,
  "imageWidth": 640
}