{
  "shapes": [
    {
      "label": "cow",
      "points": [
        [
          209.26,
          407.97
        ],
        [
          215.22,
          359.33
        ],
        [
          205.29,
          353.38
        ],
        [
          190.4,
          359.33
        ],
        [
          183.46,
          396.06
        ],
        [
          177.5,
          402.01
        ],
        [
          155.67,
          404.99
        ],
        [
          150.7,
          400.03
        ],
        [
          164.6,
          390.1
        ],
        [
          170.55,
          374.22
        ],
        [
          169.56,
          359.33
        ],
        [
          164.6,
          345.44
        ],
        [
          151.69,
          334.52
        ],
        [
          146.73,
          320.62
        ],
        [
          136.81,
          318.64
        ],
        [
          120.93,
          312.68
        ],
        [
          101.07,
          313.67
        ],
        [
          86.19,
          311.69
        ],
        [
          82.22,
          308.71
        ],
        [
          82.22,
          289.85
        ],
        [
          81.22,
          260.08
        ],
        [
          81.22,
          230.3
        ],
        [
          103.06,
          213.43
        ],
        [
          115.96,
          206.48
        ],
        [
          132.84,
          211.44
        ],
        [
          158.64,
          200.52
        ],
        [
          189.41,
          211.44
        ],
        [
          217.2,
          220.37
        ],
        [
          254.92,
          230.3
        ],
        [
          301.57,
          233.28
        ],
        [
          333.33,
          230.3
        ],
        [
          348.22,
          262.06
        ],
        [
          356.16,
          279.93
        ],
        [
          349.21,
          305.73
        ],
        [
          339.29,
          324.59
        ],
        [
          332.34,
          350.4
        ],
        [
          332.34,
          381.17
        ],
        [
          329.36,
          394.07
        ],
        [
          307.53,
          397.05
        ],
        [
          304.55,
          382.16
        ],
        [
          289.66,
          377.2
        ],
        [
          305.54,
          353.38
        ],
        [
          296.61,
          324.59
        ],
        [
          269.81,
          339.48
        ],
        [
          244.0,
          330.55
        ],
        [
          236.06,
          355.36
        ],
        [
          237.06,
          402.01
        ],
        [
          232.09,
          411.94
        ],
        [
          207.28,
          411.94
        ],
        [
          209.26,
          404.99
        ]
      ],
      "shape_type": "polygon"
    }
  ],
  "imagePath": "289393.jpg",
  "imageHeight": 480,
  "imageWidth": 640
}