{
  "shapes": [
    {
      "label": "dog",
      "points": [
        [
          192.81,
          333.63
        ],
        [
          193.57,
          327.56
        ],
        [
          202.68,
          316.93
        ],
        [
          204.96,
          289.6
        ],
        [
          193.57,
          253.16
        ],
        [
          188.26,
          232.67
        ],
        [
          187.5,
          217.48
        ],
        [
          182.95,
          203.82
        ],
        [
          180.67,
          194.71
        ],
        [
          173.84,
          183.32
        ],
        [
          170.04,
          175.73
        ],
        [
          170.8,
          168.14
        ],
        [
          183.7,
          160.55
        ],
        [
          197.37,
          157.52
        ],
        [
          214.83,
          158.27
        ],
        [
          223.18,
          160.55
        ],
        [
          226.97,
          159.79
        ],
        [
          233.81,
          168.14
        ],
        [
          245.19,
          180.29
        ],
        [
          248.23,
          171.18
        ],
        [
          274.8,
          165.11
        ],
        [
          302.13,
          163.59
        ],
        [
          321.1,
          172.7
        ],
        [
          332.49,
          181.81
        ],
        [
          337.04,
          195.47
        ],
        [
          337.04,
          208.38
        ],
        [
          346.91,
          211.41
        ],
        [
          350.71,
          206.1
        ],
        [
          348.43,
          194.71
        ],
        [
          348.43,
          190.92
        ],
        [
          359.82,
          199.27
        ],
        [
          365.13,
          209.89
        ],
        [
          358.3,
          223.56
        ],
        [
          345.39,
          228.11
        ],
        [
          334.77,
          226.59
        ],
        [
          328.69,
          219.0
        ],
        [
          328.69,
          229.63
        ],
        [
          324.9,
          239.5
        ],
        [
          326.42,
          257.72
        ],
        [
          331.73,
          269.86
        ],
        [
          332.49,
          274.42
        ],
        [
          328.69,
          291.88
        ],
        [
          327.18,
          305.54
        ],
        [
          324.14,
          313.13
        ],
        [
          308.2,
          310.86
        ],
        [
          305.92,
          307.82
        ],
        [
          305.92,
          300.99
        ],
        [
          318.07,
          297.19
        ],
        [
          321.86,
          277.45
        ],
        [
          314.27,
          259.99
        ],
        [
          308.96,
          278.97
        ],
        [
          305.92,
          290.36
        ],
        [
          301.37,
          299.47
        ],
        [
          287.7,
          299.47
        ],
        [
          280.87,
          291.88
        ],
        [
          289.22,
          287.32
        ],
        [
          295.29,
          287.32
        ],
        [
          302.88,
          268.35
        ],
        [
          291.5,
          250.13
        ],
        [
          286.18,
          234.94
        ],
        [
          283.91,
          229.63
        ],
        [
          274.04,
          229.63
        ],
        [
          258.1,
          235.7
        ],
        [
          252.02,
          244.05
        ],
        [
          243.67,
          250.89
        ],
        [
          240.64,
          272.9
        ],
        [
          241.4,
          294.15
        ],
        [
          236.84,
          316.93
        ],
        [
          236.84,
          332.11
        ],
        [
          233.81,
          338.18
        ],
        [
          221.66,
          341.22
        ],
        [
          214.83,
          334.39
        ],
        [
          220.9,
          324.52
        ],
        [
          226.97,
          303.26
        ],
        [
          228.49,
          288.08
        ],
        [
          230.01,
          269.86
        ],
        [
          219.38,
          256.2
        ],
        [
          216.35,
          269.1
        ],
        [
          217.11,
          291.12
        ],
        [
          218.62,
          311.61
        ],
        [
          217.86,
          324.52
        ],
        [
          211.03,
          332.11
        ],
        [
          204.2,
          335.91
        ],
        [
          198.13,
          336.66
        ]
      ],
      "shape_type": "polygon"
    }
  ],
  "imagePath": "029393.jpg",
  "imageHeight": 375,
  "imageWidth": 500
}