{
  "shapes": [
    {
      "label": "dog",
      "points": [
        [
          436.28,
          410.53
        ],
        [
          407.13,
          393.04
        ],
        [
          400.32,
          351.26
        ],
        [
          411.01,
          193.85
        ],
        [
          424.62,
          158.87
        ],
        [
          455.71,
          128.74
        ],
        [
          485.83,
          130.69
        ],
        [
          502.35,
          123.89
        ],
        [
          508.18,
          100.57
        ],
        [
          493.6,
          90.85
        ],
        [
          483.89,
          79.19
        ],
        [
          471.26,
          56.84
        ],
        [
          444.05,
          45.18
        ],
        [
          416.84,
          44.21
        ],
        [
          381.86,
          62.67
        ],
        [
          373.12,
          82.11
        ],
        [
          339.11,
          107.37
        ],
        [
          310.93,
          128.74
        ],
        [
          280.81,
          169.55
        ],
        [
          249.72,
          203.56
        ],
        [
          236.11,
          283.24
        ],
        [
          221.54,
          287.13
        ],
        [
          210.85,
          321.13
        ],
        [
          203.08,
          333.77
        ],
        [
          219.6,
          355.14
        ],
        [
          276.92,
          370.69
        ],
        [
          302.19,
          370.69
        ],
        [
          333.28,
          368.74
        ],
        [
          358.54,
          364.86
        ],
        [
          369.23,
          365.83
        ],
        [
          376.03,
          357.09
        ],
        [
          382.83,
          402.75
        ],
        [
          391.58,
          425.1
        ],
        [
          422.67,
          423.16
        ]
      ],
      "shape_type": "polygon"
    }
  ],
  "imagePath": "060835.jpg",
  "imageHeight": 480,
  "imageWidth": 640
}