{
  "shapes": [
    {
      "label": "dog",
      "points": [
        [
          370.42,
          234.67
        ],
        [
          370.42,
          219.15
        ],
        [
          370.42,
          210.42
        ],
        [
          371.39,
          199.76
        ],
        [
          376.24,
          185.21
        ],
        [
          361.7,
          176.48
        ],
        [
          352.97,
          167.76
        ],
        [
          331.64,
          172.61
        ],
        [
          338.42,
          154.18
        ],
        [
          370.42,
          140.61
        ],
        [
          385.94,
          145.45
        ],
        [
          410.18,
          145.45
        ],
        [
          439.27,
          149.33
        ],
        [
          462.55,
          156.12
        ],
        [
          480.0,
          182.3
        ],
        [
          469.33,
          184.24
        ],
        [
          448.97,
          188.12
        ],
        [
          451.88,
          198.79
        ],
        [
          455.76,
          216.24
        ],
        [
          490.67,
          195.88
        ],
        [
          538.18,
          203.64
        ],
        [
          569.21,
          212.36
        ],
        [
          598.3,
          244.36
        ],
        [
          634.18,
          295.76
        ],
        [
          640.0,
          323.88
        ],
        [
          634.18,
          354.91
        ],
        [
          624.48,
          362.67
        ],
        [
          594.42,
          367.52
        ],
        [
          574.06,
          369.45
        ],
        [
          562.42,
          369.45
        ],
        [
          562.42,
          359.76
        ],
        [
          561.45,
          355.88
        ],
        [
          561.45,
          355.88
        ],
        [
          531.39,
          331.64
        ],
        [
          490.67,
          296.73
        ],
        [
          436.36,
          284.12
        ],
        [
          415.03,
          256.97
        ],
        [
          381.09,
          273.45
        ],
        [
          366.55,
          282.18
        ],
        [
          362.67,
          290.91
        ],
        [
          343.27,
          292.85
        ],
        [
          298.67,
          274.42
        ],
        [
          301.58,
          295.76
        ],
        [
          279.27,
          286.06
        ],
        [
          272.48,
          268.61
        ],
        [
          282.18,
          249.21
        ],
        [
          295.76,
          247.27
        ],
        [
          304.48,
          251.15
        ],
        [
          312.24,
          256.0
        ],
        [
          330.67,
          263.76
        ],
        [
          337.45,
          264.73
        ],
        [
          344.24,
          267.64
        ],
        [
          372.36,
          233.7
        ]
      ],
      "shape_type": "polygon"
    }
  ],
  "imagePath": "338901.jpg",
  "imageHeight": 480,
  "imageWidth": 640
}