{
  "shapes": [
    {
      "label": "dog",
      "points": [
        [
          5.82,
          170.37
        ],
        [
          68.85,
          201.4
        ],
        [
          101.82,
          235.34
        ],
        [
          104.73,
          257.64
        ],
        [
          124.12,
          272.19
        ],
        [
          161.94,
          278.98
        ],
        [
          233.7,
          298.37
        ],
        [
          243.39,
          323.58
        ],
        [
          227.88,
          373.04
        ],
        [
          195.88,
          424.43
        ],
        [
          121.21,
          449.64
        ],
        [
          93.09,
          467.1
        ],
        [
          73.7,
          470.01
        ],
        [
          12.61,
          471.95
        ],
        [
          1.94,
          472.92
        ],
        [
          2.91,
          406.01
        ],
        [
          3.88,
          285.76
        ],
        [
          3.88,
          167.46
        ]
      ],
      "shape_type": "polygon"
    }
  ],
  "imagePath": "236592.jpg",
  "imageHeight": 480,
  "imageWidth": 640
}