{
  "shapes": [
    {
      "label": "dog",
      "points": [
        [
          468.14,
          274.62
        ],
        [
          456.11,
          314.14
        ],
        [
          424.32,
          328.75
        ],
        [
          414.87,
          320.16
        ],
        [
          414.01,
          307.27
        ],
        [
          426.9,
          299.54
        ],
        [
          433.77,
          286.65
        ],
        [
          428.62,
          277.2
        ],
        [
          403.7,
          270.33
        ],
        [
          387.38,
          263.45
        ],
        [
          382.22,
          270.33
        ],
        [
          362.46,
          270.33
        ],
        [
          343.56,
          280.64
        ],
        [
          322.94,
          280.64
        ],
        [
          307.48,
          270.33
        ],
        [
          299.74,
          266.89
        ],
        [
          292.87,
          277.2
        ],
        [
          306.62,
          296.1
        ],
        [
          322.08,
          313.28
        ],
        [
          330.67,
          323.59
        ],
        [
          322.94,
          332.19
        ],
        [
          334.11,
          340.78
        ],
        [
          328.1,
          355.38
        ],
        [
          322.08,
          363.11
        ],
        [
          304.9,
          357.1
        ],
        [
          300.6,
          363.11
        ],
        [
          273.97,
          324.45
        ],
        [
          267.96,
          313.28
        ],
        [
          251.63,
          287.51
        ],
        [
          250.77,
          264.31
        ],
        [
          229.29,
          271.19
        ],
        [
          228.43,
          288.37
        ],
        [
          217.26,
          296.1
        ],
        [
          186.34,
          284.93
        ],
        [
          175.17,
          278.92
        ],
        [
          164.0,
          285.79
        ],
        [
          138.22,
          295.24
        ],
        [
          103.0,
          278.92
        ],
        [
          84.1,
          247.99
        ],
        [
          78.94,
          217.06
        ],
        [
          70.35,
          190.42
        ],
        [
          50.59,
          157.78
        ],
        [
          44.57,
          149.19
        ],
        [
          51.45,
          136.3
        ],
        [
          43.72,
          132.0
        ],
        [
          36.84,
          141.45
        ],
        [
          29.11,
          141.45
        ],
        [
          39.42,
          125.13
        ],
        [
          51.45,
          115.68
        ],
        [
          70.35,
          119.11
        ],
        [
          92.69,
          132.0
        ],
        [
          97.84,
          140.59
        ],
        [
          115.03,
          143.17
        ],
        [
          143.38,
          143.17
        ],
        [
          154.55,
          149.19
        ],
        [
          170.01,
          140.59
        ],
        [
          181.18,
          136.3
        ],
        [
          224.14,
          119.97
        ],
        [
          225.0,
          129.42
        ],
        [
          213.83,
          140.59
        ],
        [
          206.1,
          141.45
        ],
        [
          200.08,
          156.92
        ],
        [
          199.22,
          163.79
        ],
        [
          222.42,
          159.5
        ],
        [
          247.34,
          150.9
        ],
        [
          279.12,
          150.9
        ],
        [
          315.21,
          168.95
        ],
        [
          361.6,
          179.26
        ],
        [
          384.8,
          185.27
        ],
        [
          406.28,
          187.85
        ],
        [
          432.91,
          204.17
        ],
        [
          428.62,
          209.33
        ],
        [
          425.18,
          223.07
        ],
        [
          424.32,
          236.82
        ],
        [
          429.48,
          245.41
        ],
        [
          441.5,
          255.72
        ],
        [
          456.11,
          262.59
        ],
        [
          466.42,
          271.19
        ]
      ],
      "shape_type": "polygon"
    }
  ],
  "imagePath": "219578.jpg",
  "imageHeight": 427,
  "imageWidth": 640
}