{
  "shapes": [
    {
      "label": "dog",
      "points": [
        [
          274.06,
          193.89
        ],
        [
          248.1,
          173.69
        ],
        [
          229.35,
          157.83
        ],
        [
          213.48,
          146.29
        ],
        [
          199.78,
          136.19
        ],
        [
          193.28,
          128.98
        ],
        [
          204.82,
          117.44
        ],
        [
          214.92,
          106.62
        ],
        [
          219.25,
          94.36
        ],
        [
          237.28,
          88.59
        ],
        [
          243.77,
          88.59
        ],
        [
          245.21,
          110.23
        ],
        [
          259.64,
          100.13
        ],
        [
          278.39,
          94.36
        ],
        [
          278.39,
          94.36
        ],
        [
          294.25,
          87.87
        ],
        [
          310.12,
          87.87
        ],
        [
          323.1,
          68.39
        ],
        [
          338.97,
          65.51
        ],
        [
          355.56,
          71.28
        ],
        [
          372.15,
          77.05
        ],
        [
          386.57,
          86.43
        ],
        [
          384.41,
          98.69
        ],
        [
          402.44,
          102.29
        ],
        [
          421.91,
          105.9
        ],
        [
          440.66,
          98.69
        ],
        [
          468.07,
          102.29
        ],
        [
          486.82,
          121.76
        ],
        [
          487.54,
          149.89
        ],
        [
          481.77,
          169.36
        ],
        [
          468.07,
          183.07
        ],
        [
          460.85,
          196.05
        ],
        [
          468.79,
          206.15
        ],
        [
          470.23,
          219.13
        ],
        [
          457.97,
          224.9
        ],
        [
          447.15,
          235.72
        ],
        [
          442.1,
          235.72
        ],
        [
          436.33,
          252.3
        ],
        [
          430.56,
          263.84
        ],
        [
          419.02,
          271.78
        ],
        [
          407.48,
          268.17
        ],
        [
          402.44,
          258.79
        ],
        [
          405.32,
          245.81
        ],
        [
          403.88,
          237.88
        ],
        [
          394.5,
          240.76
        ],
        [
          379.36,
          234.27
        ],
        [
          348.35,
          223.46
        ],
        [
          292.09,
          204.7
        ],
        [
          274.06,
          193.16
        ]
      ],
      "shape_type": "polygon"
    }
  ],
  "imagePath": "134112.jpg",
  "imageHeight": 357,
  "imageWidth": 500
}