{
  "shapes": [
    {
      "label": "dog",
      "points": [
        [
          115.88,
          294.53
        ],
        [
          155.47,
          301.28
        ],
        [
          253.97,
          289.7
        ],
        [
          296.46,
          283.9
        ],
        [
          351.5,
          261.69
        ],
        [
          385.3,
          229.83
        ],
        [
          373.71,
          210.51
        ],
        [
          410.4,
          201.82
        ],
        [
          502.14,
          200.86
        ],
        [
          518.56,
          190.23
        ],
        [
          519.52,
          180.58
        ],
        [
          584.22,
          171.89
        ],
        [
          615.12,
          151.61
        ],
        [
          559.12,
          129.4
        ],
        [
          537.87,
          107.19
        ],
        [
          473.17,
          117.81
        ],
        [
          355.36,
          124.57
        ],
        [
          220.17,
          120.71
        ],
        [
          149.68,
          198.93
        ],
        [
          96.57,
          268.45
        ],
        [
          116.84,
          292.59
        ]
      ],
      "shape_type": "polygon"
    }
  ],
  "imagePath": "530624.jpg",
  "imageHeight": 478,
  "imageWidth": 640
}