{
  "shapes": [
    {
      "label": "dog",
      "points": [
        [
          34.34,
          490.74
        ],
        [
          41.41,
          476.6
        ],
        [
          53.54,
          451.35
        ],
        [
          54.55,
          439.23
        ],
        [
          54.55,
          425.08
        ],
        [
          54.55,
          411.95
        ],
        [
          52.53,
          396.8
        ],
        [
          52.53,
          378.62
        ],
        [
          52.53,
          362.46
        ],
        [
          63.64,
          342.26
        ],
        [
          71.72,
          339.23
        ],
        [
          78.79,
          341.25
        ],
        [
          91.92,
          341.25
        ],
        [
          111.11,
          338.22
        ],
        [
          119.19,
          339.23
        ],
        [
          129.29,
          345.29
        ],
        [
          138.38,
          352.36
        ],
        [
          142.42,
          351.35
        ],
        [
          149.49,
          344.28
        ],
        [
          154.55,
          338.22
        ],
        [
          158.59,
          330.13
        ],
        [
          164.65,
          322.05
        ],
        [
          170.71,
          317.0
        ],
        [
          175.76,
          319.02
        ],
        [
          179.8,
          328.11
        ],
        [
          182.83,
          337.21
        ],
        [
          176.77,
          346.3
        ],
        [
          173.74,
          353.37
        ],
        [
          165.66,
          360.44
        ],
        [
          161.62,
          362.46
        ],
        [
          157.58,
          367.51
        ],
        [
          155.56,
          376.6
        ],
        [
          140.4,
          380.64
        ],
        [
          151.52,
          405.89
        ],
        [
          151.52,
          418.01
        ],
        [
          154.55,
          428.11
        ],
        [
          166.67,
          436.2
        ],
        [
          173.74,
          444.28
        ],
        [
          181.82,
          461.45
        ],
        [
          203.03,
          492.76
        ],
        [
          175.76,
          492.76
        ],
        [
          159.6,
          493.77
        ],
        [
          140.4,
          493.77
        ],
        [
          105.05,
          494.78
        ],
        [
          69.7,
          494.78
        ],
        [
          32.32,
          494.78
        ]
      ],
      "shape_type": "polygon"
    }
  ],
  "imagePath": "117525.jpg",
  "imageHeight": 500,
  "imageWidth": 500
}