{
  "shapes": [
    {
      "label": "dog",
      "points": [
        [
          503.13,
          363.78
        ],
        [
          541.77,
          358.63
        ],
        [
          541.77,
          302.82
        ],
        [
          534.9,
          261.61
        ],
        [
          559.8,
          267.62
        ],
        [
          564.09,
          332.01
        ],
        [
          586.41,
          347.46
        ],
        [
          607.88,
          339.74
        ],
        [
          612.17,
          270.19
        ],
        [
          615.61,
          201.51
        ],
        [
          616.46,
          158.58
        ],
        [
          606.16,
          139.69
        ],
        [
          613.03,
          107.06
        ],
        [
          601.01,
          77.87
        ],
        [
          584.7,
          96.76
        ],
        [
          585.56,
          113.93
        ],
        [
          546.92,
          124.23
        ],
        [
          541.77,
          125.95
        ],
        [
          539.19,
          107.06
        ],
        [
          525.45,
          101.05
        ],
        [
          503.99,
          97.62
        ],
        [
          492.83,
          89.89
        ],
        [
          459.34,
          97.62
        ],
        [
          444.75,
          120.8
        ],
        [
          446.46,
          131.96
        ],
        [
          427.58,
          162.01
        ],
        [
          446.46,
          192.92
        ],
        [
          466.21,
          194.64
        ],
        [
          472.22,
          211.81
        ],
        [
          489.39,
          207.52
        ],
        [
          496.26,
          193.78
        ],
        [
          491.11,
          250.44
        ],
        [
          508.28,
          316.56
        ],
        [
          499.7,
          355.19
        ],
        [
          502.27,
          363.78
        ]
      ],
      "shape_type": "polygon"
    }
  ],
  "imagePath": "554002.jpg",
  "imageHeight": 425,
  "imageWidth": 640
}