{
  "shapes": [
    {
      "label": "dog",
      "points": [
        [
          304.45,
          259.76
        ],
        [
          200.81,
          328.42
        ],
        [
          130.85,
          377.65
        ],
        [
          71.26,
          456.68
        ],
        [
          25.91,
          537.0
        ],
        [
          12.96,
          599.19
        ],
        [
          5.18,
          627.69
        ],
        [
          143.81,
          630.28
        ],
        [
          200.81,
          627.69
        ],
        [
          221.54,
          525.34
        ],
        [
          252.63,
          473.52
        ],
        [
          294.09,
          441.13
        ],
        [
          340.73,
          345.26
        ],
        [
          373.12,
          331.01
        ],
        [
          383.48,
          347.85
        ],
        [
          399.03,
          337.49
        ],
        [
          397.73,
          329.72
        ],
        [
          410.69,
          327.13
        ],
        [
          408.1,
          308.99
        ],
        [
          395.14,
          297.33
        ],
        [
          382.19,
          258.46
        ],
        [
          375.71,
          250.69
        ],
        [
          364.05,
          215.71
        ],
        [
          343.32,
          242.91
        ],
        [
          334.25,
          233.85
        ],
        [
          325.18,
          217.0
        ],
        [
          304.45,
          248.1
        ]
      ],
      "shape_type": "polygon"
    }
  ],
  "imagePath": "407083.jpg",
  "imageHeight": 640,
  "imageWidth": 480
}