{
  "shapes": [
    {
      "label": "dog",
      "points": [
        [
          200.61,
          253.97
        ],
        [
          273.19,
          318.49
        ],
        [
          302.43,
          336.64
        ],
        [
          357.87,
          340.67
        ],
        [
          402.23,
          316.48
        ],
        [
          470.78,
          331.6
        ],
        [
          521.19,
          321.52
        ],
        [
          583.69,
          323.53
        ],
        [
          598.81,
          287.24
        ],
        [
          600.83,
          236.84
        ],
        [
          584.7,
          190.46
        ],
        [
          580.66,
          169.29
        ],
        [
          531.27,
          121.91
        ],
        [
          472.8,
          93.69
        ],
        [
          420.38,
          89.65
        ],
        [
          340.74,
          108.81
        ],
        [
          295.37,
          119.9
        ],
        [
          263.11,
          141.07
        ],
        [
          233.88,
          183.41
        ],
        [
          213.72,
          229.78
        ],
        [
          200.61,
          248.93
        ]
      ],
      "shape_type": "polygon"
    }
  ],
  "imagePath": "579321.jpg",
  "imageHeight": 498,
  "imageWidth": 640
}