{
  "shapes": [
    {
      "label": "dog",
      "points": [
        [
          240.8,
          385.15
        ],
        [
          244.67,
          381.29
        ],
        [
          249.82,
          377.43
        ],
        [
          256.26,
          373.57
        ],
        [
          270.42,
          359.4
        ],
        [
          275.57,
          352.96
        ],
        [
          279.44,
          347.81
        ],
        [
          282.01,
          345.24
        ],
        [
          292.31,
          340.08
        ],
        [
          296.18,
          337.51
        ],
        [
          302.62,
          336.22
        ],
        [
          314.21,
          337.51
        ],
        [
          323.22,
          342.66
        ],
        [
          328.37,
          342.66
        ],
        [
          345.11,
          364.55
        ],
        [
          345.11,
          368.41
        ],
        [
          348.97,
          378.72
        ],
        [
          350.26,
          377.43
        ],
        [
          364.43,
          389.02
        ],
        [
          359.28,
          400.61
        ],
        [
          342.54,
          410.91
        ],
        [
          324.51,
          412.2
        ],
        [
          310.34,
          416.06
        ],
        [
          310.34,
          441.81
        ],
        [
          311.63,
          441.81
        ],
        [
          312.92,
          450.83
        ],
        [
          325.79,
          457.27
        ],
        [
          332.23,
          466.28
        ],
        [
          334.81,
          492.04
        ],
        [
          333.52,
          497.19
        ],
        [
          321.93,
          501.05
        ],
        [
          312.92,
          488.17
        ],
        [
          302.62,
          483.02
        ],
        [
          265.27,
          502.34
        ],
        [
          227.93,
          508.78
        ],
        [
          181.57,
          504.91
        ],
        [
          177.71,
          504.91
        ],
        [
          159.68,
          484.31
        ],
        [
          160.97,
          461.13
        ],
        [
          151.95,
          428.94
        ],
        [
          164.83,
          416.06
        ],
        [
          172.56,
          404.47
        ],
        [
          177.71,
          400.61
        ],
        [
          189.3,
          398.03
        ],
        [
          204.75,
          391.59
        ],
        [
          218.91,
          390.31
        ],
        [
          243.38,
          386.44
        ],
        [
          251.11,
          382.58
        ]
      ],
      "shape_type": "polygon"
    }
  ],
  "imagePath": "446522.jpg",
  "imageHeight": 640,
  "imageWidth": 480
}