{
  "shapes": [
    {
      "label": "dog",
      "points": [
        [
          311.01,
          331.72
        ],
        [
          330.77,
          317.11
        ],
        [
          352.25,
          298.21
        ],
        [
          372.01,
          288.76
        ],
        [
          371.15,
          299.93
        ],
        [
          370.3,
          310.24
        ],
        [
          374.59,
          321.41
        ],
        [
          383.18,
          334.29
        ],
        [
          384.9,
          345.46
        ],
        [
          378.89,
          357.49
        ],
        [
          377.17,
          364.36
        ],
        [
          373.73,
          369.52
        ],
        [
          375.45,
          373.82
        ],
        [
          376.31,
          380.69
        ],
        [
          378.89,
          385.84
        ],
        [
          390.92,
          386.7
        ],
        [
          394.35,
          375.53
        ],
        [
          402.94,
          362.65
        ],
        [
          410.68,
          348.04
        ],
        [
          416.69,
          337.73
        ],
        [
          426.14,
          322.27
        ],
        [
          428.72,
          311.1
        ],
        [
          432.15,
          292.2
        ],
        [
          431.3,
          277.59
        ],
        [
          440.75,
          269.86
        ],
        [
          446.76,
          281.03
        ],
        [
          454.49,
          289.62
        ],
        [
          463.08,
          287.9
        ],
        [
          466.52,
          280.17
        ],
        [
          459.65,
          267.28
        ],
        [
          450.2,
          255.25
        ],
        [
          443.32,
          251.82
        ],
        [
          431.3,
          254.39
        ],
        [
          427.0,
          256.97
        ],
        [
          385.76,
          202.84
        ],
        [
          391.77,
          177.93
        ],
        [
          389.2,
          166.76
        ],
        [
          399.51,
          145.28
        ],
        [
          399.51,
          135.83
        ],
        [
          399.51,
          115.21
        ],
        [
          410.68,
          109.2
        ],
        [
          393.49,
          108.34
        ],
        [
          378.89,
          121.22
        ],
        [
          369.44,
          129.82
        ],
        [
          359.99,
          123.8
        ],
        [
          351.39,
          121.22
        ],
        [
          341.94,
          118.65
        ],
        [
          335.07,
          117.79
        ],
        [
          323.9,
          116.07
        ],
        [
          319.61,
          116.07
        ],
        [
          319.61,
          104.9
        ],
        [
          323.9,
          98.89
        ],
        [
          312.73,
          106.62
        ],
        [
          313.59,
          116.07
        ],
        [
          310.15,
          127.24
        ],
        [
          311.87,
          132.39
        ],
        [
          292.97,
          147.86
        ],
        [
          284.38,
          153.01
        ],
        [
          280.94,
          157.31
        ],
        [
          284.38,
          167.62
        ],
        [
          291.25,
          175.35
        ],
        [
          286.96,
          183.08
        ],
        [
          293.83,
          193.39
        ],
        [
          283.52,
          204.56
        ],
        [
          283.52,
          219.17
        ],
        [
          280.94,
          232.05
        ],
        [
          292.11,
          237.21
        ],
        [
          281.8,
          247.52
        ],
        [
          268.06,
          263.84
        ],
        [
          269.77,
          292.2
        ],
        [
          272.35,
          297.35
        ],
        [
          286.1,
          289.62
        ],
        [
          292.97,
          284.46
        ],
        [
          287.82,
          275.01
        ],
        [
          288.68,
          269.0
        ],
        [
          295.55,
          262.98
        ],
        [
          305.86,
          266.42
        ],
        [
          312.73,
          277.59
        ],
        [
          317.89,
          283.6
        ],
        [
          328.2,
          285.32
        ],
        [
          305.0,
          298.21
        ],
        [
          305.0,
          311.96
        ],
        [
          303.28,
          325.7
        ],
        [
          306.72,
          329.14
        ],
        [
          311.87,
          329.14
        ]
      ],
      "shape_type": "polygon"
    }
  ],
  "imagePath": "357459.jpg",
  "imageHeight": 427,
  "imageWidth": 640
}