{
  "shapes": [
    {
      "label": "dog",
      "points": [
        [
          350.06,
          424.73
        ],
        [
          334.55,
          411.15
        ],
        [
          311.27,
          329.7
        ],
        [
          277.33,
          261.82
        ],
        [
          201.7,
          191.03
        ],
        [
          188.12,
          172.61
        ],
        [
          155.15,
          172.61
        ],
        [
          133.82,
          170.67
        ],
        [
          129.94,
          108.61
        ],
        [
          129.94,
          93.09
        ],
        [
          114.42,
          83.39
        ],
        [
          89.21,
          94.06
        ],
        [
          66.91,
          56.24
        ],
        [
          74.67,
          43.64
        ],
        [
          104.73,
          32.0
        ],
        [
          151.27,
          50.42
        ],
        [
          175.52,
          62.06
        ],
        [
          242.42,
          71.76
        ],
        [
          269.58,
          75.64
        ],
        [
          273.45,
          95.03
        ],
        [
          307.39,
          85.33
        ],
        [
          330.67,
          78.55
        ],
        [
          361.7,
          109.58
        ],
        [
          362.67,
          139.64
        ],
        [
          361.7,
          170.67
        ],
        [
          357.82,
          188.12
        ],
        [
          400.48,
          230.79
        ],
        [
          474.18,
          298.67
        ],
        [
          481.94,
          314.18
        ],
        [
          469.33,
          321.94
        ],
        [
          440.24,
          302.55
        ],
        [
          430.55,
          295.76
        ],
        [
          408.24,
          275.39
        ],
        [
          366.55,
          246.3
        ],
        [
          349.09,
          236.61
        ],
        [
          333.58,
          229.82
        ],
        [
          327.76,
          259.88
        ],
        [
          320.0,
          281.21
        ],
        [
          339.39,
          338.42
        ],
        [
          362.67,
          408.24
        ],
        [
          356.85,
          427.64
        ],
        [
          352.97,
          426.67
        ]
      ],
      "shape_type": "polygon"
    }
  ],
  "imagePath": "139872.jpg",
  "imageHeight": 480,
  "imageWidth": 640
}