{
  "shapes": [
    {
      "label": "dog",
      "points": [
        [
          289.74,
          443.39
        ],
        [
          302.29,
          445.32
        ],
        [
          308.09,
          427.94
        ],
        [
          310.02,
          416.35
        ],
        [
          304.23,
          405.73
        ],
        [
          300.14,
          385.01
        ],
        [
          298.23,
          359.52
        ],
        [
          295.04,
          365.89
        ],
        [
          282.3,
          362.71
        ],
        [
          275.29,
          358.25
        ],
        [
          277.2,
          346.14
        ],
        [
          280.39,
          339.13
        ],
        [
          284.85,
          339.13
        ],
        [
          291.22,
          338.49
        ],
        [
          293.77,
          335.95
        ],
        [
          295.04,
          326.39
        ],
        [
          297.59,
          317.47
        ],
        [
          289.94,
          309.82
        ],
        [
          287.4,
          288.79
        ],
        [
          286.12,
          275.41
        ],
        [
          284.21,
          271.59
        ],
        [
          279.11,
          276.69
        ],
        [
          275.93,
          275.41
        ],
        [
          272.1,
          271.59
        ],
        [
          274.01,
          267.77
        ],
        [
          275.93,
          265.22
        ],
        [
          277.84,
          264.58
        ],
        [
          282.3,
          251.2
        ],
        [
          293.77,
          238.46
        ],
        [
          307.79,
          221.25
        ],
        [
          314.79,
          211.69
        ],
        [
          325.63,
          205.96
        ],
        [
          338.37,
          205.32
        ],
        [
          347.29,
          205.32
        ],
        [
          353.03,
          205.32
        ],
        [
          361.31,
          200.23
        ],
        [
          367.95,
          202.02
        ],
        [
          372.27,
          205.8
        ],
        [
          382.52,
          215.51
        ],
        [
          388.46,
          225.22
        ],
        [
          399.25,
          235.47
        ],
        [
          399.25,
          252.74
        ],
        [
          390.08,
          247.34
        ],
        [
          386.84,
          247.34
        ],
        [
          388.46,
          256.52
        ],
        [
          397.09,
          268.93
        ],
        [
          413.28,
          298.6
        ],
        [
          421.91,
          356.87
        ],
        [
          424.07,
          391.4
        ],
        [
          422.99,
          409.74
        ],
        [
          420.29,
          428.63
        ],
        [
          415.43,
          433.48
        ],
        [
          407.88,
          414.6
        ],
        [
          405.72,
          391.94
        ],
        [
          401.41,
          404.89
        ],
        [
          394.39,
          420.54
        ],
        [
          391.69,
          435.64
        ],
        [
          391.15,
          447.51
        ],
        [
          387.38,
          461.0
        ],
        [
          384.68,
          480.0
        ],
        [
          354.47,
          477.73
        ],
        [
          363.1,
          433.48
        ],
        [
          370.65,
          405.43
        ],
        [
          369.03,
          394.64
        ],
        [
          361.48,
          398.95
        ],
        [
          355.54,
          403.81
        ],
        [
          351.77,
          403.81
        ],
        [
          343.68,
          403.27
        ],
        [
          339.36,
          402.19
        ],
        [
          335.58,
          404.89
        ],
        [
          333.42,
          411.9
        ],
        [
          332.34,
          416.76
        ],
        [
          333.42,
          425.93
        ],
        [
          334.5,
          430.79
        ],
        [
          336.12,
          435.64
        ],
        [
          321.01,
          464.78
        ],
        [
          316.16,
          468.01
        ],
        [
          307.53,
          472.33
        ],
        [
          297.28,
          472.33
        ],
        [
          290.26,
          471.25
        ],
        [
          285.94,
          472.33
        ],
        [
          283.79,
          464.78
        ],
        [
          280.01,
          462.62
        ],
        [
          284.33,
          454.53
        ],
        [
          285.94,
          453.45
        ],
        [
          282.71,
          448.59
        ],
        [
          288.64,
          444.27
        ],
        [
          291.88,
          443.74
        ]
      ],
      "shape_type": "polygon"
    }
  ],
  "imagePath": "061471.jpg",
  "imageHeight": 480,
  "imageWidth": 640
}