{
  "shapes": [
    {
      "label": "dog",
      "points": [
        [
          100.82,
          353.29
        ],
        [
          104.76,
          339.12
        ],
        [
          123.65,
          325.74
        ],
        [
          146.47,
          273.8
        ],
        [
          134.67,
          241.53
        ],
        [
          135.45,
          207.68
        ],
        [
          160.64,
          184.86
        ],
        [
          152.77,
          133.7
        ],
        [
          147.26,
          113.24
        ],
        [
          160.64,
          98.29
        ],
        [
          168.51,
          84.12
        ],
        [
          194.48,
          74.68
        ],
        [
          220.45,
          92.78
        ],
        [
          236.98,
          112.45
        ],
        [
          240.92,
          140.0
        ],
        [
          229.11,
          137.64
        ],
        [
          236.98,
          169.91
        ],
        [
          248.0,
          180.14
        ],
        [
          246.43,
          198.24
        ],
        [
          251.15,
          199.81
        ],
        [
          254.3,
          215.56
        ],
        [
          265.31,
          225.79
        ],
        [
          275.84,
          251.61
        ],
        [
          300.01,
          284.14
        ],
        [
          341.84,
          352.92
        ],
        [
          345.55,
          361.29
        ],
        [
          390.17,
          361.29
        ],
        [
          445.94,
          361.29
        ],
        [
          476.61,
          364.08
        ],
        [
          426.42,
          383.6
        ],
        [
          377.16,
          385.46
        ],
        [
          335.33,
          380.81
        ],
        [
          327.89,
          389.17
        ],
        [
          288.86,
          402.19
        ],
        [
          281.42,
          407.76
        ],
        [
          246.1,
          412.41
        ],
        [
          234.02,
          420.78
        ],
        [
          213.57,
          413.34
        ],
        [
          220.07,
          402.19
        ],
        [
          251.68,
          398.47
        ],
        [
          260.04,
          390.1
        ],
        [
          244.24,
          381.74
        ],
        [
          237.73,
          391.03
        ],
        [
          213.57,
          396.61
        ],
        [
          244.24,
          374.3
        ],
        [
          218.22,
          346.42
        ],
        [
          207.99,
          332.47
        ],
        [
          180.11,
          353.85
        ],
        [
          153.15,
          361.29
        ],
        [
          133.63,
          352.92
        ],
        [
          115.97,
          354.78
        ],
        [
          102.96,
          353.85
        ]
      ],
      "shape_type": "polygon"
    }
  ],
  "imagePath": "367082.jpg",
  "imageHeight": 500,
  "imageWidth": 488
}