{
  "shapes": [
    {
      "label": "dog",
      "points": [
        [
          354.39,
          303.83
        ],
        [
          355.26,
          283.95
        ],
        [
          362.17,
          270.12
        ],
        [
          369.95,
          256.29
        ],
        [
          355.26,
          235.54
        ],
        [
          356.99,
          203.56
        ],
        [
          347.48,
          180.22
        ],
        [
          341.43,
          159.48
        ],
        [
          341.43,
          150.83
        ],
        [
          361.31,
          151.7
        ],
        [
          406.26,
          162.93
        ],
        [
          452.07,
          161.21
        ],
        [
          498.74,
          161.21
        ],
        [
          527.27,
          161.21
        ],
        [
          543.69,
          156.88
        ],
        [
          557.52,
          159.48
        ],
        [
          551.47,
          181.09
        ],
        [
          535.91,
          210.47
        ],
        [
          533.32,
          220.85
        ],
        [
          538.5,
          237.27
        ],
        [
          535.05,
          253.69
        ],
        [
          521.22,
          263.2
        ],
        [
          542.83,
          281.35
        ],
        [
          551.47,
          301.23
        ],
        [
          559.25,
          318.52
        ],
        [
          560.11,
          322.84
        ],
        [
          560.11,
          324.57
        ],
        [
          540.23,
          340.99
        ],
        [
          497.01,
          350.5
        ],
        [
          452.93,
          356.55
        ],
        [
          427.86,
          358.28
        ],
        [
          400.2,
          357.42
        ],
        [
          371.68,
          343.59
        ],
        [
          361.31,
          322.84
        ]
      ],
      "shape_type": "polygon"
    }
  ],
  "imagePath": "305343.jpg",
  "imageHeight": 427,
  "imageWidth": 640
}