{
  "shapes": [
    {
      "label": "dog",
      "points": [
        [
          563.38,
          247.89
        ],
        [
          581.02,
          237.11
        ],
        [
          577.1,
          217.52
        ],
        [
          589.84,
          218.49
        ],
        [
          598.66,
          210.66
        ],
        [
          600.62,
          198.9
        ],
        [
          598.66,
          177.34
        ],
        [
          587.88,
          156.77
        ],
        [
          570.24,
          145.01
        ],
        [
          552.61,
          137.17
        ],
        [
          524.19,
          129.33
        ],
        [
          485.98,
          105.82
        ],
        [
          471.28,
          94.06
        ],
        [
          462.46,
          92.1
        ],
        [
          451.69,
          62.71
        ],
        [
          446.79,
          60.75
        ],
        [
          441.89,
          81.32
        ],
        [
          433.07,
          84.26
        ],
        [
          430.13,
          58.79
        ],
        [
          430.13,
          87.2
        ],
        [
          427.19,
          93.08
        ],
        [
          422.29,
          107.78
        ],
        [
          407.6,
          122.47
        ],
        [
          411.52,
          130.31
        ],
        [
          418.37,
          135.21
        ],
        [
          426.21,
          133.25
        ],
        [
          434.05,
          129.33
        ],
        [
          449.73,
          139.13
        ],
        [
          457.57,
          144.03
        ],
        [
          454.63,
          149.91
        ],
        [
          454.63,
          151.87
        ],
        [
          455.61,
          162.65
        ],
        [
          456.59,
          170.48
        ],
        [
          445.81,
          185.18
        ],
        [
          430.13,
          186.16
        ],
        [
          407.6,
          205.76
        ],
        [
          402.7,
          208.7
        ],
        [
          413.47,
          211.64
        ],
        [
          419.35,
          208.7
        ],
        [
          426.21,
          200.86
        ],
        [
          437.97,
          201.84
        ],
        [
          441.89,
          209.68
        ],
        [
          448.75,
          204.78
        ],
        [
          450.71,
          200.86
        ],
        [
          470.3,
          201.84
        ],
        [
          479.12,
          186.16
        ],
        [
          518.31,
          200.86
        ],
        [
          532.03,
          215.56
        ],
        [
          536.93,
          216.54
        ],
        [
          546.73,
          233.19
        ],
        [
          526.15,
          245.93
        ],
        [
          519.29,
          254.75
        ],
        [
          528.11,
          260.63
        ],
        [
          538.89,
          245.93
        ],
        [
          548.69,
          244.95
        ],
        [
          545.75,
          250.83
        ],
        [
          545.75,
          255.73
        ],
        [
          551.63,
          250.83
        ],
        [
          561.42,
          245.93
        ],
        [
          566.32,
          244.95
        ]
      ],
      "shape_type": "polygon"
    }
  ],
  "imagePath": "067213.jpg",
  "imageHeight": 485,
  "imageWidth": 640
}