{
  "shapes": [
    {
      "label": "dog",
      "points": [
        [
          147.4,
          64.42
        ],
        [
          153.43,
          57.05
        ],
        [
          158.79,
          49.68
        ],
        [
          162.14,
          44.99
        ],
        [
          164.82,
          42.31
        ],
        [
          166.84,
          41.64
        ],
        [
          187.61,
          34.27
        ],
        [
          203.69,
          34.94
        ],
        [
          211.06,
          35.61
        ],
        [
          221.11,
          38.29
        ],
        [
          247.91,
          43.65
        ],
        [
          264.66,
          44.99
        ],
        [
          270.69,
          47.0
        ],
        [
          292.13,
          51.69
        ],
        [
          309.55,
          49.01
        ],
        [
          322.28,
          49.01
        ],
        [
          339.7,
          58.39
        ],
        [
          351.76,
          54.37
        ],
        [
          361.14,
          44.32
        ],
        [
          373.87,
          31.59
        ],
        [
          385.93,
          26.23
        ],
        [
          410.05,
          24.89
        ],
        [
          446.23,
          43.65
        ],
        [
          454.27,
          58.39
        ],
        [
          461.64,
          83.85
        ],
        [
          452.26,
          106.63
        ],
        [
          448.24,
          133.43
        ],
        [
          446.23,
          157.55
        ],
        [
          440.87,
          181.67
        ],
        [
          426.13,
          204.45
        ],
        [
          415.41,
          227.23
        ],
        [
          404.69,
          235.94
        ],
        [
          398.66,
          249.34
        ],
        [
          393.97,
          272.79
        ],
        [
          391.96,
          288.2
        ],
        [
          393.97,
          308.97
        ],
        [
          394.64,
          327.74
        ],
        [
          346.4,
          327.07
        ],
        [
          324.96,
          316.35
        ],
        [
          308.88,
          313.67
        ],
        [
          305.53,
          318.36
        ],
        [
          305.53,
          325.73
        ],
        [
          276.72,
          327.74
        ],
        [
          266.0,
          306.29
        ],
        [
          261.31,
          294.9
        ],
        [
          249.92,
          285.52
        ],
        [
          244.56,
          275.47
        ],
        [
          231.83,
          252.02
        ],
        [
          231.16,
          244.65
        ],
        [
          225.13,
          225.89
        ],
        [
          213.74,
          211.15
        ],
        [
          203.02,
          202.44
        ],
        [
          199.0,
          183.68
        ],
        [
          193.64,
          172.96
        ],
        [
          191.63,
          159.56
        ],
        [
          186.27,
          142.81
        ],
        [
          182.25,
          130.75
        ],
        [
          182.92,
          105.96
        ],
        [
          182.92,
          97.25
        ],
        [
          174.88,
          73.13
        ],
        [
          169.52,
          67.1
        ],
        [
          166.84,
          53.03
        ],
        [
          159.46,
          57.72
        ],
        [
          150.08,
          63.75
        ],
        [
          145.39,
          65.09
        ]
      ],
      "shape_type": "polygon"
    }
  ],
  "imagePath": "253386.jpg",
  "imageHeight": 333,
  "imageWidth": 500
}