{
  "shapes": [
    {
      "label": "dog",
      "points": [
        [
          251.1,
          202.47
        ],
        [
          272.24,
          188.58
        ],
        [
          283.1,
          174.69
        ],
        [
          292.16,
          167.45
        ],
        [
          295.18,
          159.0
        ],
        [
          307.25,
          164.43
        ],
        [
          332.61,
          158.39
        ],
        [
          341.67,
          170.47
        ],
        [
          346.5,
          180.13
        ],
        [
          355.56,
          180.73
        ],
        [
          354.35,
          175.9
        ],
        [
          374.27,
          183.15
        ],
        [
          411.71,
          198.84
        ],
        [
          439.48,
          214.54
        ],
        [
          444.31,
          220.58
        ],
        [
          497.44,
          219.98
        ],
        [
          521.59,
          217.56
        ],
        [
          521.59,
          206.09
        ],
        [
          533.07,
          196.43
        ],
        [
          543.93,
          181.33
        ],
        [
          540.31,
          165.64
        ],
        [
          556.01,
          165.03
        ],
        [
          570.5,
          176.5
        ],
        [
          572.31,
          203.67
        ],
        [
          580.76,
          224.2
        ],
        [
          554.2,
          245.33
        ],
        [
          558.42,
          271.3
        ],
        [
          577.75,
          302.09
        ],
        [
          594.65,
          308.73
        ],
        [
          614.58,
          331.67
        ],
        [
          616.99,
          346.77
        ],
        [
          600.09,
          351.6
        ],
        [
          591.63,
          334.09
        ],
        [
          573.52,
          330.47
        ],
        [
          585.59,
          344.96
        ],
        [
          581.37,
          358.24
        ],
        [
          572.31,
          357.64
        ],
        [
          559.03,
          338.32
        ],
        [
          527.63,
          332.28
        ],
        [
          508.31,
          323.83
        ],
        [
          493.82,
          306.92
        ],
        [
          463.63,
          298.47
        ],
        [
          439.48,
          297.86
        ],
        [
          432.24,
          301.49
        ],
        [
          403.86,
          293.03
        ],
        [
          400.24,
          297.86
        ],
        [
          415.33,
          302.09
        ],
        [
          411.71,
          311.15
        ],
        [
          399.03,
          316.58
        ],
        [
          382.12,
          319.0
        ],
        [
          367.03,
          313.56
        ],
        [
          363.41,
          302.69
        ],
        [
          348.92,
          312.35
        ],
        [
          340.46,
          310.54
        ],
        [
          340.46,
          293.03
        ],
        [
          351.93,
          282.17
        ],
        [
          348.92,
          268.88
        ],
        [
          332.61,
          253.18
        ],
        [
          327.18,
          236.28
        ],
        [
          314.5,
          233.26
        ],
        [
          298.8,
          221.18
        ],
        [
          277.07,
          229.64
        ],
        [
          263.78,
          225.41
        ],
        [
          268.01,
          221.18
        ],
        [
          257.75,
          218.16
        ],
        [
          252.91,
          213.94
        ],
        [
          250.5,
          206.09
        ]
      ],
      "shape_type": "polygon"
    }
  ],
  "imagePath": "575357.jpg",
  "imageHeight": 453,
  "imageWidth": 640
}