{
  "shapes": [
    {
      "label": "dog",
      "points": [
        [
          280.66,
          398.22
        ],
        [
          296.39,
          376.19
        ],
        [
          301.89,
          362.04
        ],
        [
          297.96,
          343.95
        ],
        [
          305.82,
          313.27
        ],
        [
          335.71,
          292.04
        ],
        [
          357.73,
          277.09
        ],
        [
          368.75,
          240.91
        ],
        [
          378.18,
          229.11
        ],
        [
          383.69,
          207.88
        ],
        [
          386.05,
          194.51
        ],
        [
          397.06,
          177.99
        ],
        [
          416.72,
          169.34
        ],
        [
          437.17,
          170.12
        ],
        [
          459.2,
          181.14
        ],
        [
          468.63,
          198.44
        ],
        [
          473.35,
          218.1
        ],
        [
          483.58,
          251.14
        ],
        [
          481.22,
          271.59
        ],
        [
          473.35,
          289.68
        ],
        [
          475.71,
          314.06
        ],
        [
          477.29,
          340.8
        ],
        [
          473.35,
          355.74
        ],
        [
          480.65,
          424.29
        ],
        [
          483.24,
          465.75
        ],
        [
          489.72,
          492.96
        ],
        [
          461.21,
          498.14
        ],
        [
          461.21,
          469.64
        ],
        [
          458.62,
          419.11
        ],
        [
          449.55,
          365.99
        ],
        [
          449.55,
          349.15
        ],
        [
          417.17,
          345.26
        ],
        [
          399.03,
          354.33
        ],
        [
          404.21,
          400.97
        ],
        [
          408.1,
          435.95
        ],
        [
          405.51,
          465.75
        ],
        [
          382.19,
          468.34
        ],
        [
          380.89,
          456.68
        ],
        [
          389.96,
          442.43
        ],
        [
          391.26,
          406.15
        ],
        [
          387.37,
          369.88
        ],
        [
          384.78,
          368.58
        ],
        [
          379.6,
          403.56
        ],
        [
          379.6,
          429.47
        ],
        [
          380.89,
          455.38
        ],
        [
          375.71,
          476.11
        ],
        [
          358.87,
          487.77
        ],
        [
          342.02,
          485.18
        ],
        [
          342.02,
          473.52
        ],
        [
          357.57,
          457.98
        ],
        [
          361.46,
          420.4
        ],
        [
          364.05,
          388.02
        ],
        [
          352.39,
          388.02
        ],
        [
          342.02,
          391.9
        ],
        [
          325.18,
          407.45
        ],
        [
          316.11,
          417.81
        ],
        [
          295.38,
          412.63
        ],
        [
          281.13,
          403.56
        ],
        [
          282.43,
          395.79
        ]
      ],
      "shape_type": "polygon"
    }
  ],
  "imagePath": "291664.jpg",
  "imageHeight": 640,
  "imageWidth": 588
}