{
  "shapes": [
    {
      "label": "dog",
      "points": [
        [
          148.79,
          173.03
        ],
        [
          150.3,
          125.96
        ],
        [
          150.3,
          78.9
        ],
        [
          160.93,
          51.57
        ],
        [
          191.3,
          47.01
        ],
        [
          241.4,
          61.44
        ],
        [
          245.19,
          91.04
        ],
        [
          255.06,
          120.65
        ],
        [
          302.13,
          144.94
        ],
        [
          337.8,
          188.21
        ],
        [
          359.82,
          245.9
        ],
        [
          369.69,
          271.71
        ],
        [
          409.16,
          276.27
        ],
        [
          411.44,
          289.93
        ],
        [
          380.31,
          292.21
        ],
        [
          356.78,
          278.54
        ],
        [
          346.15,
          256.53
        ],
        [
          311.99,
          245.9
        ],
        [
          274.04,
          236.79
        ],
        [
          256.58,
          211.74
        ],
        [
          226.21,
          179.86
        ],
        [
          203.44,
          169.23
        ],
        [
          163.21,
          182.89
        ],
        [
          152.58,
          182.89
        ],
        [
          150.3,
          165.44
        ]
      ],
      "shape_type": "polygon"
    }
  ],
  "imagePath": "412240.jpg",
  "imageHeight": 375,
  "imageWidth": 500
}