{
  "shapes": [
    {
      "label": "dog",
      "points": [
        [
          263.69,
          323.96
        ],
        [
          266.79,
          314.26
        ],
        [
          269.51,
          299.91
        ],
        [
          269.89,
          288.27
        ],
        [
          269.89,
          280.9
        ],
        [
          269.89,
          273.54
        ],
        [
          270.67,
          265.78
        ],
        [
          271.45,
          260.35
        ],
        [
          271.83,
          252.59
        ],
        [
          269.89,
          246.0
        ],
        [
          267.57,
          236.3
        ],
        [
          262.91,
          230.09
        ],
        [
          255.16,
          219.23
        ],
        [
          251.28,
          210.31
        ],
        [
          250.89,
          205.66
        ],
        [
          252.83,
          192.86
        ],
        [
          253.22,
          188.2
        ],
        [
          249.73,
          177.73
        ],
        [
          245.46,
          169.59
        ],
        [
          249.34,
          162.99
        ],
        [
          255.16,
          146.7
        ],
        [
          257.48,
          143.99
        ],
        [
          260.2,
          142.05
        ],
        [
          261.36,
          137.78
        ],
        [
          259.42,
          130.41
        ],
        [
          259.42,
          126.14
        ],
        [
          265.63,
          107.91
        ],
        [
          264.46,
          91.24
        ],
        [
          260.2,
          76.5
        ],
        [
          256.71,
          77.27
        ],
        [
          241.97,
          90.07
        ],
        [
          234.99,
          94.34
        ],
        [
          235.76,
          99.77
        ],
        [
          226.45,
          98.99
        ],
        [
          226.07,
          103.65
        ],
        [
          225.68,
          112.18
        ],
        [
          221.8,
          118.39
        ],
        [
          217.92,
          124.98
        ],
        [
          214.82,
          127.31
        ],
        [
          203.18,
          126.14
        ],
        [
          193.87,
          126.14
        ],
        [
          186.89,
          112.96
        ],
        [
          178.36,
          93.56
        ],
        [
          172.54,
          88.52
        ],
        [
          170.21,
          83.48
        ],
        [
          161.29,
          81.15
        ],
        [
          168.27,
          90.46
        ],
        [
          170.21,
          91.62
        ],
        [
          167.5,
          104.42
        ],
        [
          165.95,
          114.51
        ],
        [
          164.01,
          125.76
        ],
        [
          162.84,
          130.8
        ],
        [
          162.84,
          135.45
        ],
        [
          160.52,
          138.56
        ],
        [
          162.07,
          144.76
        ],
        [
          159.35,
          147.09
        ],
        [
          160.9,
          152.13
        ],
        [
          165.56,
          157.17
        ],
        [
          162.84,
          165.71
        ],
        [
          163.23,
          177.73
        ],
        [
          164.78,
          182.77
        ],
        [
          166.72,
          194.02
        ],
        [
          169.05,
          195.57
        ],
        [
          170.21,
          207.6
        ],
        [
          173.7,
          213.8
        ],
        [
          169.44,
          221.17
        ],
        [
          166.72,
          226.6
        ],
        [
          165.95,
          233.2
        ],
        [
          165.95,
          238.24
        ],
        [
          163.62,
          242.51
        ],
        [
          163.62,
          247.16
        ],
        [
          156.25,
          256.47
        ],
        [
          140.34,
          270.62
        ],
        [
          119.22,
          288.73
        ],
        [
          92.81,
          311.37
        ],
        [
          48.29,
          334.76
        ],
        [
          25.65,
          347.59
        ],
        [
          15.09,
          358.9
        ],
        [
          125.25,
          359.66
        ],
        [
          233.9,
          359.66
        ],
        [
          237.68,
          352.11
        ],
        [
          248.99,
          341.55
        ],
        [
          261.07,
          332.49
        ],
        [
          264.55,
          320.46
        ]
      ],
      "shape_type": "polygon"
    }
  ],
  "imagePath": "482917.jpg",
  "imageHeight": 375,
  "imageWidth": 500
}