{
  "shapes": [
    {
      "label": "dog",
      "points": [
        [
          261.7,
          426.88
        ],
        [
          260.4,
          499.43
        ],
        [
          228.02,
          547.37
        ],
        [
          198.22,
          578.46
        ],
        [
          186.56,
          632.87
        ],
        [
          151.58,
          625.1
        ],
        [
          150.28,
          592.71
        ],
        [
          115.3,
          547.37
        ],
        [
          82.91,
          568.1
        ],
        [
          62.19,
          570.69
        ],
        [
          40.16,
          535.71
        ],
        [
          6.48,
          556.44
        ],
        [
          6.48,
          386.72
        ],
        [
          63.48,
          389.31
        ],
        [
          115.3,
          391.9
        ],
        [
          165.83,
          378.95
        ],
        [
          151.58,
          343.97
        ],
        [
          183.97,
          319.35
        ],
        [
          238.38,
          315.47
        ],
        [
          244.86,
          328.42
        ],
        [
          275.95,
          346.56
        ]
      ],
      "shape_type": "polygon"
    }
  ],
  "imagePath": "049269.jpg",
  "imageHeight": 640,
  "imageWidth": 431
}