{
  "shapes": [
    {
      "label": "dog",
      "points": [
        [
          134.67,
          284.15
        ],
        [
          121.94,
          266.73
        ],
        [
          103.85,
          235.91
        ],
        [
          98.49,
          207.1
        ],
        [
          93.8,
          177.62
        ],
        [
          95.81,
          163.55
        ],
        [
          99.16,
          146.8
        ],
        [
          111.22,
          138.09
        ],
        [
          116.58,
          132.73
        ],
        [
          109.21,
          112.63
        ],
        [
          99.16,
          105.26
        ],
        [
          96.48,
          101.91
        ],
        [
          98.49,
          86.5
        ],
        [
          107.87,
          71.09
        ],
        [
          119.26,
          64.39
        ],
        [
          124.62,
          55.01
        ],
        [
          136.01,
          39.6
        ],
        [
          148.74,
          25.53
        ],
        [
          158.12,
          10.79
        ],
        [
          162.81,
          1.4
        ],
        [
          179.57,
          4.08
        ],
        [
          189.62,
          2.07
        ],
        [
          218.43,
          0.06
        ],
        [
          227.14,
          3.41
        ],
        [
          224.46,
          0.06
        ],
        [
          274.71,
          2.74
        ],
        [
          257.96,
          13.47
        ],
        [
          277.39,
          11.46
        ],
        [
          282.08,
          0.06
        ],
        [
          336.35,
          4.75
        ],
        [
          334.34,
          16.15
        ],
        [
          370.52,
          14.81
        ],
        [
          387.27,
          26.87
        ],
        [
          381.24,
          55.68
        ],
        [
          377.89,
          73.1
        ],
        [
          369.85,
          71.76
        ],
        [
          367.17,
          87.17
        ],
        [
          359.8,
          113.3
        ],
        [
          350.42,
          138.76
        ],
        [
          345.73,
          148.81
        ],
        [
          339.03,
          158.19
        ],
        [
          334.34,
          165.56
        ],
        [
          327.64,
          177.62
        ],
        [
          315.58,
          189.68
        ],
        [
          323.62,
          200.4
        ],
        [
          329.65,
          205.76
        ],
        [
          323.62,
          212.46
        ],
        [
          318.93,
          240.6
        ],
        [
          309.55,
          259.36
        ],
        [
          298.83,
          264.72
        ],
        [
          294.81,
          274.77
        ],
        [
          300.84,
          286.16
        ],
        [
          131.99,
          287.5
        ]
      ],
      "shape_type": "polygon"
    }
  ],
  "imagePath": "318908.jpg",
  "imageHeight": 333,
  "imageWidth": 500
}