{
  "shapes": [
    {
      "label": "dog",
      "points": [
        [
          169.81,
          87.14
        ],
        [
          177.74,
          78.67
        ],
        [
          188.39,
          74.03
        ],
        [
          200.42,
          67.74
        ],
        [
          210.53,
          64.46
        ],
        [
          220.36,
          73.21
        ],
        [
          228.83,
          72.39
        ],
        [
          237.58,
          78.4
        ],
        [
          252.33,
          84.68
        ],
        [
          260.53,
          86.32
        ],
        [
          264.08,
          87.69
        ],
        [
          266.0,
          93.97
        ],
        [
          279.11,
          88.51
        ],
        [
          290.59,
          82.23
        ],
        [
          294.41,
          79.22
        ],
        [
          299.88,
          78.13
        ],
        [
          305.89,
          77.85
        ],
        [
          311.9,
          83.04
        ],
        [
          308.08,
          95.07
        ],
        [
          297.15,
          113.1
        ],
        [
          291.41,
          127.04
        ],
        [
          294.96,
          135.78
        ],
        [
          296.05,
          145.07
        ],
        [
          296.05,
          158.74
        ],
        [
          296.05,
          165.84
        ],
        [
          291.14,
          164.75
        ],
        [
          284.85,
          169.94
        ],
        [
          279.39,
          175.68
        ],
        [
          274.19,
          176.5
        ],
        [
          266.27,
          171.31
        ],
        [
          265.45,
          177.04
        ],
        [
          260.53,
          180.32
        ],
        [
          253.7,
          181.14
        ],
        [
          248.78,
          180.87
        ],
        [
          244.68,
          175.68
        ],
        [
          242.22,
          179.5
        ],
        [
          241.68,
          181.42
        ],
        [
          235.12,
          180.05
        ],
        [
          234.03,
          184.97
        ],
        [
          228.01,
          186.61
        ],
        [
          221.18,
          189.61
        ],
        [
          217.63,
          187.43
        ],
        [
          203.42,
          186.61
        ],
        [
          199.32,
          185.24
        ],
        [
          193.31,
          186.06
        ],
        [
          190.58,
          184.97
        ],
        [
          190.31,
          182.24
        ],
        [
          192.76,
          174.31
        ],
        [
          185.66,
          179.5
        ],
        [
          185.66,
          173.76
        ],
        [
          181.29,
          177.59
        ],
        [
          177.46,
          179.5
        ],
        [
          158.34,
          176.5
        ],
        [
          148.22,
          171.58
        ],
        [
          141.94,
          169.39
        ],
        [
          137.02,
          164.75
        ],
        [
          131.83,
          159.28
        ],
        [
          131.83,
          154.09
        ],
        [
          130.74,
          143.71
        ],
        [
          132.1,
          134.14
        ],
        [
          131.01,
          131.14
        ],
        [
          141.94,
          122.67
        ],
        [
          144.67,
          114.47
        ],
        [
          148.22,
          109.0
        ],
        [
          148.22,
          105.72
        ],
        [
          142.21,
          96.71
        ],
        [
          136.2,
          82.5
        ],
        [
          136.2,
          74.3
        ],
        [
          138.66,
          70.75
        ],
        [
          143.58,
          71.57
        ],
        [
          150.96,
          75.12
        ],
        [
          160.52,
          80.59
        ],
        [
          164.89,
          86.32
        ]
      ],
      "shape_type": "polygon"
    }
  ],
  "imagePath": "367195.jpg",
  "imageHeight": 312,
  "imageWidth": 500
}