{
  "shapes": [
    {
      "label": "dog",
      "points": [
        [
          292.79,
          482.59
        ],
        [
          327.77,
          503.32
        ],
        [
          347.21,
          464.45
        ],
        [
          360.16,
          435.95
        ],
        [
          347.21,
          413.93
        ],
        [
          338.14,
          398.38
        ],
        [
          304.45,
          395.79
        ],
        [
          291.5,
          375.06
        ],
        [
          204.7,
          351.74
        ],
        [
          195.63,
          375.06
        ],
        [
          151.58,
          342.67
        ],
        [
          114.01,
          327.13
        ],
        [
          119.19,
          350.45
        ],
        [
          114.01,
          364.7
        ],
        [
          126.96,
          382.83
        ],
        [
          156.76,
          389.31
        ],
        [
          150.28,
          398.38
        ],
        [
          120.49,
          391.9
        ],
        [
          94.57,
          384.13
        ],
        [
          90.69,
          403.56
        ],
        [
          75.14,
          402.27
        ],
        [
          33.68,
          413.93
        ],
        [
          23.32,
          445.02
        ],
        [
          16.84,
          478.7
        ],
        [
          7.77,
          503.32
        ],
        [
          9.07,
          524.05
        ],
        [
          24.62,
          524.05
        ],
        [
          31.09,
          599.19
        ],
        [
          76.44,
          581.05
        ],
        [
          169.72,
          533.12
        ],
        [
          217.65,
          538.3
        ],
        [
          268.18,
          514.98
        ]
      ],
      "shape_type": "polygon"
    }
  ],
  "imagePath": "236166.jpg",
  "imageHeight": 640,
  "imageWidth": 426
}