{
  "shapes": [
    {
      "label": "dog",
      "points": [
        [
          360.73,
          84.43
        ],
        [
          372.36,
          97.03
        ],
        [
          379.15,
          101.88
        ],
        [
          388.85,
          111.58
        ],
        [
          396.61,
          130.0
        ],
        [
          447.03,
          183.34
        ],
        [
          446.06,
          194.0
        ],
        [
          453.82,
          211.46
        ],
        [
          457.7,
          221.16
        ],
        [
          460.61,
          230.85
        ],
        [
          468.36,
          245.4
        ],
        [
          469.33,
          252.19
        ],
        [
          461.58,
          258.0
        ],
        [
          459.64,
          258.0
        ],
        [
          452.85,
          252.19
        ],
        [
          438.3,
          247.34
        ],
        [
          424.73,
          246.37
        ],
        [
          446.06,
          258.0
        ],
        [
          465.45,
          273.52
        ],
        [
          472.24,
          287.09
        ],
        [
          482.91,
          296.79
        ],
        [
          498.42,
          312.31
        ],
        [
          557.58,
          375.34
        ],
        [
          571.15,
          391.82
        ],
        [
          601.21,
          426.73
        ],
        [
          608.97,
          451.94
        ],
        [
          632.24,
          462.61
        ],
        [
          634.18,
          462.61
        ],
        [
          638.06,
          469.4
        ],
        [
          638.06,
          470.37
        ],
        [
          626.42,
          474.25
        ],
        [
          613.82,
          472.31
        ],
        [
          606.06,
          472.31
        ],
        [
          581.82,
          473.28
        ],
        [
          564.36,
          470.37
        ],
        [
          556.61,
          470.37
        ],
        [
          539.15,
          474.25
        ],
        [
          461.58,
          473.28
        ],
        [
          453.82,
          473.28
        ],
        [
          444.12,
          471.34
        ],
        [
          429.58,
          462.61
        ],
        [
          426.67,
          460.67
        ],
        [
          415.03,
          447.09
        ],
        [
          409.21,
          442.25
        ],
        [
          404.36,
          423.82
        ],
        [
          401.45,
          408.31
        ],
        [
          390.79,
          385.03
        ],
        [
          381.09,
          367.58
        ],
        [
          362.67,
          350.13
        ],
        [
          345.21,
          340.43
        ],
        [
          326.79,
          332.67
        ],
        [
          322.91,
          331.7
        ],
        [
          317.09,
          328.79
        ],
        [
          325.82,
          303.58
        ],
        [
          325.82,
          289.03
        ],
        [
          324.85,
          282.25
        ],
        [
          323.88,
          282.25
        ],
        [
          320.0,
          286.13
        ],
        [
          313.21,
          287.09
        ],
        [
          312.24,
          287.09
        ],
        [
          312.24,
          279.34
        ],
        [
          314.18,
          272.55
        ],
        [
          305.45,
          269.64
        ],
        [
          271.52,
          265.76
        ],
        [
          270.55,
          265.76
        ],
        [
          271.52,
          258.0
        ],
        [
          287.03,
          236.67
        ],
        [
          303.52,
          196.91
        ],
        [
          318.06,
          168.79
        ],
        [
          318.06,
          165.88
        ],
        [
          322.91,
          134.85
        ],
        [
          326.79,
          113.52
        ],
        [
          327.76,
          106.73
        ],
        [
          329.7,
          100.91
        ],
        [
          330.67,
          98.0
        ],
        [
          336.48,
          92.19
        ],
        [
          341.33,
          82.49
        ],
        [
          351.03,
          80.55
        ],
        [
          357.82,
          82.49
        ],
        [
          359.76,
          83.46
        ],
        [
          361.7,
          89.28
        ]
      ],
      "shape_type": "polygon"
    }
  ],
  "imagePath": "170893.jpg",
  "imageHeight": 480,
  "imageWidth": 640
}