{
  "shapes": [
    {
      "label": "dog",
      "points": [
        [
          225.15,
          327.13
        ],
        [
          221.8,
          276.97
        ],
        [
          210.66,
          240.19
        ],
        [
          209.54,
          206.76
        ],
        [
          240.75,
          174.43
        ],
        [
          264.16,
          139.88
        ],
        [
          296.48,
          100.87
        ],
        [
          336.6,
          69.66
        ],
        [
          376.73,
          71.89
        ],
        [
          401.25,
          85.27
        ],
        [
          430.23,
          110.9
        ],
        [
          469.24,
          142.11
        ],
        [
          485.96,
          158.83
        ],
        [
          500.45,
          185.58
        ],
        [
          479.27,
          198.95
        ],
        [
          456.98,
          184.46
        ],
        [
          409.05,
          158.83
        ],
        [
          407.94,
          157.71
        ],
        [
          393.45,
          188.92
        ],
        [
          368.93,
          243.54
        ],
        [
          367.81,
          280.32
        ],
        [
          367.81,
          350.54
        ],
        [
          355.55,
          387.32
        ],
        [
          346.64,
          398.46
        ],
        [
          312.08,
          410.72
        ],
        [
          290.91,
          379.52
        ],
        [
          281.99,
          409.61
        ],
        [
          241.86,
          415.18
        ],
        [
          240.75,
          394.01
        ],
        [
          238.52,
          372.83
        ]
      ],
      "shape_type": "polygon"
    }
  ],
  "imagePath": "554291.jpg",
  "imageHeight": 428,
  "imageWidth": 640
}