{
  "shapes": [
    {
      "label": "dog",
      "points": [
        [
          264.73,
          315.15
        ],
        [
          231.76,
          291.88
        ],
        [
          211.39,
          256.97
        ],
        [
          199.76,
          239.52
        ],
        [
          168.73,
          226.91
        ],
        [
          113.45,
          226.91
        ],
        [
          100.85,
          202.67
        ],
        [
          114.42,
          186.18
        ],
        [
          143.52,
          177.45
        ],
        [
          176.48,
          188.12
        ],
        [
          191.03,
          145.45
        ],
        [
          248.24,
          115.39
        ],
        [
          290.91,
          110.55
        ],
        [
          347.15,
          123.15
        ],
        [
          384.97,
          152.24
        ],
        [
          390.79,
          179.39
        ],
        [
          413.09,
          193.94
        ],
        [
          439.27,
          237.58
        ],
        [
          439.27,
          271.52
        ],
        [
          419.88,
          282.18
        ],
        [
          416.0,
          319.03
        ],
        [
          381.09,
          318.06
        ],
        [
          358.79,
          340.36
        ],
        [
          337.45,
          334.55
        ],
        [
          328.73,
          310.3
        ],
        [
          320.97,
          310.3
        ],
        [
          292.85,
          326.79
        ],
        [
          283.15,
          342.3
        ],
        [
          267.64,
          332.61
        ]
      ],
      "shape_type": "polygon"
    }
  ],
  "imagePath": "309938.jpg",
  "imageHeight": 480,
  "imageWidth": 640
}