{
  "shapes": [
    {
      "label": "dog",
      "points": [
        [
          149.29,
          470.91
        ],
        [
          147.99,
          590.34
        ],
        [
          111.64,
          573.47
        ],
        [
          114.24,
          492.98
        ],
        [
          105.15,
          474.81
        ],
        [
          85.68,
          480.0
        ],
        [
          58.42,
          365.76
        ],
        [
          66.21,
          287.87
        ],
        [
          58.42,
          208.68
        ],
        [
          89.57,
          159.35
        ],
        [
          127.22,
          190.51
        ],
        [
          137.61,
          203.49
        ],
        [
          196.02,
          207.38
        ],
        [
          246.65,
          233.35
        ],
        [
          280.41,
          350.18
        ],
        [
          233.67,
          364.46
        ],
        [
          247.95,
          435.86
        ],
        [
          228.48,
          492.98
        ],
        [
          218.09,
          566.98
        ],
        [
          214.2,
          622.8
        ],
        [
          181.74,
          583.85
        ],
        [
          180.45,
          534.52
        ],
        [
          189.53,
          460.53
        ],
        [
          155.78,
          477.4
        ]
      ],
      "shape_type": "polygon"
    }
  ],
  "imagePath": "377575.jpg",
  "imageHeight": 640,
  "imageWidth": 426
}