{
  "shapes": [
    {
      "label": "dog",
      "points": [
        [
          42.29,
          221.21
        ],
        [
          56.43,
          224.35
        ],
        [
          64.28,
          226.44
        ],
        [
          67.95,
          222.78
        ],
        [
          62.71,
          209.69
        ],
        [
          62.19,
          208.64
        ],
        [
          69.0,
          211.78
        ],
        [
          78.42,
          214.92
        ],
        [
          82.09,
          217.02
        ],
        [
          97.27,
          218.59
        ],
        [
          104.6,
          225.92
        ],
        [
          111.93,
          223.82
        ],
        [
          120.31,
          227.49
        ],
        [
          122.98,
          229.9
        ],
        [
          131.72,
          230.57
        ],
        [
          145.16,
          236.62
        ],
        [
          151.88,
          242.0
        ],
        [
          184.14,
          266.19
        ],
        [
          190.19,
          277.61
        ],
        [
          190.86,
          279.63
        ],
        [
          187.5,
          284.33
        ],
        [
          186.15,
          287.02
        ],
        [
          186.82,
          293.07
        ],
        [
          188.17,
          295.76
        ],
        [
          200.27,
          282.99
        ],
        [
          196.23,
          276.94
        ],
        [
          194.89,
          270.89
        ],
        [
          190.86,
          265.52
        ],
        [
          190.86,
          260.14
        ],
        [
          163.3,
          230.57
        ],
        [
          165.99,
          223.85
        ],
        [
          180.1,
          229.9
        ],
        [
          198.25,
          239.31
        ],
        [
          211.02,
          245.36
        ],
        [
          215.05,
          251.4
        ],
        [
          217.74,
          241.32
        ],
        [
          215.05,
          236.62
        ],
        [
          211.02,
          232.59
        ],
        [
          177.42,
          207.05
        ],
        [
          182.12,
          190.25
        ],
        [
          186.15,
          174.79
        ],
        [
          187.5,
          158.66
        ],
        [
          194.89,
          144.55
        ],
        [
          202.95,
          135.82
        ],
        [
          211.69,
          135.82
        ],
        [
          220.43,
          140.52
        ],
        [
          229.84,
          145.22
        ],
        [
          245.96,
          146.57
        ],
        [
          259.4,
          145.9
        ],
        [
          268.81,
          153.96
        ],
        [
          275.53,
          166.06
        ],
        [
          272.85,
          174.12
        ],
        [
          274.19,
          180.17
        ],
        [
          278.22,
          180.84
        ],
        [
          280.91,
          177.48
        ],
        [
          288.97,
          172.11
        ],
        [
          278.22,
          157.99
        ],
        [
          282.25,
          156.65
        ],
        [
          288.3,
          151.27
        ],
        [
          288.3,
          147.91
        ],
        [
          280.91,
          139.85
        ],
        [
          268.81,
          134.47
        ],
        [
          255.37,
          128.42
        ],
        [
          253.36,
          125.73
        ],
        [
          244.62,
          127.08
        ],
        [
          240.59,
          124.39
        ],
        [
          233.2,
          113.64
        ],
        [
          226.47,
          102.89
        ],
        [
          225.8,
          99.53
        ],
        [
          225.8,
          96.17
        ],
        [
          235.88,
          100.2
        ],
        [
          240.59,
          94.15
        ],
        [
          218.41,
          84.07
        ],
        [
          204.3,
          78.02
        ],
        [
          197.58,
          76.0
        ],
        [
          180.78,
          82.05
        ],
        [
          162.63,
          95.49
        ],
        [
          152.55,
          106.25
        ],
        [
          143.14,
          117.0
        ],
        [
          134.41,
          127.08
        ],
        [
          122.31,
          144.55
        ],
        [
          111.56,
          153.29
        ],
        [
          100.8,
          160.68
        ],
        [
          95.43,
          165.38
        ],
        [
          94.08,
          160.01
        ],
        [
          87.36,
          156.65
        ],
        [
          77.28,
          156.65
        ],
        [
          69.22,
          157.32
        ],
        [
          63.84,
          162.7
        ],
        [
          57.12,
          164.71
        ],
        [
          47.71,
          174.12
        ],
        [
          43.01,
          181.51
        ],
        [
          38.31,
          188.91
        ],
        [
          35.62,
          204.36
        ]
      ],
      "shape_type": "polygon"
    }
  ],
  "imagePath": "022892.jpg",
  "imageHeight": 334,
  "imageWidth": 500
}