{
  "shapes": [
    {
      "label": "dog",
      "points": [
        [
          331.05,
          420.09
        ],
        [
          334.51,
          408.85
        ],
        [
          342.29,
          395.02
        ],
        [
          354.39,
          375.14
        ],
        [
          356.99,
          363.04
        ],
        [
          355.26,
          347.48
        ],
        [
          362.17,
          334.51
        ],
        [
          375.14,
          325.87
        ],
        [
          386.37,
          305.12
        ],
        [
          393.29,
          278.33
        ],
        [
          397.61,
          245.48
        ],
        [
          402.8,
          219.55
        ],
        [
          419.22,
          227.33
        ],
        [
          414.03,
          215.23
        ],
        [
          417.49,
          203.13
        ],
        [
          428.73,
          198.81
        ],
        [
          448.61,
          210.04
        ],
        [
          459.85,
          214.36
        ],
        [
          470.22,
          216.96
        ],
        [
          480.59,
          209.18
        ],
        [
          496.15,
          207.45
        ],
        [
          508.25,
          203.99
        ],
        [
          516.03,
          198.81
        ],
        [
          518.62,
          179.79
        ],
        [
          516.03,
          172.87
        ],
        [
          499.61,
          162.5
        ],
        [
          479.73,
          152.13
        ],
        [
          464.17,
          143.49
        ],
        [
          441.69,
          132.25
        ],
        [
          423.54,
          125.33
        ],
        [
          402.8,
          130.52
        ],
        [
          383.78,
          140.89
        ],
        [
          364.77,
          147.81
        ],
        [
          343.16,
          151.27
        ],
        [
          329.33,
          146.94
        ],
        [
          316.36,
          144.35
        ],
        [
          305.99,
          148.67
        ],
        [
          298.21,
          137.44
        ],
        [
          293.02,
          158.18
        ],
        [
          279.19,
          160.77
        ],
        [
          253.26,
          154.72
        ],
        [
          233.38,
          153.86
        ],
        [
          217.82,
          153.86
        ],
        [
          203.13,
          157.32
        ],
        [
          191.03,
          152.99
        ],
        [
          178.93,
          159.91
        ],
        [
          167.69,
          165.1
        ],
        [
          159.04,
          183.25
        ],
        [
          155.59,
          203.13
        ],
        [
          156.45,
          217.82
        ],
        [
          153.86,
          233.38
        ],
        [
          151.27,
          244.62
        ],
        [
          146.08,
          258.45
        ],
        [
          149.54,
          265.36
        ],
        [
          164.23,
          270.55
        ],
        [
          166.82,
          280.06
        ],
        [
          169.42,
          287.84
        ],
        [
          172.01,
          291.29
        ],
        [
          191.03,
          288.7
        ],
        [
          203.99,
          287.84
        ],
        [
          212.64,
          293.02
        ],
        [
          216.96,
          305.12
        ],
        [
          215.23,
          317.22
        ],
        [
          217.82,
          328.46
        ],
        [
          229.92,
          338.83
        ],
        [
          248.07,
          344.88
        ],
        [
          267.96,
          344.88
        ],
        [
          279.19,
          337.97
        ],
        [
          293.02,
          332.78
        ],
        [
          300.8,
          344.88
        ],
        [
          305.12,
          362.17
        ],
        [
          308.58,
          382.05
        ],
        [
          305.99,
          400.2
        ],
        [
          304.26,
          418.36
        ],
        [
          301.67,
          424.41
        ],
        [
          329.33,
          427.0
        ]
      ],
      "shape_type": "polygon"
    }
  ],
  "imagePath": "052891.jpg",
  "imageHeight": 427,
  "imageWidth": 640
}