{
  "shapes": [
    {
      "label": "dog",
      "points": [
        [
          147.76,
          396.11
        ],
        [
          158.48,
          355.91
        ],
        [
          153.12,
          347.87
        ],
        [
          137.04,
          346.26
        ],
        [
          125.25,
          339.29
        ],
        [
          124.71,
          301.77
        ],
        [
          139.18,
          262.64
        ],
        [
          159.55,
          232.63
        ],
        [
          185.82,
          209.04
        ],
        [
          226.01,
          196.72
        ],
        [
          244.77,
          196.18
        ],
        [
          251.74,
          202.08
        ],
        [
          275.33,
          224.59
        ],
        [
          283.9,
          232.63
        ],
        [
          295.16,
          240.67
        ],
        [
          315.53,
          247.1
        ],
        [
          327.85,
          249.78
        ],
        [
          338.57,
          253.0
        ],
        [
          354.12,
          263.72
        ],
        [
          379.31,
          276.04
        ],
        [
          395.39,
          286.23
        ],
        [
          424.33,
          304.99
        ],
        [
          454.95,
          336.93
        ],
        [
          479.62,
          387.02
        ],
        [
          491.58,
          436.36
        ],
        [
          494.57,
          453.55
        ],
        [
          497.56,
          463.27
        ],
        [
          493.08,
          511.86
        ],
        [
          487.02,
          532.62
        ],
        [
          470.4,
          552.99
        ],
        [
          401.26,
          552.99
        ],
        [
          399.65,
          547.63
        ],
        [
          407.15,
          535.3
        ],
        [
          389.46,
          536.91
        ],
        [
          374.46,
          540.13
        ],
        [
          356.23,
          540.13
        ],
        [
          354.09,
          536.91
        ],
        [
          341.23,
          533.16
        ],
        [
          340.15,
          526.19
        ],
        [
          342.83,
          518.69
        ],
        [
          355.7,
          512.26
        ],
        [
          360.52,
          510.65
        ],
        [
          374.46,
          510.11
        ],
        [
          375.53,
          494.03
        ],
        [
          369.1,
          497.25
        ],
        [
          361.06,
          491.89
        ],
        [
          361.59,
          488.67
        ],
        [
          354.63,
          489.21
        ],
        [
          346.05,
          496.71
        ],
        [
          343.37,
          492.42
        ],
        [
          335.33,
          495.64
        ],
        [
          333.19,
          489.21
        ],
        [
          327.83,
          488.67
        ],
        [
          323.0,
          499.39
        ],
        [
          312.82,
          520.83
        ],
        [
          304.24,
          531.02
        ],
        [
          291.91,
          535.84
        ],
        [
          273.69,
          536.91
        ],
        [
          269.4,
          533.7
        ],
        [
          261.36,
          533.7
        ],
        [
          256.0,
          531.02
        ],
        [
          254.93,
          524.58
        ],
        [
          268.33,
          509.58
        ],
        [
          277.98,
          505.82
        ],
        [
          287.09,
          505.29
        ],
        [
          301.56,
          481.7
        ],
        [
          302.1,
          462.41
        ],
        [
          294.06,
          481.17
        ],
        [
          289.77,
          488.14
        ],
        [
          277.98,
          489.74
        ],
        [
          261.36,
          489.21
        ],
        [
          254.93,
          488.67
        ],
        [
          254.93,
          484.38
        ],
        [
          244.75,
          482.24
        ],
        [
          247.96,
          473.66
        ],
        [
          260.83,
          467.23
        ],
        [
          276.37,
          464.02
        ],
        [
          283.34,
          446.33
        ],
        [
          285.48,
          431.32
        ],
        [
          287.63,
          412.02
        ],
        [
          277.98,
          407.74
        ],
        [
          260.29,
          403.99
        ],
        [
          257.61,
          401.31
        ],
        [
          255.47,
          391.12
        ],
        [
          233.8,
          389.37
        ],
        [
          220.18,
          393.91
        ],
        [
          210.65,
          393.91
        ],
        [
          199.76,
          406.61
        ],
        [
          187.51,
          417.96
        ],
        [
          178.43,
          420.68
        ],
        [
          167.99,
          420.68
        ],
        [
          163.45,
          418.41
        ],
        [
          158.01,
          419.32
        ],
        [
          148.47,
          418.41
        ],
        [
          145.3,
          413.88
        ],
        [
          146.66,
          402.53
        ]
      ],
      "shape_type": "polygon"
    }
  ],
  "imagePath": "472375.jpg",
  "imageHeight": 612,
  "imageWidth": 612
}