{
  "shapes": [
    {
      "label": "dog",
      "points": [
        [
          67.91,
          295.16
        ],
        [
          86.02,
          285.35
        ],
        [
          110.16,
          273.28
        ],
        [
          98.09,
          273.28
        ],
        [
          89.79,
          264.98
        ],
        [
          83.75,
          258.19
        ],
        [
          70.93,
          264.23
        ],
        [
          50.55,
          260.45
        ],
        [
          39.99,
          252.91
        ],
        [
          38.48,
          242.34
        ],
        [
          21.13,
          232.54
        ],
        [
          15.09,
          219.71
        ],
        [
          15.09,
          210.65
        ],
        [
          22.64,
          205.37
        ],
        [
          30.18,
          206.88
        ],
        [
          46.78,
          198.58
        ],
        [
          49.04,
          184.25
        ],
        [
          50.55,
          163.12
        ],
        [
          80.73,
          131.43
        ],
        [
          102.62,
          123.13
        ],
        [
          120.72,
          118.6
        ],
        [
          137.32,
          111.81
        ],
        [
          177.31,
          102.76
        ],
        [
          224.85,
          99.74
        ],
        [
          264.84,
          99.74
        ],
        [
          271.63,
          92.19
        ],
        [
          270.12,
          68.8
        ],
        [
          274.65,
          40.13
        ],
        [
          282.19,
          26.55
        ],
        [
          301.81,
          46.92
        ],
        [
          312.37,
          66.54
        ],
        [
          321.43,
          85.4
        ],
        [
          323.69,
          95.97
        ],
        [
          327.46,
          102.0
        ],
        [
          334.26,
          94.46
        ],
        [
          346.33,
          93.7
        ],
        [
          365.19,
          93.7
        ],
        [
          381.04,
          95.21
        ],
        [
          389.34,
          99.74
        ],
        [
          401.41,
          104.27
        ],
        [
          413.48,
          112.57
        ],
        [
          436.87,
          120.87
        ],
        [
          450.45,
          108.79
        ],
        [
          461.77,
          96.72
        ],
        [
          484.41,
          83.89
        ],
        [
          499.5,
          72.58
        ],
        [
          498.74,
          86.16
        ],
        [
          497.23,
          109.55
        ],
        [
          489.69,
          128.41
        ],
        [
          486.67,
          140.48
        ],
        [
          485.16,
          157.08
        ],
        [
          473.84,
          174.44
        ],
        [
          465.54,
          185.76
        ],
        [
          460.26,
          197.83
        ],
        [
          461.77,
          226.5
        ],
        [
          448.94,
          248.38
        ],
        [
          452.72,
          264.23
        ],
        [
          452.72,
          274.79
        ],
        [
          440.64,
          288.37
        ],
        [
          418.76,
          295.16
        ],
        [
          379.53,
          295.92
        ],
        [
          339.54,
          289.13
        ],
        [
          323.69,
          269.51
        ],
        [
          277.67,
          235.55
        ],
        [
          244.47,
          210.65
        ],
        [
          217.3,
          212.92
        ],
        [
          193.16,
          231.78
        ],
        [
          172.79,
          249.89
        ],
        [
          153.17,
          277.81
        ],
        [
          139.59,
          314.02
        ],
        [
          127.52,
          322.32
        ],
        [
          104.12,
          333.64
        ],
        [
          89.79,
          333.64
        ],
        [
          67.91,
          331.38
        ],
        [
          52.82,
          326.1
        ],
        [
          54.33,
          312.52
        ],
        [
          68.66,
          292.9
        ]
      ],
      "shape_type": "polygon"
    }
  ],
  "imagePath": "399655.jpg",
  "imageHeight": 375,
  "imageWidth": 500
}