{
  "shapes": [
    {
      "label": "dog",
      "points": [
        [
          161.3,
          370.69
        ],
        [
          178.79,
          364.86
        ],
        [
          237.09,
          357.09
        ],
        [
          239.03,
          347.37
        ],
        [
          250.69,
          308.5
        ],
        [
          274.01,
          267.69
        ],
        [
          296.36,
          219.11
        ],
        [
          308.02,
          190.93
        ],
        [
          305.1,
          172.47
        ],
        [
          305.1,
          145.26
        ],
        [
          287.61,
          156.92
        ],
        [
          279.84,
          153.04
        ],
        [
          279.84,
          142.35
        ],
        [
          304.13,
          116.11
        ],
        [
          315.79,
          107.37
        ],
        [
          357.57,
          104.45
        ],
        [
          382.83,
          103.48
        ],
        [
          401.3,
          114.17
        ],
        [
          413.93,
          129.72
        ],
        [
          415.87,
          139.43
        ],
        [
          399.35,
          141.38
        ],
        [
          390.61,
          135.55
        ],
        [
          385.75,
          159.84
        ],
        [
          385.75,
          193.85
        ],
        [
          395.47,
          218.14
        ],
        [
          400.32,
          239.51
        ],
        [
          402.27,
          267.69
        ],
        [
          397.41,
          282.27
        ],
        [
          399.35,
          313.36
        ],
        [
          399.35,
          337.65
        ],
        [
          398.38,
          351.26
        ],
        [
          409.07,
          365.83
        ],
        [
          407.13,
          376.52
        ],
        [
          399.35,
          376.52
        ],
        [
          380.89,
          362.91
        ],
        [
          380.89,
          349.31
        ],
        [
          377.0,
          315.3
        ],
        [
          355.63,
          337.65
        ],
        [
          382.83,
          394.01
        ],
        [
          400.32,
          411.5
        ],
        [
          398.38,
          422.19
        ],
        [
          383.81,
          425.1
        ],
        [
          375.06,
          425.1
        ],
        [
          351.74,
          375.55
        ],
        [
          304.13,
          399.84
        ],
        [
          327.45,
          428.99
        ],
        [
          319.68,
          437.73
        ],
        [
          297.33,
          425.1
        ],
        [
          275.95,
          407.61
        ],
        [
          274.98,
          398.87
        ],
        [
          261.38,
          388.18
        ],
        [
          245.83,
          385.26
        ],
        [
          238.06,
          397.89
        ],
        [
          244.86,
          417.33
        ],
        [
          240.0,
          438.7
        ],
        [
          222.51,
          431.9
        ],
        [
          211.82,
          426.07
        ],
        [
          211.82,
          412.47
        ],
        [
          217.65,
          387.21
        ],
        [
          200.16,
          387.21
        ],
        [
          178.79,
          382.35
        ]
      ],
      "shape_type": "polygon"
    }
  ],
  "imagePath": "347930.jpg",
  "imageHeight": 480,
  "imageWidth": 640
}