{
  "shapes": [
    {
      "label": "dog",
      "points": [
        [
          5.05,
          206.06
        ],
        [
          20.2,
          221.21
        ],
        [
          48.48,
          208.08
        ],
        [
          97.98,
          173.74
        ],
        [
          97.98,
          170.71
        ],
        [
          98.99,
          165.66
        ],
        [
          98.99,
          157.58
        ],
        [
          104.04,
          146.46
        ],
        [
          113.13,
          142.42
        ],
        [
          121.21,
          135.35
        ],
        [
          123.23,
          120.2
        ],
        [
          134.34,
          119.19
        ],
        [
          144.44,
          124.24
        ],
        [
          158.59,
          125.25
        ],
        [
          163.64,
          123.23
        ],
        [
          171.72,
          116.16
        ],
        [
          174.75,
          118.18
        ],
        [
          172.73,
          131.31
        ],
        [
          176.77,
          135.35
        ],
        [
          178.79,
          135.35
        ],
        [
          186.87,
          138.38
        ],
        [
          187.88,
          139.39
        ],
        [
          196.97,
          147.47
        ],
        [
          194.95,
          156.57
        ],
        [
          181.82,
          147.47
        ],
        [
          165.66,
          153.54
        ],
        [
          159.6,
          160.61
        ],
        [
          175.76,
          174.75
        ],
        [
          172.73,
          182.83
        ],
        [
          169.7,
          185.86
        ],
        [
          163.64,
          186.87
        ],
        [
          153.54,
          207.07
        ],
        [
          153.54,
          215.15
        ],
        [
          157.58,
          221.21
        ],
        [
          167.68,
          223.23
        ],
        [
          195.96,
          231.31
        ],
        [
          208.08,
          235.35
        ],
        [
          215.15,
          242.42
        ],
        [
          214.14,
          252.53
        ],
        [
          212.12,
          252.53
        ],
        [
          208.08,
          262.63
        ],
        [
          202.02,
          265.66
        ],
        [
          197.98,
          266.67
        ],
        [
          190.91,
          263.64
        ],
        [
          185.86,
          261.62
        ],
        [
          169.7,
          246.46
        ],
        [
          146.46,
          239.39
        ],
        [
          125.25,
          239.39
        ],
        [
          124.24,
          247.47
        ],
        [
          115.15,
          247.47
        ],
        [
          106.06,
          249.49
        ],
        [
          94.95,
          254.55
        ],
        [
          84.85,
          260.61
        ],
        [
          76.77,
          271.72
        ],
        [
          66.67,
          292.93
        ],
        [
          66.67,
          301.01
        ],
        [
          58.59,
          328.28
        ],
        [
          46.46,
          333.33
        ],
        [
          45.45,
          342.42
        ],
        [
          43.43,
          345.45
        ],
        [
          42.42,
          351.52
        ],
        [
          44.44,
          357.58
        ],
        [
          49.49,
          368.69
        ],
        [
          58.59,
          377.78
        ],
        [
          69.7,
          383.84
        ],
        [
          61.62,
          386.87
        ],
        [
          57.58,
          391.92
        ],
        [
          43.43,
          380.81
        ],
        [
          40.4,
          378.79
        ],
        [
          31.31,
          369.7
        ],
        [
          25.25,
          363.64
        ],
        [
          26.26,
          350.51
        ],
        [
          25.25,
          342.42
        ],
        [
          24.24,
          339.39
        ],
        [
          25.25,
          336.36
        ],
        [
          12.12,
          335.35
        ],
        [
          11.11,
          339.39
        ],
        [
          10.1,
          348.48
        ],
        [
          7.07,
          352.53
        ],
        [
          12.12,
          368.69
        ],
        [
          18.18,
          377.78
        ],
        [
          17.17,
          385.86
        ],
        [
          11.11,
          387.88
        ],
        [
          9.09,
          385.86
        ],
        [
          7.07,
          378.79
        ],
        [
          5.05,
          373.74
        ],
        [
          3.03,
          364.65
        ],
        [
          0.0,
          344.44
        ],
        [
          2.02,
          329.29
        ],
        [
          2.02,
          315.15
        ],
        [
          5.05,
          291.92
        ],
        [
          6.06,
          284.85
        ],
        [
          1.01,
          242.42
        ],
        [
          2.02,
          226.26
        ],
        [
          1.01,
          210.1
        ]
      ],
      "shape_type": "polygon"
    }
  ],
  "imagePath": "369541.jpg",
  "imageHeight": 500,
  "imageWidth": 375
}