{
  "shapes": [
    {
      "label": "dog",
      "points": [
        [
          407.17,
          94.78
        ],
        [
          407.17,
          148.42
        ],
        [
          399.85,
          177.68
        ],
        [
          390.1,
          197.18
        ],
        [
          373.03,
          204.5
        ],
        [
          354.75,
          220.35
        ],
        [
          348.65,
          247.17
        ],
        [
          377.91,
          243.51
        ],
        [
          401.07,
          222.78
        ],
        [
          408.39,
          270.33
        ],
        [
          399.85,
          305.68
        ],
        [
          379.13,
          306.9
        ],
        [
          381.57,
          354.44
        ],
        [
          409.61,
          387.36
        ],
        [
          425.45,
          384.92
        ],
        [
          470.56,
          404.43
        ],
        [
          510.79,
          422.71
        ],
        [
          516.88,
          433.68
        ],
        [
          479.09,
          453.19
        ],
        [
          454.71,
          444.65
        ],
        [
          393.76,
          420.27
        ],
        [
          376.69,
          421.49
        ],
        [
          302.33,
          441.0
        ],
        [
          265.76,
          439.78
        ],
        [
          219.43,
          436.12
        ],
        [
          201.15,
          471.47
        ],
        [
          151.16,
          478.79
        ],
        [
          123.13,
          448.31
        ],
        [
          149.95,
          432.46
        ],
        [
          177.98,
          395.89
        ],
        [
          204.8,
          349.57
        ],
        [
          216.99,
          326.41
        ],
        [
          181.64,
          302.02
        ],
        [
          149.95,
          276.42
        ],
        [
          182.86,
          184.99
        ],
        [
          202.37,
          143.55
        ],
        [
          248.69,
          105.75
        ],
        [
          290.14,
          88.69
        ],
        [
          316.96,
          85.03
        ],
        [
          320.61,
          94.78
        ],
        [
          366.94,
          80.15
        ],
        [
          399.85,
          74.06
        ]
      ],
      "shape_type": "polygon"
    }
  ],
  "imagePath": "082807.jpg",
  "imageHeight": 601,
  "imageWidth": 640
}