{
  "shapes": [
    {
      "label": "dog",
      "points": [
        [
          0.0,
          503.5
        ],
        [
          21.89,
          490.62
        ],
        [
          37.34,
          467.44
        ],
        [
          56.66,
          455.86
        ],
        [
          60.52,
          448.13
        ],
        [
          72.11,
          439.11
        ],
        [
          74.69,
          432.68
        ],
        [
          87.57,
          421.09
        ],
        [
          103.02,
          422.37
        ],
        [
          115.9,
          430.1
        ],
        [
          123.62,
          437.83
        ],
        [
          135.21,
          440.4
        ],
        [
          139.07,
          449.42
        ],
        [
          135.21,
          454.57
        ],
        [
          124.91,
          467.44
        ],
        [
          117.18,
          467.44
        ],
        [
          113.32,
          475.17
        ],
        [
          113.32,
          491.91
        ],
        [
          112.03,
          500.93
        ],
        [
          121.05,
          491.91
        ],
        [
          133.92,
          491.91
        ],
        [
          135.21,
          485.47
        ],
        [
          142.94,
          485.47
        ],
        [
          142.94,
          491.91
        ],
        [
          154.53,
          490.62
        ],
        [
          153.24,
          504.79
        ],
        [
          141.65,
          508.65
        ],
        [
          126.2,
          522.82
        ],
        [
          117.18,
          536.98
        ],
        [
          109.46,
          546.0
        ],
        [
          95.29,
          540.85
        ],
        [
          82.41,
          543.42
        ],
        [
          72.11,
          556.3
        ],
        [
          57.95,
          571.75
        ],
        [
          70.82,
          591.07
        ],
        [
          52.8,
          621.97
        ],
        [
          34.77,
          629.7
        ],
        [
          16.74,
          628.41
        ],
        [
          1.29,
          627.12
        ],
        [
          2.58,
          513.8
        ]
      ],
      "shape_type": "polygon"
    }
  ],
  "imagePath": "494869.jpg",
  "imageHeight": 640,
  "imageWidth": 427
}