{
  "shapes": [
    {
      "label": "dog",
      "points": [
        [
          99.17,
          369.89
        ],
        [
          79.34,
          333.67
        ],
        [
          80.2,
          295.73
        ],
        [
          71.57,
          244.85
        ],
        [
          90.55,
          193.11
        ],
        [
          100.03,
          178.45
        ],
        [
          100.03,
          152.58
        ],
        [
          90.55,
          148.27
        ],
        [
          78.47,
          148.27
        ],
        [
          85.37,
          128.43
        ],
        [
          107.79,
          121.53
        ],
        [
          117.28,
          124.98
        ],
        [
          153.5,
          124.98
        ],
        [
          166.43,
          120.67
        ],
        [
          174.19,
          134.47
        ],
        [
          181.09,
          160.34
        ],
        [
          179.37,
          188.8
        ],
        [
          169.02,
          197.42
        ],
        [
          180.23,
          212.08
        ],
        [
          185.4,
          248.3
        ],
        [
          202.65,
          263.82
        ],
        [
          215.59,
          276.76
        ],
        [
          213.86,
          292.28
        ],
        [
          196.62,
          311.25
        ],
        [
          183.68,
          331.08
        ],
        [
          171.61,
          347.47
        ],
        [
          157.81,
          353.51
        ],
        [
          149.19,
          343.16
        ],
        [
          147.46,
          329.36
        ],
        [
          124.18,
          325.05
        ],
        [
          119.87,
          325.05
        ],
        [
          106.93,
          344.88
        ],
        [
          106.93,
          363.85
        ],
        [
          98.31,
          375.93
        ]
      ],
      "shape_type": "polygon"
    }
  ],
  "imagePath": "022192.jpg",
  "imageHeight": 426,
  "imageWidth": 640
}