{
  "shapes": [
    {
      "label": "dog",
      "points": [
        [
          341.66,
          96.39
        ],
        [
          352.85,
          58.52
        ],
        [
          375.22,
          26.68
        ],
        [
          411.37,
          40.45
        ],
        [
          430.3,
          32.7
        ],
        [
          449.24,
          47.33
        ],
        [
          458.7,
          80.9
        ],
        [
          469.03,
          90.36
        ],
        [
          469.03,
          127.37
        ],
        [
          490.55,
          154.05
        ],
        [
          502.59,
          175.56
        ],
        [
          525.83,
          206.55
        ],
        [
          540.46,
          203.96
        ],
        [
          556.81,
          234.08
        ],
        [
          589.52,
          294.33
        ],
        [
          591.24,
          327.89
        ],
        [
          596.4,
          359.73
        ],
        [
          568.0,
          376.95
        ],
        [
          537.88,
          383.83
        ],
        [
          532.72,
          407.07
        ],
        [
          539.6,
          426.0
        ],
        [
          480.22,
          426.0
        ],
        [
          477.64,
          418.25
        ],
        [
          498.29,
          408.79
        ],
        [
          498.29,
          375.22
        ],
        [
          475.92,
          365.76
        ],
        [
          462.15,
          380.39
        ],
        [
          429.44,
          382.97
        ],
        [
          427.72,
          362.32
        ],
        [
          436.33,
          356.29
        ],
        [
          432.88,
          350.27
        ],
        [
          421.7,
          356.29
        ],
        [
          391.58,
          365.76
        ],
        [
          370.06,
          368.34
        ],
        [
          364.9,
          382.11
        ],
        [
          333.92,
          388.13
        ],
        [
          324.45,
          382.11
        ],
        [
          324.45,
          364.04
        ],
        [
          352.85,
          351.13
        ],
        [
          378.67,
          275.39
        ],
        [
          340.8,
          220.32
        ],
        [
          337.36,
          196.22
        ],
        [
          349.41,
          174.7
        ],
        [
          340.8,
          155.77
        ],
        [
          337.36,
          159.21
        ],
        [
          327.03,
          148.02
        ],
        [
          334.78,
          117.04
        ],
        [
          339.94,
          93.81
        ]
      ],
      "shape_type": "polygon"
    }
  ],
  "imagePath": "261161.jpg",
  "imageHeight": 426,
  "imageWidth": 640
}