{
  "shapes": [
    {
      "label": "dog",
      "points": [
        [
          192.79,
          72.83
        ],
        [
          181.65,
          73.69
        ],
        [
          174.8,
          59.12
        ],
        [
          181.65,
          29.13
        ],
        [
          206.5,
          16.28
        ],
        [
          221.07,
          18.85
        ],
        [
          221.07,
          18.85
        ],
        [
          250.2,
          8.57
        ],
        [
          281.05,
          14.57
        ],
        [
          291.33,
          14.57
        ],
        [
          305.04,
          26.56
        ],
        [
          315.32,
          68.55
        ],
        [
          317.04,
          61.69
        ],
        [
          372.73,
          73.69
        ],
        [
          406.15,
          88.26
        ],
        [
          446.42,
          103.68
        ],
        [
          464.42,
          119.96
        ],
        [
          484.98,
          155.09
        ],
        [
          495.26,
          203.07
        ],
        [
          495.26,
          203.93
        ],
        [
          481.55,
          239.92
        ],
        [
          469.56,
          250.2
        ],
        [
          469.56,
          250.2
        ],
        [
          489.26,
          262.2
        ],
        [
          490.12,
          262.2
        ],
        [
          598.08,
          267.34
        ],
        [
          604.08,
          275.05
        ],
        [
          591.23,
          281.05
        ],
        [
          550.96,
          288.76
        ],
        [
          545.82,
          287.9
        ],
        [
          471.27,
          286.19
        ],
        [
          468.7,
          282.76
        ],
        [
          419.0,
          277.62
        ],
        [
          403.58,
          261.34
        ],
        [
          403.58,
          261.34
        ],
        [
          327.32,
          281.05
        ],
        [
          310.18,
          281.05
        ],
        [
          298.19,
          334.17
        ],
        [
          282.76,
          349.6
        ],
        [
          251.06,
          356.45
        ],
        [
          256.2,
          323.03
        ],
        [
          287.05,
          249.34
        ],
        [
          287.05,
          249.34
        ],
        [
          258.77,
          275.91
        ],
        [
          235.64,
          267.34
        ],
        [
          225.35,
          256.2
        ],
        [
          226.21,
          254.49
        ],
        [
          200.5,
          274.19
        ],
        [
          162.8,
          309.32
        ],
        [
          152.52,
          329.89
        ],
        [
          152.52,
          329.89
        ],
        [
          154.23,
          351.31
        ],
        [
          137.1,
          361.59
        ],
        [
          120.82,
          402.72
        ],
        [
          92.54,
          414.72
        ],
        [
          86.54,
          360.74
        ],
        [
          123.39,
          294.76
        ],
        [
          167.94,
          239.06
        ],
        [
          167.94,
          239.06
        ]
      ],
      "shape_type": "polygon"
    }
  ],
  "imagePath": "564280.jpg",
  "imageHeight": 425,
  "imageWidth": 640
}