{
  "shapes": [
    {
      "label": "elephant",
      "points": [
        [
          323.39,
          406.56
        ],
        [
          316.23,
          376.28
        ],
        [
          313.33,
          354.72
        ],
        [
          313.33,
          335.74
        ],
        [
          314.62,
          312.64
        ],
        [
          308.51,
          303.95
        ],
        [
          305.29,
          301.7
        ],
        [
          298.53,
          300.73
        ],
        [
          283.08,
          294.62
        ],
        [
          273.75,
          292.69
        ],
        [
          270.53,
          292.69
        ],
        [
          259.59,
          300.41
        ],
        [
          254.76,
          305.24
        ],
        [
          241.57,
          323.58
        ],
        [
          229.34,
          335.17
        ],
        [
          213.57,
          344.82
        ],
        [
          194.26,
          348.68
        ],
        [
          176.56,
          346.75
        ],
        [
          147.6,
          333.56
        ],
        [
          145.67,
          336.78
        ],
        [
          144.06,
          337.1
        ],
        [
          137.3,
          336.46
        ],
        [
          128.62,
          337.42
        ],
        [
          128.29,
          328.41
        ],
        [
          131.51,
          317.47
        ],
        [
          139.23,
          312.0
        ],
        [
          147.92,
          310.39
        ],
        [
          163.69,
          312.96
        ],
        [
          177.85,
          317.47
        ],
        [
          187.18,
          318.43
        ],
        [
          195.55,
          317.15
        ],
        [
          205.85,
          307.49
        ],
        [
          217.43,
          284.64
        ],
        [
          228.38,
          263.41
        ],
        [
          242.21,
          237.93
        ],
        [
          242.86,
          231.5
        ],
        [
          241.25,
          224.74
        ],
        [
          243.82,
          217.02
        ],
        [
          259.27,
          199.0
        ],
        [
          265.38,
          184.84
        ],
        [
          268.92,
          179.37
        ],
        [
          281.15,
          165.6
        ],
        [
          288.55,
          163.03
        ],
        [
          297.56,
          163.03
        ],
        [
          309.47,
          161.1
        ],
        [
          319.45,
          156.59
        ],
        [
          323.63,
          155.95
        ],
        [
          322.02,
          202.21
        ],
        [
          321.7,
          228.28
        ],
        [
          322.02,
          249.84
        ],
        [
          322.66,
          290.96
        ],
        [
          322.66,
          316.38
        ],
        [
          322.99,
          352.67
        ],
        [
          324.92,
          385.17
        ],
        [
          324.92,
          406.98
        ],
        [
          323.95,
          408.59
        ],
        [
          323.63,
          406.34
        ]
      ],
      "shape_type": "polygon"
    }
  ],
  "imagePath": "301061.jpg",
  "imageHeight": 640,
  "imageWidth": 480
}