{
  "shapes": [
    {
      "label": "elephant",
      "points": [
        [
          275.06,
          398.26
        ],
        [
          281.74,
          357.19
        ],
        [
          270.28,
          298.93
        ],
        [
          260.73,
          300.84
        ],
        [
          264.55,
          360.06
        ],
        [
          240.67,
          361.01
        ],
        [
          222.53,
          346.69
        ],
        [
          228.26,
          320.9
        ],
        [
          233.03,
          294.16
        ],
        [
          229.21,
          264.55
        ],
        [
          229.21,
          252.13
        ],
        [
          252.13,
          254.04
        ],
        [
          271.24,
          225.39
        ],
        [
          271.24,
          209.16
        ],
        [
          265.51,
          209.16
        ],
        [
          248.31,
          243.54
        ],
        [
          225.39,
          229.21
        ],
        [
          233.03,
          215.84
        ],
        [
          230.17,
          204.38
        ],
        [
          223.48,
          200.56
        ],
        [
          212.02,
          207.25
        ],
        [
          209.16,
          181.46
        ],
        [
          237.81,
          152.81
        ],
        [
          235.9,
          126.07
        ],
        [
          246.4,
          95.51
        ],
        [
          278.88,
          87.87
        ],
        [
          290.34,
          86.91
        ],
        [
          314.21,
          63.99
        ],
        [
          337.13,
          67.81
        ],
        [
          358.15,
          67.81
        ],
        [
          377.25,
          83.09
        ],
        [
          386.8,
          96.46
        ],
        [
          402.08,
          102.19
        ],
        [
          408.76,
          113.65
        ],
        [
          409.72,
          147.08
        ],
        [
          382.02,
          176.69
        ],
        [
          375.34,
          217.75
        ],
        [
          376.29,
          265.51
        ],
        [
          370.56,
          297.02
        ],
        [
          375.34,
          343.82
        ],
        [
          389.66,
          405.9
        ],
        [
          364.83,
          407.81
        ],
        [
          357.19,
          388.71
        ],
        [
          356.24,
          376.29
        ],
        [
          343.82,
          380.11
        ],
        [
          336.18,
          382.98
        ],
        [
          326.63,
          402.08
        ],
        [
          279.83,
          403.03
        ]
      ],
      "shape_type": "polygon"
    }
  ],
  "imagePath": "562207.jpg",
  "imageHeight": 425,
  "imageWidth": 640
}