{
  "shapes": [
    {
      "label": "elephant",
      "points": [
        [
          217.2,
          169.45
        ],
        [
          238.92,
          170.71
        ],
        [
          254.48,
          171.26
        ],
        [
          259.73,
          170.89
        ],
        [
          268.24,
          168.18
        ],
        [
          277.47,
          163.11
        ],
        [
          281.63,
          165.83
        ],
        [
          291.95,
          165.28
        ],
        [
          295.21,
          169.27
        ],
        [
          302.99,
          177.59
        ],
        [
          306.07,
          182.66
        ],
        [
          315.66,
          186.64
        ],
        [
          318.55,
          194.42
        ],
        [
          328.87,
          202.93
        ],
        [
          342.44,
          204.2
        ],
        [
          349.32,
          203.11
        ],
        [
          358.55,
          200.21
        ],
        [
          368.14,
          198.41
        ],
        [
          375.75,
          198.41
        ],
        [
          379.73,
          201.84
        ],
        [
          377.38,
          206.37
        ],
        [
          370.32,
          208.18
        ],
        [
          356.02,
          212.34
        ],
        [
          339.19,
          219.4
        ],
        [
          325.43,
          220.3
        ],
        [
          335.75,
          226.28
        ],
        [
          351.31,
          230.8
        ],
        [
          364.16,
          229.53
        ],
        [
          375.2,
          224.83
        ],
        [
          376.29,
          227.91
        ],
        [
          369.59,
          232.79
        ],
        [
          356.02,
          235.15
        ],
        [
          346.25,
          235.51
        ],
        [
          337.2,
          236.77
        ],
        [
          325.43,
          234.24
        ],
        [
          315.66,
          233.34
        ],
        [
          309.32,
          236.59
        ],
        [
          302.99,
          233.88
        ],
        [
          297.74,
          231.71
        ],
        [
          288.15,
          232.07
        ],
        [
          283.26,
          235.87
        ],
        [
          276.93,
          240.21
        ],
        [
          280.55,
          254.51
        ],
        [
          280.91,
          265.55
        ],
        [
          279.46,
          287.63
        ],
        [
          269.14,
          289.44
        ],
        [
          261.72,
          290.17
        ],
        [
          253.94,
          264.83
        ],
        [
          252.67,
          255.96
        ],
        [
          245.25,
          257.23
        ],
        [
          242.36,
          263.92
        ],
        [
          234.4,
          292.7
        ],
        [
          230.05,
          295.78
        ],
        [
          218.65,
          297.22
        ],
        [
          216.3,
          295.6
        ],
        [
          216.48,
          280.75
        ],
        [
          217.56,
          265.91
        ],
        [
          210.14,
          264.1
        ],
        [
          207.43,
          264.28
        ],
        [
          198.92,
          268.81
        ],
        [
          192.95,
          272.43
        ],
        [
          190.96,
          276.23
        ],
        [
          190.78,
          298.13
        ],
        [
          187.7,
          301.57
        ],
        [
          175.57,
          302.83
        ],
        [
          171.59,
          297.95
        ],
        [
          172.32,
          274.06
        ],
        [
          169.06,
          274.24
        ],
        [
          166.34,
          285.1
        ],
        [
          164.9,
          303.56
        ],
        [
          146.98,
          307.54
        ],
        [
          148.97,
          298.31
        ],
        [
          150.78,
          281.84
        ],
        [
          151.86,
          269.53
        ],
        [
          150.42,
          264.83
        ],
        [
          145.35,
          273.7
        ],
        [
          143.72,
          280.21
        ],
        [
          141.01,
          278.4
        ],
        [
          143.72,
          271.89
        ],
        [
          149.15,
          259.94
        ],
        [
          147.34,
          248.54
        ],
        [
          145.17,
          231.71
        ],
        [
          146.25,
          211.62
        ],
        [
          150.78,
          199.67
        ],
        [
          158.56,
          189.36
        ],
        [
          169.6,
          177.59
        ],
        [
          179.01,
          171.44
        ],
        [
          186.8,
          168.18
        ],
        [
          205.08,
          165.47
        ]
      ],
      "shape_type": "polygon"
    }
  ],
  "imagePath": "259625.jpg",
  "imageHeight": 427,
  "imageWidth": 640
}