{
  "shapes": [
    {
      "label": "elephant",
      "points": [
        [
          421.83,
          329.84
        ],
        [
          439.67,
          242.74
        ],
        [
          439.67,
          227.0
        ],
        [
          440.72,
          210.22
        ],
        [
          433.37,
          192.38
        ],
        [
          429.17,
          164.04
        ],
        [
          424.98,
          138.86
        ],
        [
          431.27,
          113.68
        ],
        [
          437.57,
          101.09
        ],
        [
          458.56,
          92.69
        ],
        [
          469.05,
          97.94
        ],
        [
          499.48,
          87.44
        ],
        [
          523.61,
          97.94
        ],
        [
          528.86,
          126.27
        ],
        [
          525.71,
          140.96
        ],
        [
          527.81,
          157.75
        ],
        [
          522.57,
          160.9
        ],
        [
          536.21,
          176.64
        ],
        [
          544.6,
          194.48
        ],
        [
          550.9,
          206.02
        ],
        [
          532.01,
          216.51
        ],
        [
          525.71,
          202.87
        ],
        [
          530.96,
          237.5
        ],
        [
          546.7,
          287.87
        ],
        [
          539.35,
          322.49
        ],
        [
          519.42,
          275.27
        ],
        [
          513.12,
          289.96
        ],
        [
          475.35,
          292.06
        ],
        [
          464.85,
          277.37
        ],
        [
          459.61,
          254.29
        ],
        [
          450.16,
          298.36
        ],
        [
          430.22,
          327.74
        ]
      ],
      "shape_type": "polygon"
    }
  ],
  "imagePath": "105923.jpg",
  "imageHeight": 468,
  "imageWidth": 640
}