{
  "shapes": [
    {
      "label": "elephant",
      "points": [
        [
          254.81,
          202.61
        ],
        [
          293.79,
          207.36
        ],
        [
          294.74,
          200.71
        ],
        [
          307.1,
          205.46
        ],
        [
          318.51,
          226.38
        ],
        [
          328.97,
          242.54
        ],
        [
          332.77,
          233.03
        ],
        [
          326.12,
          210.21
        ],
        [
          310.91,
          181.69
        ],
        [
          302.35,
          164.58
        ],
        [
          285.23,
          147.46
        ],
        [
          261.47,
          135.1
        ],
        [
          244.35,
          137.96
        ],
        [
          223.43,
          144.61
        ],
        [
          208.22,
          144.61
        ],
        [
          189.21,
          139.86
        ],
        [
          173.04,
          136.05
        ],
        [
          153.08,
          139.86
        ],
        [
          132.16,
          146.51
        ],
        [
          108.39,
          159.82
        ],
        [
          95.08,
          174.09
        ],
        [
          88.42,
          174.09
        ],
        [
          81.77,
          155.07
        ],
        [
          75.11,
          137.96
        ],
        [
          95.08,
          126.55
        ],
        [
          90.32,
          117.04
        ],
        [
          73.21,
          125.6
        ],
        [
          63.7,
          146.51
        ],
        [
          69.41,
          170.28
        ],
        [
          84.62,
          182.64
        ],
        [
          91.28,
          193.1
        ],
        [
          98.88,
          225.43
        ],
        [
          96.98,
          240.64
        ],
        [
          88.42,
          255.85
        ],
        [
          74.16,
          273.92
        ],
        [
          76.06,
          298.64
        ],
        [
          82.72,
          306.24
        ],
        [
          101.73,
          305.29
        ],
        [
          108.39,
          294.83
        ],
        [
          118.85,
          287.23
        ],
        [
          134.06,
          294.83
        ],
        [
          148.32,
          269.16
        ],
        [
          161.63,
          245.39
        ],
        [
          175.89,
          237.79
        ],
        [
          189.21,
          246.34
        ],
        [
          191.11,
          264.41
        ],
        [
          182.55,
          272.02
        ],
        [
          174.94,
          273.92
        ],
        [
          167.34,
          286.28
        ],
        [
          171.14,
          297.69
        ],
        [
          190.16,
          292.93
        ],
        [
          198.71,
          288.18
        ],
        [
          213.93,
          282.47
        ],
        [
          218.68,
          257.75
        ],
        [
          218.68,
          249.2
        ],
        [
          236.74,
          261.56
        ],
        [
          247.2,
          274.87
        ],
        [
          251.01,
          290.08
        ],
        [
          264.32,
          295.79
        ],
        [
          276.68,
          292.93
        ],
        [
          277.63,
          284.38
        ],
        [
          266.22,
          268.21
        ],
        [
          256.71,
          244.44
        ],
        [
          249.11,
          227.33
        ],
        [
          248.15,
          212.12
        ],
        [
          251.01,
          200.71
        ]
      ],
      "shape_type": "polygon"
    }
  ],
  "imagePath": "237864.jpg",
  "imageHeight": 425,
  "imageWidth": 640
}