{
  "shapes": [
    {
      "label": "elephant",
      "points": [
        [
          46.38,
          379.36
        ],
        [
          53.93,
          341.6
        ],
        [
          44.22,
          321.11
        ],
        [
          36.67,
          298.46
        ],
        [
          15.1,
          246.68
        ],
        [
          5.39,
          219.72
        ],
        [
          21.57,
          179.81
        ],
        [
          59.33,
          145.29
        ],
        [
          99.24,
          135.58
        ],
        [
          125.12,
          115.09
        ],
        [
          166.11,
          115.09
        ],
        [
          183.37,
          109.69
        ],
        [
          201.71,
          136.66
        ],
        [
          240.54,
          167.94
        ],
        [
          237.3,
          188.43
        ],
        [
          235.15,
          197.06
        ],
        [
          267.51,
          220.79
        ],
        [
          286.92,
          234.82
        ],
        [
          302.02,
          238.05
        ],
        [
          319.28,
          262.86
        ],
        [
          316.04,
          276.88
        ],
        [
          293.39,
          283.36
        ],
        [
          249.17,
          240.21
        ],
        [
          228.67,
          239.13
        ],
        [
          210.34,
          242.37
        ],
        [
          194.16,
          243.45
        ],
        [
          183.37,
          261.78
        ],
        [
          169.35,
          279.04
        ],
        [
          163.96,
          329.74
        ],
        [
          158.56,
          358.86
        ],
        [
          147.78,
          367.49
        ],
        [
          127.28,
          372.88
        ],
        [
          62.56,
          386.91
        ]
      ],
      "shape_type": "polygon"
    }
  ],
  "imagePath": "021903.jpg",
  "imageHeight": 480,
  "imageWidth": 640
}