{
  "shapes": [
    {
      "label": "elephant",
      "points": [
        [
          133.75,
          540.86
        ],
        [
          133.75,
          532.23
        ],
        [
          142.38,
          299.24
        ],
        [
          144.92,
          247.02
        ],
        [
          151.27,
          222.9
        ],
        [
          165.23,
          184.82
        ],
        [
          183.01,
          173.39
        ],
        [
          255.37,
          179.74
        ],
        [
          273.14,
          188.63
        ],
        [
          292.18,
          211.48
        ],
        [
          299.8,
          249.56
        ],
        [
          329.0,
          253.37
        ],
        [
          379.78,
          253.37
        ],
        [
          381.05,
          226.71
        ],
        [
          391.21,
          233.06
        ],
        [
          414.06,
          260.99
        ],
        [
          387.4,
          404.44
        ],
        [
          369.62,
          499.66
        ],
        [
          336.62,
          495.85
        ],
        [
          309.96,
          423.48
        ],
        [
          289.64,
          544.09
        ],
        [
          284.57,
          565.67
        ],
        [
          283.3,
          568.21
        ],
        [
          246.48,
          592.33
        ],
        [
          213.47,
          559.32
        ],
        [
          231.25,
          535.2
        ],
        [
          210.94,
          474.26
        ],
        [
          194.43,
          365.09
        ],
        [
          166.5,
          566.94
        ],
        [
          139.84,
          583.44
        ]
      ],
      "shape_type": "polygon"
    }
  ],
  "imagePath": "158945.jpg",
  "imageHeight": 640,
  "imageWidth": 478
}