{
  "shapes": [
    {
      "label": "elephant",
      "points": [
        [
          389.53,
          134.65
        ],
        [
          454.93,
          135.61
        ],
        [
          507.83,
          160.62
        ],
        [
          533.8,
          176.97
        ],
        [
          554.0,
          217.37
        ],
        [
          552.07,
          249.11
        ],
        [
          525.14,
          306.81
        ],
        [
          526.1,
          334.71
        ],
        [
          528.03,
          343.36
        ],
        [
          545.34,
          356.83
        ],
        [
          545.34,
          376.06
        ],
        [
          528.03,
          361.64
        ],
        [
          500.13,
          359.71
        ],
        [
          495.33,
          353.94
        ],
        [
          469.36,
          310.66
        ],
        [
          468.4,
          306.81
        ],
        [
          445.31,
          306.81
        ],
        [
          421.27,
          303.93
        ],
        [
          407.8,
          301.04
        ],
        [
          403.96,
          301.04
        ],
        [
          402.03,
          313.55
        ],
        [
          409.73,
          380.87
        ],
        [
          377.02,
          377.99
        ],
        [
          371.25,
          324.13
        ],
        [
          364.52,
          293.35
        ],
        [
          359.71,
          268.34
        ],
        [
          335.67,
          306.81
        ],
        [
          313.55,
          349.13
        ],
        [
          307.78,
          358.75
        ],
        [
          315.47,
          372.22
        ],
        [
          280.84,
          370.29
        ],
        [
          267.38,
          368.37
        ],
        [
          287.58,
          350.09
        ],
        [
          292.39,
          331.82
        ],
        [
          305.85,
          292.39
        ],
        [
          317.39,
          237.56
        ],
        [
          290.46,
          240.45
        ],
        [
          274.11,
          255.84
        ],
        [
          274.11,
          239.49
        ],
        [
          259.69,
          288.54
        ],
        [
          249.11,
          331.82
        ],
        [
          255.84,
          360.67
        ],
        [
          247.18,
          366.44
        ],
        [
          234.68,
          355.87
        ],
        [
          230.83,
          323.16
        ],
        [
          242.37,
          269.3
        ],
        [
          243.33,
          226.02
        ],
        [
          256.8,
          196.21
        ],
        [
          255.84,
          174.09
        ],
        [
          273.15,
          151.0
        ],
        [
          288.54,
          125.03
        ],
        [
          327.01,
          114.45
        ],
        [
          352.98,
          101.95
        ],
        [
          390.49,
          111.57
        ],
        [
          390.49,
          133.69
        ]
      ],
      "shape_type": "polygon"
    }
  ],
  "imagePath": "556765.jpg",
  "imageHeight": 428,
  "imageWidth": 640
}