{
  "shapes": [
    {
      "label": "giraffe",
      "points": [
        [
          358.47,
          139.83
        ],
        [
          367.27,
          147.19
        ],
        [
          360.04,
          159.24
        ],
        [
          346.38,
          158.44
        ],
        [
          333.52,
          170.49
        ],
        [
          323.88,
          176.11
        ],
        [
          322.27,
          189.77
        ],
        [
          324.68,
          201.82
        ],
        [
          329.51,
          209.05
        ],
        [
          334.51,
          213.43
        ],
        [
          331.38,
          219.07
        ],
        [
          344.53,
          234.09
        ],
        [
          361.43,
          240.98
        ],
        [
          385.22,
          265.39
        ],
        [
          388.35,
          277.29
        ],
        [
          354.55,
          279.17
        ],
        [
          352.67,
          283.55
        ],
        [
          360.18,
          296.07
        ],
        [
          362.68,
          302.95
        ],
        [
          364.56,
          311.72
        ],
        [
          370.82,
          326.74
        ],
        [
          370.82,
          341.77
        ],
        [
          373.33,
          356.17
        ],
        [
          376.46,
          368.69
        ],
        [
          391.48,
          439.43
        ],
        [
          403.37,
          473.23
        ],
        [
          411.51,
          502.03
        ],
        [
          418.4,
          524.56
        ],
        [
          425.91,
          535.21
        ],
        [
          426.0,
          551.48
        ],
        [
          426.0,
          621.6
        ],
        [
          426.0,
          631.61
        ],
        [
          425.29,
          640.0
        ],
        [
          363.94,
          640.0
        ],
        [
          351.42,
          601.56
        ],
        [
          349.54,
          590.29
        ],
        [
          332.64,
          539.59
        ],
        [
          323.25,
          497.02
        ],
        [
          321.99,
          487.63
        ],
        [
          305.09,
          408.75
        ],
        [
          296.95,
          378.08
        ],
        [
          293.82,
          368.06
        ],
        [
          285.06,
          336.13
        ],
        [
          260.64,
          287.93
        ],
        [
          245.62,
          265.39
        ],
        [
          231.22,
          255.38
        ],
        [
          224.33,
          256.63
        ],
        [
          201.8,
          232.21
        ],
        [
          185.52,
          218.44
        ],
        [
          162.36,
          190.9
        ],
        [
          152.34,
          172.74
        ],
        [
          142.33,
          158.35
        ],
        [
          137.94,
          152.09
        ],
        [
          122.29,
          154.59
        ],
        [
          111.03,
          143.32
        ],
        [
          104.14,
          132.68
        ],
        [
          101.01,
          125.79
        ],
        [
          92.25,
          117.65
        ],
        [
          92.87,
          106.39
        ],
        [
          106.02,
          100.13
        ],
        [
          125.42,
          97.0
        ],
        [
          137.94,
          98.87
        ],
        [
          151.09,
          103.26
        ],
        [
          155.47,
          109.52
        ],
        [
          183.02,
          115.78
        ],
        [
          223.08,
          125.17
        ],
        [
          244.37,
          123.91
        ],
        [
          257.51,
          118.28
        ],
        [
          278.17,
          136.43
        ],
        [
          283.81,
          143.95
        ],
        [
          316.36,
          147.7
        ],
        [
          333.89,
          139.56
        ]
      ],
      "shape_type": "polygon"
    }
  ],
  "imagePath": "289586.jpg",
  "imageHeight": 640,
  "imageWidth": 426
}