{
  "shapes": [
    {
      "label": "giraffe",
      "points": [
        [
          227.04,
          368.28
        ],
        [
          233.99,
          366.39
        ],
        [
          235.25,
          353.13
        ],
        [
          234.62,
          333.55
        ],
        [
          231.46,
          307.02
        ],
        [
          235.88,
          293.76
        ],
        [
          233.99,
          278.6
        ],
        [
          234.62,
          261.55
        ],
        [
          239.67,
          261.55
        ],
        [
          240.94,
          271.02
        ],
        [
          237.15,
          290.6
        ],
        [
          235.88,
          295.65
        ],
        [
          234.62,
          305.13
        ],
        [
          239.04,
          317.13
        ],
        [
          242.83,
          355.02
        ],
        [
          247.25,
          351.86
        ],
        [
          246.62,
          314.6
        ],
        [
          251.04,
          285.55
        ],
        [
          257.36,
          269.76
        ],
        [
          264.31,
          269.76
        ],
        [
          269.99,
          298.18
        ],
        [
          275.04,
          314.6
        ],
        [
          271.25,
          343.02
        ],
        [
          275.04,
          344.92
        ],
        [
          283.89,
          336.07
        ],
        [
          288.31,
          332.92
        ],
        [
          285.15,
          305.76
        ],
        [
          292.1,
          277.34
        ],
        [
          296.52,
          283.02
        ],
        [
          295.25,
          303.23
        ],
        [
          294.62,
          318.39
        ],
        [
          294.62,
          327.23
        ],
        [
          309.78,
          319.02
        ],
        [
          312.31,
          300.07
        ],
        [
          322.41,
          260.28
        ],
        [
          323.04,
          250.81
        ],
        [
          325.57,
          216.7
        ],
        [
          319.89,
          205.97
        ],
        [
          321.78,
          202.18
        ],
        [
          379.89,
          165.55
        ],
        [
          429.83,
          138.81
        ],
        [
          445.15,
          138.81
        ],
        [
          450.89,
          139.77
        ],
        [
          468.12,
          152.21
        ],
        [
          496.84,
          165.61
        ],
        [
          510.24,
          178.06
        ],
        [
          519.82,
          174.23
        ],
        [
          529.39,
          171.36
        ],
        [
          528.43,
          153.17
        ],
        [
          507.37,
          135.94
        ],
        [
          490.14,
          104.35
        ],
        [
          481.52,
          100.52
        ],
        [
          473.87,
          79.46
        ],
        [
          457.59,
          75.63
        ],
        [
          445.15,
          91.9
        ],
        [
          367.6,
          119.66
        ],
        [
          330.27,
          135.94
        ],
        [
          291.98,
          140.72
        ],
        [
          275.7,
          151.25
        ],
        [
          254.64,
          169.44
        ],
        [
          237.41,
          172.31
        ],
        [
          227.84,
          179.97
        ],
        [
          209.65,
          201.03
        ],
        [
          201.99,
          211.56
        ],
        [
          203.91,
          237.41
        ],
        [
          214.44,
          264.22
        ],
        [
          222.09,
          282.4
        ],
        [
          217.31,
          296.76
        ],
        [
          224.01,
          307.29
        ],
        [
          226.88,
          366.65
        ]
      ],
      "shape_type": "polygon"
    }
  ],
  "imagePath": "289659.jpg",
  "imageHeight": 426,
  "imageWidth": 640
}