{
  "shapes": [
    {
      "label": "giraffe",
      "points": [
        [
          30.2,
          1.44
        ],
        [
          110.74,
          99.24
        ],
        [
          165.39,
          237.3
        ],
        [
          201.35,
          365.3
        ],
        [
          222.92,
          438.65
        ],
        [
          224.36,
          480.36
        ],
        [
          247.37,
          491.87
        ],
        [
          237.3,
          473.17
        ],
        [
          258.88,
          427.15
        ],
        [
          286.2,
          348.04
        ],
        [
          296.27,
          307.78
        ],
        [
          322.16,
          270.38
        ],
        [
          313.53,
          248.81
        ],
        [
          339.42,
          191.28
        ],
        [
          304.9,
          176.9
        ],
        [
          263.19,
          199.91
        ],
        [
          251.69,
          188.4
        ],
        [
          251.69,
          174.02
        ],
        [
          197.03,
          8.63
        ]
      ],
      "shape_type": "polygon"
    }
  ],
  "imagePath": "235057.jpg",
  "imageHeight": 640,
  "imageWidth": 480
}