{
  "shapes": [
    {
      "label": "giraffe",
      "points": [
        [
          112.18,
          405.39
        ],
        [
          128.36,
          340.67
        ],
        [
          146.7,
          295.37
        ],
        [
          192.0,
          287.82
        ],
        [
          245.93,
          273.8
        ],
        [
          290.16,
          233.89
        ],
        [
          314.97,
          178.88
        ],
        [
          313.89,
          168.09
        ],
        [
          294.47,
          162.7
        ],
        [
          286.92,
          152.99
        ],
        [
          306.34,
          151.91
        ],
        [
          316.04,
          148.67
        ],
        [
          314.97,
          129.26
        ],
        [
          325.75,
          129.26
        ],
        [
          330.07,
          140.04
        ],
        [
          333.3,
          128.18
        ],
        [
          348.4,
          126.02
        ],
        [
          341.93,
          129.26
        ],
        [
          350.56,
          127.1
        ],
        [
          355.96,
          164.85
        ],
        [
          364.58,
          193.98
        ],
        [
          359.19,
          210.16
        ],
        [
          341.93,
          192.9
        ],
        [
          316.04,
          301.84
        ],
        [
          309.57,
          418.34
        ],
        [
          310.65,
          416.18
        ],
        [
          304.18,
          473.35
        ],
        [
          300.94,
          480.0
        ],
        [
          282.61,
          480.0
        ],
        [
          273.98,
          463.64
        ],
        [
          275.06,
          417.26
        ],
        [
          263.19,
          476.58
        ],
        [
          253.48,
          480.0
        ],
        [
          243.78,
          480.0
        ],
        [
          239.46,
          479.82
        ],
        [
          239.46,
          425.89
        ],
        [
          236.22,
          403.24
        ],
        [
          222.2,
          404.31
        ],
        [
          198.47,
          475.51
        ],
        [
          176.9,
          480.0
        ],
        [
          162.88,
          479.82
        ],
        [
          172.58,
          435.6
        ],
        [
          166.11,
          436.67
        ],
        [
          153.17,
          480.0
        ],
        [
          121.89,
          477.66
        ],
        [
          119.73,
          471.19
        ],
        [
          136.99,
          414.02
        ],
        [
          134.83,
          387.06
        ],
        [
          133.75,
          375.19
        ],
        [
          118.65,
          431.28
        ],
        [
          108.94,
          414.02
        ]
      ],
      "shape_type": "polygon"
    }
  ],
  "imagePath": "442661.jpg",
  "imageHeight": 480,
  "imageWidth": 640
}