{
  "shapes": [
    {
      "label": "giraffe",
      "points": [
        [
          76.4,
          150.3
        ],
        [
          70.47,
          167.35
        ],
        [
          62.31,
          184.4
        ],
        [
          62.31,
          194.03
        ],
        [
          64.54,
          199.96
        ],
        [
          72.69,
          194.77
        ],
        [
          103.08,
          174.02
        ],
        [
          134.22,
          231.1
        ],
        [
          166.84,
          285.21
        ],
        [
          160.91,
          306.71
        ],
        [
          169.06,
          325.98
        ],
        [
          186.11,
          404.56
        ],
        [
          182.4,
          457.19
        ],
        [
          175.73,
          459.42
        ],
        [
          177.96,
          466.83
        ],
        [
          189.82,
          467.57
        ],
        [
          192.78,
          430.51
        ],
        [
          195.01,
          394.18
        ],
        [
          197.97,
          384.55
        ],
        [
          206.13,
          412.71
        ],
        [
          210.57,
          441.63
        ],
        [
          205.38,
          446.07
        ],
        [
          216.5,
          448.3
        ],
        [
          212.8,
          441.63
        ],
        [
          217.24,
          431.25
        ],
        [
          203.9,
          343.03
        ],
        [
          225.4,
          340.07
        ],
        [
          249.12,
          337.1
        ],
        [
          255.79,
          329.69
        ],
        [
          252.83,
          356.38
        ],
        [
          256.53,
          380.1
        ],
        [
          249.86,
          403.08
        ],
        [
          236.52,
          435.69
        ],
        [
          223.92,
          443.11
        ],
        [
          229.11,
          450.52
        ],
        [
          236.52,
          450.52
        ],
        [
          240.97,
          446.07
        ],
        [
          241.71,
          440.14
        ],
        [
          246.9,
          433.47
        ],
        [
          268.39,
          383.8
        ],
        [
          275.07,
          380.1
        ],
        [
          276.55,
          371.2
        ],
        [
          284.7,
          396.41
        ],
        [
          279.51,
          402.34
        ],
        [
          285.44,
          417.16
        ],
        [
          283.96,
          434.95
        ],
        [
          283.96,
          443.85
        ],
        [
          273.58,
          454.23
        ],
        [
          282.48,
          463.12
        ],
        [
          290.63,
          461.64
        ],
        [
          286.93,
          453.49
        ],
        [
          292.12,
          444.59
        ],
        [
          293.6,
          388.25
        ],
        [
          299.53,
          376.39
        ],
        [
          293.6,
          355.63
        ],
        [
          296.56,
          295.59
        ],
        [
          264.69,
          267.42
        ],
        [
          225.4,
          260.75
        ],
        [
          187.59,
          233.32
        ],
        [
          156.46,
          208.86
        ],
        [
          128.29,
          169.57
        ],
        [
          107.53,
          154.74
        ],
        [
          105.31,
          153.26
        ],
        [
          101.6,
          143.62
        ],
        [
          92.71,
          141.4
        ],
        [
          88.26,
          131.02
        ],
        [
          86.78,
          140.66
        ],
        [
          83.07,
          131.76
        ],
        [
          76.4,
          148.07
        ]
      ],
      "shape_type": "polygon"
    }
  ],
  "imagePath": "248810.jpg",
  "imageHeight": 500,
  "imageWidth": 375
}