{
  "shapes": [
    {
      "label": "giraffe",
      "points": [
        [
          3.84,
          337.76
        ],
        [
          33.58,
          294.58
        ],
        [
          53.73,
          267.71
        ],
        [
          75.8,
          256.2
        ],
        [
          94.04,
          241.81
        ],
        [
          103.63,
          233.17
        ],
        [
          111.31,
          235.09
        ],
        [
          137.22,
          213.98
        ],
        [
          142.01,
          217.82
        ],
        [
          166.96,
          199.59
        ],
        [
          178.48,
          197.67
        ],
        [
          190.95,
          190.95
        ],
        [
          222.62,
          174.64
        ],
        [
          238.93,
          166.96
        ],
        [
          247.56,
          158.33
        ],
        [
          234.13,
          146.81
        ],
        [
          229.33,
          138.18
        ],
        [
          239.89,
          132.42
        ],
        [
          261.0,
          132.42
        ],
        [
          281.15,
          136.26
        ],
        [
          293.62,
          129.54
        ],
        [
          292.66,
          105.55
        ],
        [
          290.74,
          82.52
        ],
        [
          282.11,
          57.57
        ],
        [
          293.62,
          48.94
        ],
        [
          306.1,
          56.61
        ],
        [
          308.98,
          65.25
        ],
        [
          307.06,
          68.13
        ],
        [
          328.17,
          96.91
        ],
        [
          332.96,
          102.67
        ],
        [
          352.16,
          89.24
        ],
        [
          359.83,
          67.17
        ],
        [
          357.91,
          56.61
        ],
        [
          366.55,
          49.9
        ],
        [
          376.14,
          48.94
        ],
        [
          383.82,
          59.49
        ],
        [
          379.98,
          67.17
        ],
        [
          382.86,
          75.8
        ],
        [
          379.02,
          89.24
        ],
        [
          377.1,
          102.67
        ],
        [
          368.47,
          135.3
        ],
        [
          386.7,
          124.74
        ],
        [
          408.77,
          120.9
        ],
        [
          423.16,
          124.74
        ],
        [
          400.13,
          152.57
        ],
        [
          379.02,
          162.16
        ],
        [
          375.18,
          168.88
        ],
        [
          379.98,
          171.76
        ],
        [
          379.02,
          172.72
        ],
        [
          374.22,
          172.72
        ],
        [
          372.31,
          179.44
        ],
        [
          368.47,
          188.07
        ],
        [
          355.99,
          213.02
        ],
        [
          357.91,
          253.32
        ],
        [
          353.11,
          264.84
        ],
        [
          340.64,
          272.51
        ],
        [
          327.21,
          267.71
        ],
        [
          316.65,
          259.08
        ],
        [
          311.85,
          243.73
        ],
        [
          313.77,
          230.29
        ],
        [
          308.98,
          228.37
        ],
        [
          299.38,
          240.85
        ],
        [
          162.16,
          361.75
        ],
        [
          147.77,
          388.62
        ],
        [
          160.24,
          427.0
        ],
        [
          0.96,
          426.04
        ],
        [
          0.0,
          343.52
        ]
      ],
      "shape_type": "polygon"
    }
  ],
  "imagePath": "216739.jpg",
  "imageHeight": 427,
  "imageWidth": 640
}