{
  "shapes": [
    {
      "label": "giraffe",
      "points": [
        [
          483.21,
          154.24
        ],
        [
          507.78,
          116.38
        ],
        [
          515.75,
          99.11
        ],
        [
          528.37,
          90.48
        ],
        [
          552.28,
          96.46
        ],
        [
          562.25,
          115.72
        ],
        [
          578.85,
          134.31
        ],
        [
          581.51,
          150.26
        ],
        [
          574.87,
          154.9
        ],
        [
          562.91,
          148.93
        ],
        [
          539.67,
          150.92
        ],
        [
          529.04,
          144.28
        ],
        [
          517.08,
          179.48
        ],
        [
          507.12,
          198.08
        ],
        [
          494.5,
          233.28
        ],
        [
          495.83,
          247.23
        ],
        [
          484.54,
          257.85
        ],
        [
          477.23,
          274.46
        ],
        [
          480.55,
          277.12
        ],
        [
          495.16,
          297.71
        ],
        [
          483.74,
          321.21
        ],
        [
          487.59,
          335.64
        ],
        [
          488.55,
          349.1
        ],
        [
          451.04,
          352.95
        ],
        [
          437.58,
          347.18
        ],
        [
          423.15,
          351.99
        ],
        [
          379.88,
          352.95
        ],
        [
          359.68,
          358.72
        ],
        [
          330.83,
          352.95
        ],
        [
          314.48,
          331.79
        ],
        [
          315.44,
          308.71
        ],
        [
          336.6,
          281.78
        ],
        [
          353.91,
          270.24
        ],
        [
          385.65,
          256.78
        ],
        [
          414.5,
          231.77
        ],
        [
          443.35,
          211.58
        ]
      ],
      "shape_type": "polygon"
    }
  ],
  "imagePath": "449909.jpg",
  "imageHeight": 427,
  "imageWidth": 640
}