{
  "shapes": [
    {
      "label": "giraffe",
      "points": [
        [
          207.1,
          121.71
        ],
        [
          245.93,
          134.65
        ],
        [
          298.79,
          130.34
        ],
        [
          317.12,
          127.1
        ],
        [
          324.67,
          129.26
        ],
        [
          335.46,
          135.73
        ],
        [
          372.13,
          130.34
        ],
        [
          393.71,
          134.65
        ],
        [
          410.97,
          147.6
        ],
        [
          413.12,
          165.93
        ],
        [
          415.28,
          193.98
        ],
        [
          417.44,
          204.76
        ],
        [
          423.91,
          181.03
        ],
        [
          417.44,
          209.08
        ],
        [
          420.67,
          233.89
        ],
        [
          416.36,
          247.91
        ],
        [
          412.04,
          242.52
        ],
        [
          408.81,
          193.98
        ],
        [
          402.34,
          217.71
        ],
        [
          403.42,
          236.04
        ],
        [
          399.1,
          257.62
        ],
        [
          392.63,
          291.06
        ],
        [
          388.31,
          307.24
        ],
        [
          371.06,
          301.84
        ],
        [
          388.31,
          251.15
        ],
        [
          388.31,
          240.36
        ],
        [
          379.69,
          251.15
        ],
        [
          362.43,
          293.21
        ],
        [
          354.88,
          283.51
        ],
        [
          367.82,
          247.91
        ],
        [
          367.82,
          208.0
        ],
        [
          343.01,
          215.55
        ],
        [
          352.72,
          268.4
        ],
        [
          355.96,
          301.84
        ],
        [
          368.9,
          312.63
        ],
        [
          368.9,
          319.1
        ],
        [
          359.19,
          325.57
        ],
        [
          352.72,
          316.94
        ],
        [
          353.8,
          306.16
        ],
        [
          347.33,
          301.84
        ],
        [
          346.25,
          301.84
        ],
        [
          348.4,
          291.06
        ],
        [
          338.7,
          269.48
        ],
        [
          334.38,
          246.83
        ],
        [
          317.12,
          218.79
        ],
        [
          305.26,
          243.6
        ],
        [
          293.39,
          270.56
        ],
        [
          272.9,
          299.69
        ],
        [
          266.43,
          307.24
        ],
        [
          256.72,
          304.0
        ],
        [
          254.56,
          297.53
        ],
        [
          270.74,
          281.35
        ],
        [
          290.16,
          246.83
        ],
        [
          293.39,
          217.71
        ],
        [
          284.76,
          195.06
        ],
        [
          284.76,
          183.19
        ],
        [
          245.93,
          171.33
        ],
        [
          202.79,
          147.6
        ],
        [
          184.45,
          136.81
        ],
        [
          149.93,
          147.6
        ],
        [
          139.15,
          145.44
        ],
        [
          133.75,
          135.73
        ],
        [
          144.54,
          123.87
        ],
        [
          165.03,
          106.61
        ],
        [
          179.06,
          96.9
        ],
        [
          184.45,
          108.76
        ],
        [
          201.71,
          113.08
        ]
      ],
      "shape_type": "polygon"
    }
  ],
  "imagePath": "259382.jpg",
  "imageHeight": 480,
  "imageWidth": 640
}