{
  "shapes": [
    {
      "label": "giraffe",
      "points": [
        [
          180.08,
          161.02
        ],
        [
          226.77,
          138.16
        ],
        [
          282.03,
          144.83
        ],
        [
          355.4,
          134.35
        ],
        [
          375.41,
          172.46
        ],
        [
          381.12,
          174.36
        ],
        [
          445.91,
          174.36
        ],
        [
          467.83,
          178.18
        ],
        [
          488.79,
          194.37
        ],
        [
          506.89,
          294.42
        ],
        [
          487.84,
          355.4
        ],
        [
          519.28,
          352.54
        ],
        [
          526.9,
          325.86
        ],
        [
          522.14,
          249.64
        ],
        [
          548.82,
          219.15
        ],
        [
          546.91,
          138.16
        ],
        [
          536.43,
          117.2
        ],
        [
          485.93,
          83.85
        ],
        [
          417.33,
          79.08
        ],
        [
          395.42,
          66.7
        ],
        [
          295.37,
          93.38
        ],
        [
          229.63,
          104.81
        ],
        [
          211.52,
          103.86
        ],
        [
          203.9,
          84.8
        ],
        [
          195.33,
          103.86
        ],
        [
          185.8,
          111.48
        ],
        [
          162.93,
          154.36
        ],
        [
          189.61,
          154.36
        ]
      ],
      "shape_type": "polygon"
    }
  ],
  "imagePath": "433243.jpg",
  "imageHeight": 424,
  "imageWidth": 640
}