{
  "shapes": [
    {
      "label": "giraffe",
      "points": [
        [
          395.33,
          17.51
        ],
        [
          407.81,
          21.35
        ],
        [
          420.28,
          29.99
        ],
        [
          424.12,
          59.73
        ],
        [
          446.19,
          78.92
        ],
        [
          463.46,
          73.17
        ],
        [
          465.38,
          54.93
        ],
        [
          448.11,
          25.19
        ],
        [
          439.47,
          9.84
        ],
        [
          444.27,
          2.16
        ],
        [
          475.94,
          2.16
        ],
        [
          501.84,
          26.15
        ],
        [
          519.12,
          50.14
        ],
        [
          514.32,
          167.2
        ],
        [
          511.44,
          402.29
        ],
        [
          510.48,
          427.0
        ],
        [
          491.29,
          424.36
        ],
        [
          480.73,
          424.36
        ],
        [
          449.07,
          358.15
        ],
        [
          438.51,
          340.88
        ],
        [
          406.85,
          325.53
        ],
        [
          386.7,
          288.11
        ],
        [
          386.7,
          246.84
        ],
        [
          384.78,
          228.61
        ],
        [
          355.99,
          203.66
        ],
        [
          319.53,
          167.2
        ],
        [
          322.41,
          137.46
        ],
        [
          332.96,
          131.7
        ],
        [
          352.16,
          145.13
        ],
        [
          362.71,
          152.81
        ],
        [
          385.74,
          142.25
        ],
        [
          389.58,
          126.9
        ],
        [
          389.58,
          99.07
        ],
        [
          386.7,
          85.64
        ],
        [
          381.9,
          51.1
        ],
        [
          386.7,
          25.19
        ]
      ],
      "shape_type": "polygon"
    }
  ],
  "imagePath": "299720.jpg",
  "imageHeight": 427,
  "imageWidth": 640
}