{
  "shapes": [
    {
      "label": "giraffe",
      "points": [
        [
          373.81,
          276.03
        ],
        [
          366.23,
          292.28
        ],
        [
          360.81,
          316.12
        ],
        [
          360.81,
          335.62
        ],
        [
          361.9,
          357.29
        ],
        [
          368.4,
          387.63
        ],
        [
          374.9,
          378.96
        ],
        [
          380.32,
          373.54
        ],
        [
          391.15,
          370.29
        ],
        [
          443.16,
          365.96
        ],
        [
          491.92,
          348.62
        ],
        [
          524.42,
          349.71
        ],
        [
          547.18,
          350.79
        ],
        [
          542.84,
          324.79
        ],
        [
          541.76,
          297.7
        ],
        [
          535.26,
          278.19
        ],
        [
          512.51,
          258.69
        ],
        [
          491.92,
          242.44
        ],
        [
          475.67,
          231.6
        ],
        [
          455.08,
          214.27
        ],
        [
          438.83,
          189.35
        ],
        [
          429.07,
          177.43
        ],
        [
          418.24,
          175.26
        ],
        [
          396.57,
          170.93
        ],
        [
          368.4,
          169.84
        ],
        [
          344.56,
          166.59
        ],
        [
          297.97,
          160.09
        ],
        [
          271.96,
          159.01
        ],
        [
          253.54,
          162.26
        ],
        [
          258.96,
          140.59
        ],
        [
          250.29,
          123.25
        ],
        [
          237.29,
          137.34
        ],
        [
          236.21,
          144.92
        ],
        [
          228.62,
          160.09
        ],
        [
          226.46,
          144.92
        ],
        [
          214.54,
          131.92
        ],
        [
          209.12,
          133.0
        ],
        [
          206.95,
          144.92
        ],
        [
          209.12,
          159.01
        ],
        [
          209.12,
          170.93
        ],
        [
          206.95,
          182.84
        ],
        [
          199.37,
          196.93
        ],
        [
          192.87,
          203.43
        ],
        [
          192.87,
          211.02
        ],
        [
          195.03,
          224.02
        ],
        [
          200.45,
          229.44
        ],
        [
          195.03,
          253.27
        ],
        [
          188.53,
          273.86
        ],
        [
          184.2,
          292.28
        ],
        [
          184.2,
          302.03
        ],
        [
          188.53,
          312.87
        ],
        [
          206.95,
          312.87
        ],
        [
          215.62,
          311.78
        ],
        [
          225.37,
          292.28
        ],
        [
          227.54,
          285.78
        ],
        [
          265.46,
          246.77
        ],
        [
          281.72,
          221.85
        ]
      ],
      "shape_type": "polygon"
    }
  ],
  "imagePath": "301981.jpg",
  "imageHeight": 480,
  "imageWidth": 640
}