{
  "shapes": [
    {
      "label": "giraffe",
      "points": [
        [
          162.88,
          594.59
        ],
        [
          164.32,
          580.18
        ],
        [
          178.74,
          528.29
        ],
        [
          178.74,
          487.93
        ],
        [
          185.95,
          474.95
        ],
        [
          185.95,
          420.18
        ],
        [
          177.3,
          355.32
        ],
        [
          185.95,
          323.6
        ],
        [
          206.13,
          277.48
        ],
        [
          211.89,
          237.12
        ],
        [
          211.89,
          120.36
        ],
        [
          191.71,
          117.48
        ],
        [
          194.59,
          104.5
        ],
        [
          196.04,
          88.65
        ],
        [
          177.3,
          77.12
        ],
        [
          180.18,
          64.14
        ],
        [
          198.92,
          67.03
        ],
        [
          201.8,
          55.5
        ],
        [
          210.45,
          45.41
        ],
        [
          219.1,
          51.17
        ],
        [
          219.1,
          58.38
        ],
        [
          223.42,
          54.05
        ],
        [
          224.86,
          46.85
        ],
        [
          232.07,
          52.61
        ],
        [
          234.95,
          68.47
        ],
        [
          243.6,
          62.7
        ],
        [
          258.02,
          59.82
        ],
        [
          260.9,
          64.14
        ],
        [
          256.58,
          82.88
        ],
        [
          243.6,
          90.09
        ],
        [
          236.4,
          90.09
        ],
        [
          239.28,
          228.47
        ],
        [
          266.67,
          287.57
        ],
        [
          292.61,
          314.95
        ],
        [
          311.35,
          355.32
        ],
        [
          292.61,
          415.86
        ],
        [
          371.89,
          433.15
        ],
        [
          383.42,
          434.59
        ],
        [
          320.0,
          441.8
        ],
        [
          286.85,
          427.39
        ],
        [
          266.67,
          479.28
        ],
        [
          256.58,
          528.29
        ],
        [
          256.58,
          585.95
        ],
        [
          256.58,
          594.59
        ],
        [
          255.14,
          603.24
        ],
        [
          236.4,
          600.36
        ],
        [
          234.95,
          600.36
        ],
        [
          229.19,
          583.06
        ],
        [
          236.4,
          570.09
        ],
        [
          234.95,
          503.78
        ],
        [
          226.31,
          489.37
        ],
        [
          229.19,
          467.75
        ],
        [
          209.01,
          415.86
        ],
        [
          200.36,
          483.6
        ],
        [
          201.8,
          500.9
        ],
        [
          194.59,
          513.87
        ],
        [
          183.06,
          565.77
        ],
        [
          184.5,
          578.74
        ],
        [
          180.18,
          601.8
        ],
        [
          160.0,
          594.59
        ]
      ],
      "shape_type": "polygon"
    }
  ],
  "imagePath": "537053.jpg",
  "imageHeight": 640,
  "imageWidth": 480
}