{
  "shapes": [
    {
      "label": "giraffe",
      "points": [
        [
          201.14,
          105.84
        ],
        [
          192.79,
          110.18
        ],
        [
          185.45,
          111.85
        ],
        [
          180.11,
          112.51
        ],
        [
          175.44,
          111.51
        ],
        [
          168.43,
          113.85
        ],
        [
          164.42,
          115.85
        ],
        [
          160.42,
          118.52
        ],
        [
          158.41,
          118.52
        ],
        [
          153.41,
          118.52
        ],
        [
          154.41,
          125.2
        ],
        [
          155.41,
          128.53
        ],
        [
          154.08,
          133.21
        ],
        [
          150.07,
          138.21
        ],
        [
          145.06,
          144.22
        ],
        [
          138.72,
          151.23
        ],
        [
          136.05,
          154.9
        ],
        [
          134.38,
          162.91
        ],
        [
          135.38,
          167.25
        ],
        [
          143.06,
          165.58
        ],
        [
          148.74,
          162.91
        ],
        [
          155.08,
          156.24
        ],
        [
          158.41,
          148.56
        ],
        [
          157.08,
          159.91
        ],
        [
          157.75,
          168.92
        ],
        [
          159.08,
          176.6
        ],
        [
          160.42,
          183.94
        ],
        [
          161.42,
          191.95
        ],
        [
          162.42,
          198.29
        ],
        [
          163.76,
          204.64
        ],
        [
          165.42,
          209.31
        ],
        [
          166.09,
          209.64
        ],
        [
          171.32,
          225.76
        ],
        [
          171.32,
          234.5
        ],
        [
          172.78,
          245.17
        ],
        [
          169.38,
          253.42
        ],
        [
          166.95,
          260.7
        ],
        [
          166.47,
          273.32
        ],
        [
          165.5,
          287.4
        ],
        [
          168.41,
          306.32
        ],
        [
          168.58,
          319.96
        ],
        [
          170.72,
          332.38
        ],
        [
          173.29,
          342.66
        ],
        [
          173.72,
          349.94
        ],
        [
          172.44,
          360.65
        ],
        [
          172.01,
          369.22
        ],
        [
          168.58,
          382.93
        ],
        [
          166.87,
          393.21
        ],
        [
          166.44,
          401.78
        ],
        [
          184.0,
          401.78
        ],
        [
          185.72,
          377.36
        ],
        [
          186.57,
          364.08
        ],
        [
          195.14,
          337.52
        ],
        [
          198.14,
          355.51
        ],
        [
          204.99,
          369.22
        ],
        [
          209.28,
          377.36
        ],
        [
          208.42,
          386.36
        ],
        [
          210.99,
          396.21
        ],
        [
          211.42,
          403.0
        ],
        [
          264.29,
          402.02
        ],
        [
          265.37,
          388.1
        ],
        [
          261.01,
          380.0
        ],
        [
          260.38,
          356.96
        ],
        [
          265.99,
          339.52
        ],
        [
          267.19,
          312.92
        ],
        [
          269.86,
          293.89
        ],
        [
          267.86,
          278.54
        ],
        [
          267.86,
          269.53
        ],
        [
          265.19,
          260.85
        ],
        [
          259.85,
          244.83
        ],
        [
          249.84,
          230.81
        ],
        [
          242.16,
          224.47
        ],
        [
          234.82,
          216.79
        ],
        [
          231.15,
          213.45
        ],
        [
          224.57,
          208.19
        ],
        [
          218.84,
          202.45
        ],
        [
          215.16,
          198.78
        ],
        [
          210.11,
          188.22
        ],
        [
          204.14,
          176.74
        ],
        [
          201.16,
          173.99
        ],
        [
          194.96,
          174.21
        ],
        [
          189.22,
          173.99
        ],
        [
          183.94,
          173.99
        ],
        [
          181.65,
          173.76
        ],
        [
          180.5,
          169.16
        ],
        [
          181.65,
          163.43
        ],
        [
          183.48,
          156.54
        ],
        [
          184.86,
          151.26
        ],
        [
          191.98,
          144.83
        ],
        [
          195.65,
          141.62
        ],
        [
          199.55,
          132.43
        ],
        [
          205.29,
          125.09
        ],
        [
          209.42,
          124.17
        ],
        [
          213.33,
          117.05
        ],
        [
          212.41,
          112.92
        ],
        [
          209.19,
          110.17
        ],
        [
          202.31,
          105.8
        ],
        [
          201.16,
          106.49
        ]
      ],
      "shape_type": "polygon"
    }
  ],
  "imagePath": "302452.jpg",
  "imageHeight": 403,
  "imageWidth": 403
}