{
  "shapes": [
    {
      "label": "giraffe",
      "points": [
        [
          144.21,
          416.4
        ],
        [
          148.99,
          336.18
        ],
        [
          174.78,
          302.75
        ],
        [
          228.26,
          289.38
        ],
        [
          257.87,
          261.69
        ],
        [
          270.28,
          250.22
        ],
        [
          287.47,
          190.06
        ],
        [
          296.07,
          163.31
        ],
        [
          296.07,
          154.72
        ],
        [
          318.03,
          146.12
        ],
        [
          318.99,
          130.84
        ],
        [
          335.22,
          139.44
        ],
        [
          338.09,
          153.76
        ],
        [
          369.61,
          185.28
        ],
        [
          337.13,
          188.15
        ],
        [
          318.03,
          188.15
        ],
        [
          315.17,
          271.24
        ],
        [
          297.02,
          318.03
        ],
        [
          305.62,
          346.69
        ],
        [
          283.65,
          398.26
        ],
        [
          289.38,
          419.27
        ],
        [
          257.87,
          420.22
        ],
        [
          262.64,
          377.25
        ],
        [
          196.74,
          375.34
        ],
        [
          180.51,
          417.36
        ]
      ],
      "shape_type": "polygon"
    }
  ],
  "imagePath": "186637.jpg",
  "imageHeight": 425,
  "imageWidth": 640
}