{
  "shapes": [
    {
      "label": "giraffe",
      "points": [
        [
          1.43,
          592.07
        ],
        [
          60.27,
          538.98
        ],
        [
          126.28,
          418.44
        ],
        [
          195.16,
          270.64
        ],
        [
          212.38,
          229.02
        ],
        [
          177.94,
          198.89
        ],
        [
          210.94,
          183.1
        ],
        [
          229.6,
          193.15
        ],
        [
          243.95,
          171.62
        ],
        [
          256.86,
          170.19
        ],
        [
          256.86,
          157.27
        ],
        [
          241.08,
          138.62
        ],
        [
          246.82,
          121.4
        ],
        [
          269.78,
          118.53
        ],
        [
          281.26,
          131.44
        ],
        [
          282.69,
          155.84
        ],
        [
          287.0,
          152.97
        ],
        [
          287.0,
          141.49
        ],
        [
          285.56,
          128.57
        ],
        [
          297.04,
          114.22
        ],
        [
          314.26,
          121.4
        ],
        [
          317.13,
          140.05
        ],
        [
          315.7,
          147.23
        ],
        [
          334.35,
          171.62
        ],
        [
          347.26,
          193.15
        ],
        [
          364.48,
          208.93
        ],
        [
          357.31,
          216.11
        ],
        [
          403.23,
          263.46
        ],
        [
          430.49,
          280.68
        ],
        [
          441.97,
          300.77
        ],
        [
          446.28,
          328.04
        ],
        [
          429.06,
          319.43
        ],
        [
          417.58,
          329.47
        ],
        [
          404.66,
          328.04
        ],
        [
          387.44,
          313.69
        ],
        [
          355.87,
          307.95
        ],
        [
          320.0,
          315.12
        ],
        [
          284.13,
          300.77
        ],
        [
          265.47,
          313.69
        ],
        [
          249.69,
          356.74
        ],
        [
          226.73,
          444.27
        ],
        [
          185.11,
          567.68
        ],
        [
          81.79,
          633.69
        ],
        [
          1.43,
          632.25
        ]
      ],
      "shape_type": "polygon"
    }
  ],
  "imagePath": "282912.jpg",
  "imageHeight": 640,
  "imageWidth": 480
}