{
  "shapes": [
    {
      "label": "giraffe",
      "points": [
        [
          264.58,
          523.43
        ],
        [
          280.04,
          524.9
        ],
        [
          290.34,
          522.69
        ],
        [
          287.4,
          514.6
        ],
        [
          282.98,
          507.97
        ],
        [
          280.77,
          483.68
        ],
        [
          282.25,
          449.09
        ],
        [
          284.45,
          438.05
        ],
        [
          282.25,
          426.28
        ],
        [
          286.66,
          394.63
        ],
        [
          293.29,
          371.07
        ],
        [
          295.49,
          353.41
        ],
        [
          303.59,
          333.54
        ],
        [
          300.65,
          324.71
        ],
        [
          294.02,
          313.67
        ],
        [
          296.23,
          297.47
        ],
        [
          300.65,
          286.43
        ],
        [
          299.17,
          257.73
        ],
        [
          299.17,
          227.55
        ],
        [
          298.44,
          196.64
        ],
        [
          303.59,
          173.09
        ],
        [
          308.01,
          167.94
        ],
        [
          314.63,
          160.58
        ],
        [
          313.16,
          148.06
        ],
        [
          319.05,
          133.34
        ],
        [
          326.41,
          134.82
        ],
        [
          335.97,
          125.98
        ],
        [
          319.78,
          124.51
        ],
        [
          315.37,
          122.3
        ],
        [
          315.37,
          109.05
        ],
        [
          309.48,
          109.79
        ],
        [
          308.01,
          117.89
        ],
        [
          302.85,
          114.94
        ],
        [
          301.38,
          106.85
        ],
        [
          296.23,
          107.58
        ],
        [
          296.97,
          118.62
        ],
        [
          295.49,
          127.46
        ],
        [
          290.34,
          129.66
        ],
        [
          288.87,
          131.87
        ],
        [
          291.81,
          137.76
        ],
        [
          282.25,
          156.16
        ],
        [
          272.68,
          181.92
        ],
        [
          258.69,
          237.86
        ],
        [
          253.54,
          248.16
        ],
        [
          238.09,
          269.51
        ],
        [
          232.93,
          280.55
        ],
        [
          225.57,
          289.38
        ],
        [
          204.23,
          298.95
        ],
        [
          183.62,
          301.89
        ],
        [
          168.9,
          322.5
        ],
        [
          160.8,
          341.63
        ],
        [
          160.8,
          378.43
        ],
        [
          160.8,
          385.79
        ],
        [
          160.07,
          399.04
        ],
        [
          157.86,
          407.87
        ],
        [
          159.33,
          417.44
        ],
        [
          154.92,
          423.33
        ],
        [
          158.6,
          435.11
        ],
        [
          160.8,
          460.13
        ],
        [
          154.92,
          496.2
        ],
        [
          160.8,
          499.88
        ],
        [
          162.28,
          506.5
        ],
        [
          164.48,
          496.93
        ],
        [
          165.22,
          474.85
        ],
        [
          166.69,
          459.4
        ],
        [
          169.64,
          452.04
        ],
        [
          173.32,
          441.73
        ],
        [
          173.32,
          460.87
        ],
        [
          173.32,
          491.78
        ],
        [
          177.0,
          494.72
        ],
        [
          181.41,
          482.95
        ],
        [
          185.09,
          488.1
        ],
        [
          183.62,
          470.44
        ],
        [
          183.62,
          449.83
        ],
        [
          190.24,
          427.75
        ],
        [
          205.7,
          390.95
        ],
        [
          214.53,
          377.7
        ],
        [
          224.1,
          381.38
        ],
        [
          226.31,
          387.27
        ],
        [
          231.46,
          384.32
        ],
        [
          232.93,
          379.17
        ],
        [
          255.75,
          375.49
        ],
        [
          257.96,
          401.99
        ],
        [
          258.69,
          430.69
        ],
        [
          258.69,
          436.58
        ],
        [
          262.37,
          450.56
        ],
        [
          265.32,
          475.59
        ],
        [
          264.58,
          505.03
        ],
        [
          264.58,
          519.75
        ]
      ],
      "shape_type": "polygon"
    }
  ],
  "imagePath": "445675.jpg",
  "imageHeight": 640,
  "imageWidth": 480
}