{
  "shapes": [
    {
      "label": "giraffe",
      "points": [
        [
          141.5,
          138.36
        ],
        [
          157.72,
          131.68
        ],
        [
          179.67,
          125.95
        ],
        [
          189.21,
          141.22
        ],
        [
          199.71,
          181.3
        ],
        [
          209.25,
          204.21
        ],
        [
          197.8,
          224.24
        ],
        [
          196.84,
          253.83
        ],
        [
          195.89,
          277.68
        ],
        [
          190.17,
          314.9
        ],
        [
          185.39,
          338.76
        ],
        [
          177.76,
          354.98
        ],
        [
          168.22,
          407.47
        ],
        [
          153.9,
          443.73
        ],
        [
          144.36,
          465.68
        ],
        [
          174.9,
          459.0
        ],
        [
          172.03,
          442.77
        ],
        [
          176.81,
          428.46
        ],
        [
          183.49,
          400.79
        ],
        [
          193.98,
          367.39
        ],
        [
          202.57,
          333.03
        ],
        [
          213.07,
          311.08
        ],
        [
          213.07,
          293.91
        ],
        [
          223.56,
          275.78
        ],
        [
          231.2,
          276.73
        ],
        [
          237.88,
          295.82
        ],
        [
          253.15,
          326.35
        ],
        [
          250.28,
          369.29
        ],
        [
          229.29,
          435.14
        ],
        [
          224.52,
          447.54
        ],
        [
          245.51,
          443.73
        ],
        [
          252.19,
          432.28
        ],
        [
          255.06,
          413.19
        ],
        [
          256.01,
          390.29
        ],
        [
          264.6,
          355.93
        ],
        [
          266.51,
          368.34
        ],
        [
          273.19,
          410.33
        ],
        [
          267.46,
          441.82
        ],
        [
          263.64,
          451.36
        ],
        [
          282.73,
          449.45
        ],
        [
          284.64,
          416.05
        ],
        [
          277.96,
          374.07
        ],
        [
          277.96,
          337.8
        ],
        [
          271.28,
          316.81
        ],
        [
          285.59,
          317.76
        ],
        [
          286.55,
          304.4
        ],
        [
          286.55,
          296.77
        ],
        [
          290.36,
          302.5
        ],
        [
          298.95,
          335.89
        ],
        [
          306.59,
          361.66
        ],
        [
          305.63,
          399.83
        ],
        [
          308.49,
          425.6
        ],
        [
          322.81,
          425.6
        ],
        [
          321.85,
          410.33
        ],
        [
          320.9,
          406.51
        ],
        [
          317.08,
          392.2
        ],
        [
          313.27,
          376.93
        ],
        [
          313.27,
          326.35
        ],
        [
          307.54,
          297.72
        ],
        [
          299.91,
          233.79
        ],
        [
          283.68,
          200.39
        ],
        [
          273.19,
          189.89
        ],
        [
          244.56,
          172.71
        ],
        [
          227.38,
          162.22
        ],
        [
          228.34,
          161.26
        ],
        [
          211.16,
          118.32
        ],
        [
          206.39,
          97.33
        ],
        [
          206.39,
          83.01
        ],
        [
          193.03,
          83.01
        ],
        [
          179.67,
          74.42
        ],
        [
          173.94,
          76.33
        ],
        [
          162.49,
          76.33
        ],
        [
          150.09,
          72.52
        ],
        [
          150.09,
          81.1
        ],
        [
          155.81,
          91.6
        ],
        [
          153.9,
          109.73
        ],
        [
          143.41,
          121.18
        ],
        [
          136.73,
          133.59
        ]
      ],
      "shape_type": "polygon"
    }
  ],
  "imagePath": "104619.jpg",
  "imageHeight": 480,
  "imageWidth": 640
}