{
  "shapes": [
    {
      "label": "giraffe",
      "points": [
        [
          131.0,
          328.79
        ],
        [
          160.49,
          251.58
        ],
        [
          186.52,
          185.65
        ],
        [
          185.65,
          162.23
        ],
        [
          173.51,
          160.49
        ],
        [
          163.1,
          169.17
        ],
        [
          125.79,
          184.78
        ],
        [
          80.68,
          170.04
        ],
        [
          86.75,
          161.36
        ],
        [
          117.98,
          144.01
        ],
        [
          169.17,
          128.39
        ],
        [
          188.25,
          110.18
        ],
        [
          194.33,
          94.56
        ],
        [
          188.25,
          69.4
        ],
        [
          191.72,
          44.24
        ],
        [
          212.55,
          49.45
        ],
        [
          217.75,
          73.74
        ],
        [
          241.17,
          58.99
        ],
        [
          235.1,
          40.77
        ],
        [
          253.32,
          34.7
        ],
        [
          268.07,
          60.73
        ],
        [
          270.67,
          74.61
        ],
        [
          275.88,
          83.28
        ],
        [
          275.88,
          90.22
        ],
        [
          296.7,
          117.98
        ],
        [
          302.77,
          124.92
        ],
        [
          303.64,
          133.6
        ],
        [
          304.5,
          143.14
        ],
        [
          317.52,
          143.14
        ],
        [
          340.94,
          152.69
        ],
        [
          360.03,
          170.9
        ],
        [
          360.03,
          177.84
        ],
        [
          340.94,
          185.65
        ],
        [
          307.97,
          175.24
        ],
        [
          288.89,
          164.83
        ],
        [
          281.95,
          161.36
        ],
        [
          289.76,
          179.58
        ],
        [
          297.56,
          195.19
        ],
        [
          294.09,
          202.14
        ],
        [
          287.15,
          220.35
        ],
        [
          269.8,
          223.82
        ],
        [
          253.32,
          229.03
        ],
        [
          236.84,
          235.1
        ],
        [
          233.37,
          243.78
        ],
        [
          217.75,
          294.09
        ],
        [
          204.74,
          334.0
        ]
      ],
      "shape_type": "polygon"
    }
  ],
  "imagePath": "017031.jpg",
  "imageHeight": 334,
  "imageWidth": 500
}