{
  "shapes": [
    {
      "label": "giraffe",
      "points": [
        [
          362.74,
          90.69
        ],
        [
          355.09,
          95.47
        ],
        [
          345.52,
          96.43
        ],
        [
          334.99,
          102.17
        ],
        [
          333.07,
          98.34
        ],
        [
          337.86,
          86.86
        ],
        [
          349.35,
          61.97
        ],
        [
          353.17,
          55.27
        ],
        [
          357.96,
          54.32
        ],
        [
          363.7,
          54.32
        ],
        [
          369.44,
          55.27
        ],
        [
          366.57,
          62.93
        ],
        [
          386.67,
          83.99
        ],
        [
          386.67,
          83.99
        ],
        [
          414.43,
          112.7
        ],
        [
          452.71,
          144.28
        ],
        [
          468.98,
          168.21
        ],
        [
          468.98,
          168.21
        ],
        [
          493.87,
          186.4
        ],
        [
          513.01,
          207.45
        ],
        [
          515.88,
          224.68
        ],
        [
          512.05,
          231.38
        ],
        [
          514.93,
          282.11
        ],
        [
          514.93,
          282.11
        ],
        [
          520.67,
          312.74
        ],
        [
          516.84,
          327.09
        ],
        [
          514.93,
          304.12
        ],
        [
          502.48,
          323.26
        ],
        [
          502.48,
          306.99
        ],
        [
          501.53,
          294.55
        ],
        [
          496.74,
          316.56
        ],
        [
          491.95,
          335.71
        ],
        [
          484.3,
          332.84
        ],
        [
          488.13,
          296.47
        ],
        [
          455.58,
          246.7
        ],
        [
          448.88,
          275.41
        ],
        [
          447.93,
          306.04
        ],
        [
          444.1,
          315.61
        ],
        [
          457.5,
          325.18
        ],
        [
          441.23,
          330.92
        ],
        [
          425.91,
          303.16
        ],
        [
          424.96,
          239.04
        ],
        [
          415.39,
          210.33
        ],
        [
          424.0,
          179.7
        ],
        [
          364.66,
          90.69
        ]
      ],
      "shape_type": "polygon"
    }
  ],
  "imagePath": "159977.jpg",
  "imageHeight": 424,
  "imageWidth": 640
}