{
  "shapes": [
    {
      "label": "giraffe",
      "points": [
        [
          167.52,
          322.25
        ],
        [
          161.07,
          300.77
        ],
        [
          169.66,
          283.59
        ],
        [
          183.62,
          262.12
        ],
        [
          243.76,
          222.39
        ],
        [
          256.64,
          180.51
        ],
        [
          265.23,
          171.92
        ],
        [
          272.75,
          164.4
        ],
        [
          285.64,
          162.25
        ],
        [
          294.23,
          167.62
        ],
        [
          308.19,
          160.1
        ],
        [
          311.41,
          155.81
        ],
        [
          318.93,
          144.0
        ],
        [
          325.37,
          135.41
        ],
        [
          332.89,
          122.52
        ],
        [
          343.62,
          118.22
        ],
        [
          352.21,
          120.37
        ],
        [
          352.21,
          128.96
        ],
        [
          346.85,
          153.66
        ],
        [
          372.62,
          181.58
        ],
        [
          383.36,
          182.65
        ],
        [
          391.95,
          192.32
        ],
        [
          385.5,
          201.98
        ],
        [
          413.42,
          238.49
        ],
        [
          434.9,
          283.59
        ],
        [
          441.34,
          295.41
        ],
        [
          444.56,
          325.47
        ],
        [
          384.43,
          336.21
        ],
        [
          369.4,
          320.1
        ],
        [
          362.95,
          310.44
        ],
        [
          342.55,
          296.48
        ],
        [
          315.7,
          304.0
        ],
        [
          295.3,
          310.44
        ],
        [
          267.38,
          307.22
        ],
        [
          236.24,
          306.14
        ],
        [
          221.21,
          309.37
        ],
        [
          208.32,
          313.66
        ],
        [
          199.73,
          322.25
        ],
        [
          176.11,
          324.4
        ]
      ],
      "shape_type": "polygon"
    }
  ],
  "imagePath": "471567.jpg",
  "imageHeight": 480,
  "imageWidth": 640
}