{
  "shapes": [
    {
      "label": "giraffe",
      "points": [
        [
          137.01,
          153.04
        ],
        [
          140.51,
          184.54
        ],
        [
          144.88,
          198.54
        ],
        [
          145.76,
          211.67
        ],
        [
          145.76,
          267.68
        ],
        [
          137.88,
          325.43
        ],
        [
          147.51,
          376.19
        ],
        [
          149.26,
          388.44
        ],
        [
          140.51,
          405.94
        ],
        [
          149.26,
          427.82
        ],
        [
          158.88,
          482.07
        ],
        [
          158.88,
          521.45
        ],
        [
          170.26,
          522.33
        ],
        [
          177.26,
          510.08
        ],
        [
          179.89,
          524.08
        ],
        [
          184.26,
          558.21
        ],
        [
          193.89,
          562.58
        ],
        [
          193.01,
          512.7
        ],
        [
          194.76,
          463.7
        ],
        [
          213.14,
          461.95
        ],
        [
          242.02,
          456.7
        ],
        [
          267.4,
          509.2
        ],
        [
          275.27,
          535.46
        ],
        [
          278.77,
          596.71
        ],
        [
          284.9,
          594.09
        ],
        [
          284.02,
          531.08
        ],
        [
          289.27,
          515.33
        ],
        [
          301.52,
          552.08
        ],
        [
          306.78,
          590.59
        ],
        [
          319.9,
          580.09
        ],
        [
          303.27,
          518.83
        ],
        [
          305.03,
          498.7
        ],
        [
          300.65,
          486.45
        ],
        [
          296.27,
          475.07
        ],
        [
          296.27,
          422.57
        ],
        [
          280.52,
          400.69
        ],
        [
          270.02,
          384.94
        ],
        [
          229.77,
          371.81
        ],
        [
          214.02,
          346.43
        ],
        [
          202.64,
          328.93
        ],
        [
          193.89,
          315.81
        ],
        [
          185.14,
          303.56
        ],
        [
          175.51,
          224.8
        ],
        [
          173.76,
          201.17
        ],
        [
          186.89,
          205.54
        ],
        [
          188.64,
          196.79
        ],
        [
          173.76,
          179.29
        ],
        [
          171.14,
          169.67
        ],
        [
          157.13,
          160.91
        ],
        [
          145.76,
          146.04
        ],
        [
          140.51,
          146.04
        ],
        [
          136.13,
          150.41
        ]
      ],
      "shape_type": "polygon"
    }
  ],
  "imagePath": "223130.jpg",
  "imageHeight": 640,
  "imageWidth": 425
}