{
  "shapes": [
    {
      "label": "horse",
      "points": [
        [
          131.85,
          269.46
        ],
        [
          146.27,
          277.7
        ],
        [
          162.75,
          267.4
        ],
        [
          160.69,
          278.73
        ],
        [
          241.03,
          301.39
        ],
        [
          293.56,
          299.33
        ],
        [
          310.04,
          298.3
        ],
        [
          333.73,
          308.6
        ],
        [
          339.91,
          319.93
        ],
        [
          328.58,
          352.89
        ],
        [
          335.79,
          378.64
        ],
        [
          333.73,
          401.3
        ],
        [
          339.91,
          458.99
        ],
        [
          333.73,
          457.96
        ],
        [
          331.67,
          419.85
        ],
        [
          327.55,
          421.91
        ],
        [
          317.25,
          443.54
        ],
        [
          305.92,
          391.0
        ],
        [
          289.44,
          370.4
        ],
        [
          217.34,
          373.49
        ],
        [
          224.55,
          427.06
        ],
        [
          213.22,
          421.91
        ],
        [
          190.56,
          364.22
        ],
        [
          162.75,
          321.99
        ],
        [
          135.97,
          346.71
        ],
        [
          129.79,
          341.56
        ],
        [
          128.76,
          321.99
        ],
        [
          133.91,
          290.06
        ],
        [
          127.73,
          273.58
        ]
      ],
      "shape_type": "polygon"
    }
  ],
  "imagePath": "508639.jpg",
  "imageHeight": 480,
  "imageWidth": 640
}