{
  "shapes": [
    {
      "label": "horse",
      "points": [
        [
          144.52,
          280.77
        ],
        [
          114.24,
          275.27
        ],
        [
          114.24,
          254.62
        ],
        [
          112.86,
          238.11
        ],
        [
          112.86,
          192.69
        ],
        [
          112.86,
          174.8
        ],
        [
          112.86,
          148.65
        ],
        [
          112.86,
          133.51
        ],
        [
          104.6,
          107.35
        ],
        [
          108.73,
          90.84
        ],
        [
          105.98,
          66.06
        ],
        [
          93.59,
          34.41
        ],
        [
          90.84,
          27.53
        ],
        [
          121.12,
          50.92
        ],
        [
          136.26,
          59.18
        ],
        [
          159.66,
          56.43
        ],
        [
          174.8,
          46.8
        ],
        [
          188.56,
          34.41
        ],
        [
          195.44,
          35.78
        ],
        [
          207.83,
          57.81
        ],
        [
          249.12,
          57.81
        ],
        [
          300.04,
          64.69
        ],
        [
          357.85,
          71.57
        ],
        [
          382.62,
          67.44
        ],
        [
          411.53,
          71.57
        ],
        [
          422.54,
          86.71
        ],
        [
          428.04,
          105.98
        ],
        [
          421.16,
          172.04
        ],
        [
          426.67,
          322.06
        ],
        [
          406.02,
          306.92
        ],
        [
          390.88,
          441.81
        ],
        [
          395.01,
          484.47
        ],
        [
          396.39,
          495.48
        ],
        [
          379.87,
          502.37
        ],
        [
          360.6,
          465.2
        ],
        [
          333.08,
          401.89
        ],
        [
          319.31,
          328.95
        ],
        [
          294.54,
          300.04
        ],
        [
          267.01,
          260.13
        ],
        [
          260.13,
          229.85
        ],
        [
          254.62,
          210.58
        ],
        [
          213.33,
          189.94
        ],
        [
          191.31,
          189.94
        ],
        [
          180.3,
          214.71
        ],
        [
          167.91,
          244.99
        ],
        [
          161.03,
          268.39
        ],
        [
          148.65,
          279.4
        ],
        [
          140.39,
          279.4
        ]
      ],
      "shape_type": "polygon"
    }
  ],
  "imagePath": "049269.jpg",
  "imageHeight": 640,
  "imageWidth": 431
}