{
  "shapes": [
    {
      "label": "horse",
      "points": [
        [
          195.29,
          262.25
        ],
        [
          243.6,
          229.35
        ],
        [
          294.99,
          222.16
        ],
        [
          321.71,
          198.52
        ],
        [
          343.3,
          189.27
        ],
        [
          395.72,
          176.93
        ],
        [
          437.86,
          168.71
        ],
        [
          436.83,
          163.57
        ],
        [
          452.25,
          174.88
        ],
        [
          462.53,
          194.41
        ],
        [
          472.81,
          223.19
        ],
        [
          477.94,
          249.91
        ],
        [
          473.83,
          262.25
        ],
        [
          456.36,
          261.22
        ],
        [
          445.05,
          250.94
        ],
        [
          417.3,
          238.61
        ],
        [
          398.8,
          249.91
        ],
        [
          379.27,
          264.3
        ],
        [
          377.22,
          276.64
        ],
        [
          392.63,
          284.86
        ],
        [
          403.94,
          292.05
        ],
        [
          406.0,
          303.36
        ],
        [
          391.61,
          304.39
        ],
        [
          361.8,
          304.39
        ],
        [
          313.49,
          320.83
        ],
        [
          301.16,
          329.05
        ],
        [
          300.13,
          345.5
        ],
        [
          251.82,
          357.83
        ],
        [
          227.15,
          356.81
        ],
        [
          201.46,
          354.75
        ],
        [
          189.12,
          337.28
        ],
        [
          179.87,
          310.55
        ],
        [
          181.93,
          286.91
        ],
        [
          183.98,
          272.52
        ]
      ],
      "shape_type": "polygon"
    }
  ],
  "imagePath": "529105.jpg",
  "imageHeight": 480,
  "imageWidth": 640
}