{
  "shapes": [
    {
      "label": "horse",
      "points": [
        [
          542.83,
          255.11
        ],
        [
          558.28,
          241.72
        ],
        [
          551.07,
          188.15
        ],
        [
          546.95,
          157.25
        ],
        [
          539.74,
          142.83
        ],
        [
          523.26,
          115.02
        ],
        [
          512.96,
          130.47
        ],
        [
          446.01,
          134.59
        ],
        [
          337.85,
          146.95
        ],
        [
          334.76,
          146.95
        ],
        [
          269.87,
          168.58
        ],
        [
          222.49,
          167.55
        ],
        [
          159.66,
          156.22
        ],
        [
          97.85,
          160.34
        ],
        [
          76.22,
          165.49
        ],
        [
          47.38,
          189.18
        ],
        [
          38.11,
          218.03
        ],
        [
          33.99,
          267.47
        ],
        [
          28.84,
          291.16
        ],
        [
          11.33,
          316.91
        ],
        [
          0.0,
          333.39
        ],
        [
          23.69,
          338.54
        ],
        [
          43.26,
          302.49
        ],
        [
          52.53,
          273.65
        ],
        [
          75.19,
          250.99
        ],
        [
          79.31,
          273.65
        ],
        [
          79.31,
          293.22
        ],
        [
          49.44,
          320.0
        ],
        [
          44.29,
          323.09
        ],
        [
          33.99,
          392.1
        ],
        [
          30.9,
          404.46
        ],
        [
          11.33,
          410.64
        ],
        [
          21.63,
          444.64
        ],
        [
          41.2,
          415.79
        ],
        [
          53.56,
          385.92
        ],
        [
          59.74,
          344.72
        ],
        [
          131.85,
          298.37
        ],
        [
          116.39,
          344.72
        ],
        [
          140.09,
          415.79
        ],
        [
          133.91,
          430.21
        ],
        [
          149.36,
          424.03
        ],
        [
          153.48,
          441.55
        ],
        [
          184.38,
          436.39
        ],
        [
          175.11,
          417.85
        ],
        [
          157.6,
          410.64
        ],
        [
          137.0,
          360.17
        ],
        [
          147.3,
          323.09
        ],
        [
          167.9,
          280.86
        ],
        [
          213.22,
          301.46
        ],
        [
          266.78,
          305.58
        ],
        [
          312.1,
          289.1
        ],
        [
          290.47,
          412.7
        ],
        [
          290.47,
          420.94
        ],
        [
          300.77,
          426.09
        ],
        [
          291.5,
          447.73
        ],
        [
          325.49,
          442.58
        ],
        [
          306.95,
          408.58
        ],
        [
          316.22,
          368.41
        ],
        [
          349.18,
          305.58
        ],
        [
          352.27,
          304.55
        ],
        [
          398.63,
          329.27
        ],
        [
          399.66,
          369.44
        ],
        [
          396.57,
          397.25
        ],
        [
          398.63,
          402.4
        ],
        [
          419.23,
          401.37
        ],
        [
          407.9,
          379.74
        ],
        [
          416.14,
          321.03
        ],
        [
          414.08,
          314.85
        ],
        [
          375.97,
          284.98
        ],
        [
          390.39,
          272.62
        ],
        [
          403.78,
          240.69
        ],
        [
          481.03,
          194.33
        ],
        [
          493.39,
          198.45
        ],
        [
          522.23,
          234.51
        ],
        [
          527.38,
          240.69
        ],
        [
          527.38,
          254.08
        ],
        [
          542.83,
          263.35
        ]
      ],
      "shape_type": "polygon"
    }
  ],
  "imagePath": "356968.jpg",
  "imageHeight": 480,
  "imageWidth": 640
}