{
  "shapes": [
    {
      "label": "horse",
      "points": [
        [
          219.74,
          518.68
        ],
        [
          241.72,
          482.98
        ],
        [
          238.97,
          436.28
        ],
        [
          168.93,
          298.94
        ],
        [
          166.18,
          248.13
        ],
        [
          135.97,
          202.8
        ],
        [
          122.23,
          162.98
        ],
        [
          137.34,
          143.75
        ],
        [
          144.21,
          90.19
        ],
        [
          126.35,
          127.27
        ],
        [
          103.0,
          139.63
        ],
        [
          85.15,
          135.51
        ],
        [
          92.02,
          105.29
        ],
        [
          75.54,
          76.45
        ],
        [
          76.91,
          50.36
        ],
        [
          57.68,
          80.57
        ],
        [
          37.08,
          123.15
        ],
        [
          4.12,
          136.88
        ],
        [
          1.37,
          417.05
        ],
        [
          39.83,
          419.8
        ],
        [
          120.86,
          496.71
        ],
        [
          135.97,
          511.82
        ],
        [
          145.58,
          539.28
        ],
        [
          175.79,
          555.77
        ],
        [
          178.54,
          550.27
        ],
        [
          208.76,
          539.28
        ]
      ],
      "shape_type": "polygon"
    }
  ],
  "imagePath": "012748.jpg",
  "imageHeight": 640,
  "imageWidth": 480
}