{
  "shapes": [
    {
      "label": "horse",
      "points": [
        [
          174.62,
          148.82
        ],
        [
          181.51,
          143.66
        ],
        [
          194.41,
          140.22
        ],
        [
          216.77,
          144.52
        ],
        [
          262.37,
          148.82
        ],
        [
          273.55,
          169.46
        ],
        [
          273.55,
          178.06
        ],
        [
          279.57,
          188.39
        ],
        [
          283.87,
          196.99
        ],
        [
          288.17,
          211.61
        ],
        [
          287.31,
          221.94
        ],
        [
          293.33,
          227.96
        ],
        [
          305.38,
          231.4
        ],
        [
          313.98,
          231.4
        ],
        [
          315.7,
          210.75
        ],
        [
          310.54,
          180.65
        ],
        [
          316.56,
          149.68
        ],
        [
          323.44,
          148.82
        ],
        [
          359.57,
          153.12
        ],
        [
          367.31,
          149.68
        ],
        [
          378.49,
          149.68
        ],
        [
          393.12,
          155.7
        ],
        [
          407.74,
          157.42
        ],
        [
          420.65,
          167.74
        ],
        [
          430.11,
          181.51
        ],
        [
          437.85,
          198.71
        ],
        [
          450.75,
          204.73
        ],
        [
          455.05,
          203.01
        ],
        [
          471.4,
          208.17
        ],
        [
          465.38,
          211.61
        ],
        [
          411.18,
          197.85
        ],
        [
          411.18,
          201.29
        ],
        [
          411.18,
          210.75
        ],
        [
          420.65,
          225.38
        ],
        [
          426.67,
          248.6
        ],
        [
          429.25,
          264.95
        ],
        [
          430.97,
          301.08
        ],
        [
          429.25,
          311.4
        ],
        [
          418.06,
          311.4
        ],
        [
          418.06,
          277.85
        ],
        [
          400.0,
          240.86
        ],
        [
          385.38,
          220.22
        ],
        [
          376.77,
          223.66
        ],
        [
          370.75,
          227.96
        ],
        [
          373.33,
          244.3
        ],
        [
          379.35,
          255.48
        ],
        [
          355.27,
          295.91
        ],
        [
          344.95,
          310.54
        ],
        [
          337.2,
          308.82
        ],
        [
          348.39,
          277.85
        ],
        [
          353.55,
          251.18
        ],
        [
          344.95,
          219.35
        ],
        [
          326.88,
          226.24
        ],
        [
          290.75,
          240.86
        ],
        [
          291.61,
          247.74
        ],
        [
          298.49,
          264.95
        ],
        [
          302.8,
          277.85
        ],
        [
          305.38,
          288.17
        ],
        [
          309.68,
          301.94
        ],
        [
          303.66,
          310.54
        ],
        [
          275.27,
          251.18
        ],
        [
          257.2,
          255.48
        ],
        [
          239.14,
          267.53
        ],
        [
          219.35,
          311.4
        ],
        [
          204.73,
          313.98
        ],
        [
          202.15,
          309.68
        ],
        [
          240.86,
          235.7
        ],
        [
          233.12,
          220.22
        ],
        [
          208.17,
          180.65
        ],
        [
          203.87,
          190.11
        ],
        [
          199.57,
          207.31
        ],
        [
          202.15,
          213.33
        ],
        [
          189.25,
          221.08
        ],
        [
          184.95,
          221.94
        ],
        [
          175.48,
          220.22
        ],
        [
          167.74,
          193.55
        ],
        [
          162.58,
          162.58
        ],
        [
          154.84,
          150.54
        ],
        [
          160.86,
          147.96
        ],
        [
          161.72,
          143.66
        ],
        [
          168.6,
          145.38
        ]
      ],
      "shape_type": "polygon"
    }
  ],
  "imagePath": "441442.jpg",
  "imageHeight": 400,
  "imageWidth": 600
}