{
  "shapes": [
    {
      "label": "horse",
      "points": [
        [
          166.18,
          597.42
        ],
        [
          174.42,
          576.82
        ],
        [
          175.79,
          563.09
        ],
        [
          174.42,
          517.77
        ],
        [
          170.3,
          497.17
        ],
        [
          162.06,
          464.21
        ],
        [
          157.94,
          442.23
        ],
        [
          153.82,
          425.75
        ],
        [
          146.95,
          398.28
        ],
        [
          144.21,
          374.94
        ],
        [
          146.95,
          350.21
        ],
        [
          152.45,
          317.25
        ],
        [
          153.82,
          298.03
        ],
        [
          153.82,
          288.41
        ],
        [
          153.82,
          280.17
        ],
        [
          152.45,
          273.3
        ],
        [
          140.09,
          284.29
        ],
        [
          119.48,
          296.65
        ],
        [
          111.24,
          298.03
        ],
        [
          93.39,
          293.91
        ],
        [
          89.27,
          292.53
        ],
        [
          78.28,
          277.42
        ],
        [
          71.42,
          265.06
        ],
        [
          67.3,
          255.45
        ],
        [
          67.3,
          241.72
        ],
        [
          75.54,
          229.36
        ],
        [
          76.91,
          226.61
        ],
        [
          82.4,
          221.12
        ],
        [
          87.9,
          211.5
        ],
        [
          98.88,
          195.02
        ],
        [
          105.75,
          184.03
        ],
        [
          111.24,
          173.05
        ],
        [
          113.99,
          156.57
        ],
        [
          116.74,
          146.95
        ],
        [
          118.11,
          140.09
        ],
        [
          126.35,
          127.73
        ],
        [
          135.97,
          123.61
        ],
        [
          164.81,
          119.48
        ],
        [
          181.29,
          122.23
        ],
        [
          192.27,
          119.48
        ],
        [
          203.26,
          113.99
        ],
        [
          208.76,
          112.62
        ],
        [
          207.38,
          129.1
        ],
        [
          203.26,
          134.59
        ],
        [
          208.76,
          149.7
        ],
        [
          212.88,
          153.82
        ],
        [
          219.74,
          167.55
        ],
        [
          229.36,
          181.29
        ],
        [
          233.48,
          193.65
        ],
        [
          241.72,
          208.76
        ],
        [
          247.21,
          222.49
        ],
        [
          249.96,
          230.73
        ],
        [
          258.2,
          282.92
        ],
        [
          266.44,
          298.03
        ],
        [
          273.3,
          310.39
        ],
        [
          277.42,
          322.75
        ],
        [
          285.67,
          343.35
        ],
        [
          292.53,
          358.45
        ],
        [
          293.91,
          370.82
        ],
        [
          300.77,
          387.3
        ],
        [
          302.15,
          396.91
        ],
        [
          296.65,
          405.15
        ],
        [
          280.17,
          429.87
        ],
        [
          280.17,
          432.62
        ],
        [
          280.17,
          447.73
        ],
        [
          274.68,
          466.95
        ],
        [
          270.56,
          509.53
        ],
        [
          267.81,
          531.5
        ],
        [
          277.42,
          624.89
        ],
        [
          251.33,
          619.4
        ],
        [
          251.33,
          598.8
        ],
        [
          247.21,
          568.58
        ],
        [
          243.09,
          541.12
        ],
        [
          241.72,
          519.14
        ],
        [
          241.72,
          486.18
        ],
        [
          241.72,
          480.69
        ],
        [
          236.22,
          466.95
        ],
        [
          218.37,
          453.22
        ],
        [
          207.38,
          468.33
        ],
        [
          201.89,
          493.05
        ],
        [
          201.89,
          517.77
        ],
        [
          200.52,
          556.22
        ],
        [
          197.77,
          585.06
        ],
        [
          170.3,
          604.29
        ]
      ],
      "shape_type": "polygon"
    }
  ],
  "imagePath": "275392.jpg",
  "imageHeight": 640,
  "imageWidth": 480
}