{
  "shapes": [
    {
      "label": "horse",
      "points": [
        [
          227.89,
          217.12
        ],
        [
          197.02,
          217.12
        ],
        [
          175.23,
          215.31
        ],
        [
          149.81,
          222.57
        ],
        [
          118.03,
          225.29
        ],
        [
          107.13,
          237.1
        ],
        [
          102.6,
          258.89
        ],
        [
          112.58,
          277.05
        ],
        [
          127.11,
          290.67
        ],
        [
          136.19,
          295.2
        ],
        [
          142.54,
          249.81
        ],
        [
          146.18,
          258.89
        ],
        [
          149.81,
          279.77
        ],
        [
          165.24,
          308.82
        ],
        [
          165.24,
          313.36
        ],
        [
          165.24,
          330.61
        ],
        [
          165.24,
          333.34
        ],
        [
          166.15,
          343.32
        ],
        [
          175.23,
          362.39
        ],
        [
          183.4,
          380.55
        ],
        [
          214.27,
          400.52
        ],
        [
          221.53,
          399.62
        ],
        [
          216.09,
          392.35
        ],
        [
          199.74,
          381.46
        ],
        [
          195.2,
          371.47
        ],
        [
          188.85,
          356.94
        ],
        [
          188.85,
          348.77
        ],
        [
          199.74,
          335.15
        ],
        [
          207.01,
          330.61
        ],
        [
          221.53,
          347.86
        ],
        [
          233.34,
          349.68
        ],
        [
          246.05,
          358.76
        ],
        [
          256.03,
          366.02
        ],
        [
          262.39,
          375.1
        ],
        [
          270.56,
          386.0
        ],
        [
          280.55,
          387.81
        ],
        [
          281.46,
          371.47
        ],
        [
          271.47,
          362.39
        ],
        [
          263.3,
          353.31
        ],
        [
          248.77,
          342.42
        ],
        [
          230.61,
          326.98
        ],
        [
          234.24,
          317.9
        ],
        [
          243.32,
          312.46
        ],
        [
          274.19,
          311.55
        ],
        [
          290.54,
          308.82
        ],
        [
          301.43,
          307.92
        ],
        [
          310.51,
          310.64
        ],
        [
          318.68,
          313.36
        ],
        [
          328.67,
          324.26
        ],
        [
          337.75,
          328.8
        ],
        [
          351.37,
          338.78
        ],
        [
          342.29,
          342.42
        ],
        [
          324.13,
          339.69
        ],
        [
          316.87,
          338.78
        ],
        [
          314.14,
          350.59
        ],
        [
          323.22,
          356.94
        ],
        [
          341.38,
          350.59
        ],
        [
          349.55,
          348.77
        ],
        [
          352.27,
          347.86
        ],
        [
          354.09,
          356.04
        ],
        [
          350.46,
          369.65
        ],
        [
          348.64,
          375.1
        ],
        [
          351.37,
          377.83
        ],
        [
          356.81,
          379.64
        ],
        [
          366.8,
          367.84
        ],
        [
          367.71,
          364.21
        ],
        [
          371.34,
          356.04
        ],
        [
          374.06,
          338.78
        ],
        [
          372.25,
          335.15
        ],
        [
          374.97,
          322.44
        ],
        [
          364.99,
          307.92
        ],
        [
          364.08,
          297.93
        ],
        [
          363.17,
          269.78
        ],
        [
          361.35,
          256.16
        ],
        [
          361.35,
          250.72
        ],
        [
          364.08,
          232.56
        ],
        [
          367.71,
          216.22
        ],
        [
          371.34,
          208.04
        ],
        [
          377.7,
          203.5
        ],
        [
          387.68,
          209.86
        ],
        [
          392.22,
          211.68
        ],
        [
          400.39,
          218.94
        ],
        [
          407.66,
          214.4
        ],
        [
          411.29,
          208.04
        ],
        [
          411.29,
          198.96
        ],
        [
          408.57,
          185.35
        ],
        [
          405.84,
          178.08
        ],
        [
          399.49,
          159.02
        ],
        [
          395.85,
          155.38
        ],
        [
          386.78,
          145.4
        ],
        [
          379.51,
          140.86
        ],
        [
          369.52,
          130.87
        ],
        [
          356.81,
          128.15
        ],
        [
          350.46,
          133.59
        ],
        [
          348.64,
          151.75
        ],
        [
          337.75,
          162.65
        ],
        [
          321.4,
          179.9
        ],
        [
          317.77,
          186.25
        ],
        [
          312.33,
          195.33
        ],
        [
          305.97,
          198.96
        ],
        [
          287.81,
          207.14
        ],
        [
          273.28,
          210.77
        ],
        [
          266.02,
          211.68
        ]
      ],
      "shape_type": "polygon"
    }
  ],
  "imagePath": "199236.jpg",
  "imageHeight": 424,
  "imageWidth": 640
}