{
  "shapes": [
    {
      "label": "horse",
      "points": [
        [
          308.2,
          217.93
        ],
        [
          268.99,
          248.02
        ],
        [
          258.96,
          277.2
        ],
        [
          224.31,
          280.84
        ],
        [
          204.25,
          271.72
        ],
        [
          196.95,
          230.69
        ],
        [
          223.4,
          184.19
        ],
        [
          230.69,
          168.69
        ],
        [
          231.6,
          142.25
        ],
        [
          250.75,
          102.12
        ],
        [
          237.99,
          72.03
        ],
        [
          256.22,
          75.68
        ],
        [
          272.64,
          86.62
        ],
        [
          268.08,
          47.42
        ],
        [
          272.64,
          35.56
        ],
        [
          309.11,
          68.39
        ],
        [
          353.79,
          115.8
        ],
        [
          386.62,
          177.81
        ],
        [
          397.56,
          197.87
        ],
        [
          409.41,
          228.87
        ],
        [
          412.15,
          289.96
        ],
        [
          396.65,
          312.76
        ],
        [
          374.76,
          357.44
        ],
        [
          367.47,
          381.14
        ],
        [
          352.88,
          389.35
        ],
        [
          347.41,
          371.11
        ],
        [
          350.14,
          354.7
        ],
        [
          362.91,
          330.99
        ],
        [
          366.55,
          299.99
        ],
        [
          349.23,
          312.76
        ],
        [
          341.02,
          365.64
        ],
        [
          342.85,
          393.0
        ],
        [
          342.85,
          409.41
        ],
        [
          326.43,
          410.32
        ],
        [
          320.96,
          396.65
        ],
        [
          331.91,
          374.76
        ],
        [
          331.91,
          351.05
        ],
        [
          324.61,
          310.02
        ],
        [
          317.32,
          295.43
        ],
        [
          323.7,
          312.76
        ],
        [
          314.58,
          309.11
        ],
        [
          313.67,
          275.37
        ],
        [
          311.85,
          261.69
        ],
        [
          309.11,
          226.13
        ]
      ],
      "shape_type": "polygon"
    }
  ],
  "imagePath": "263966.jpg",
  "imageHeight": 424,
  "imageWidth": 640
}