{
  "shapes": [
    {
      "label": "horse",
      "points": [
        [
          172.64,
          175.39
        ],
        [
          151.52,
          177.23
        ],
        [
          143.25,
          173.55
        ],
        [
          143.25,
          153.35
        ],
        [
          144.17,
          133.15
        ],
        [
          164.37,
          111.11
        ],
        [
          182.74,
          90.91
        ],
        [
          187.33,
          86.32
        ],
        [
          177.23,
          67.95
        ],
        [
          178.15,
          59.69
        ],
        [
          195.59,
          75.3
        ],
        [
          187.33,
          55.1
        ],
        [
          198.35,
          49.59
        ],
        [
          211.2,
          75.3
        ],
        [
          270.89,
          97.34
        ],
        [
          322.32,
          125.8
        ],
        [
          341.6,
          142.33
        ],
        [
          353.54,
          150.6
        ],
        [
          399.45,
          148.76
        ],
        [
          441.69,
          141.42
        ],
        [
          466.49,
          142.33
        ],
        [
          505.05,
          165.29
        ],
        [
          516.07,
          181.82
        ],
        [
          539.03,
          175.39
        ],
        [
          548.21,
          199.27
        ],
        [
          543.62,
          205.69
        ],
        [
          528.01,
          205.69
        ],
        [
          512.4,
          193.76
        ],
        [
          504.14,
          212.12
        ],
        [
          505.97,
          237.83
        ],
        [
          523.42,
          266.3
        ],
        [
          528.93,
          301.2
        ],
        [
          532.6,
          357.21
        ],
        [
          514.24,
          359.05
        ],
        [
          498.63,
          357.21
        ],
        [
          492.2,
          309.46
        ],
        [
          458.22,
          260.79
        ],
        [
          439.86,
          237.83
        ],
        [
          389.35,
          259.87
        ],
        [
          361.8,
          261.71
        ],
        [
          330.58,
          257.12
        ],
        [
          330.58,
          302.11
        ],
        [
          332.42,
          317.72
        ],
        [
          330.58,
          325.99
        ],
        [
          337.93,
          379.25
        ],
        [
          304.87,
          391.19
        ],
        [
          306.71,
          373.74
        ],
        [
          312.22,
          366.39
        ],
        [
          314.05,
          341.6
        ],
        [
          314.05,
          330.58
        ],
        [
          308.54,
          318.64
        ],
        [
          312.22,
          361.8
        ],
        [
          298.44,
          379.25
        ],
        [
          282.83,
          375.58
        ],
        [
          296.6,
          338.85
        ],
        [
          290.18,
          317.72
        ],
        [
          290.18,
          289.26
        ],
        [
          286.5,
          258.04
        ],
        [
          272.73,
          244.26
        ],
        [
          263.55,
          225.9
        ],
        [
          260.79,
          198.35
        ],
        [
          228.65,
          153.35
        ],
        [
          221.31,
          146.01
        ],
        [
          179.06,
          161.62
        ],
        [
          169.88,
          173.55
        ]
      ],
      "shape_type": "polygon"
    }
  ],
  "imagePath": "367818.jpg",
  "imageHeight": 427,
  "imageWidth": 640
}