{
  "shapes": [
    {
      "label": "horse",
      "points": [
        [
          166.9,
          629.9
        ],
        [
          168.78,
          609.86
        ],
        [
          165.02,
          574.18
        ],
        [
          170.66,
          549.77
        ],
        [
          177.54,
          530.99
        ],
        [
          180.05,
          515.34
        ],
        [
          180.67,
          499.69
        ],
        [
          185.05,
          478.4
        ],
        [
          191.31,
          463.38
        ],
        [
          203.21,
          457.74
        ],
        [
          230.13,
          448.91
        ],
        [
          254.54,
          457.68
        ],
        [
          268.94,
          488.29
        ],
        [
          292.1,
          487.03
        ],
        [
          296.48,
          507.07
        ],
        [
          298.36,
          519.59
        ],
        [
          291.48,
          561.47
        ],
        [
          289.6,
          580.25
        ],
        [
          277.7,
          604.03
        ],
        [
          272.07,
          621.56
        ],
        [
          266.44,
          636.52
        ],
        [
          240.77,
          637.15
        ],
        [
          206.34,
          638.4
        ],
        [
          163.77,
          637.15
        ]
      ],
      "shape_type": "polygon"
    }
  ],
  "imagePath": "213547.jpg",
  "imageHeight": 640,
  "imageWidth": 480
}