{
  "shapes": [
    {
      "label": "horse",
      "points": [
        [
          201.12,
          205.01
        ],
        [
          207.34,
          209.16
        ],
        [
          208.38,
          224.71
        ],
        [
          210.45,
          239.22
        ],
        [
          216.67,
          249.59
        ],
        [
          227.04,
          249.59
        ],
        [
          228.08,
          249.59
        ],
        [
          233.26,
          265.14
        ],
        [
          239.48,
          276.54
        ],
        [
          244.67,
          297.28
        ],
        [
          263.33,
          336.67
        ],
        [
          263.33,
          338.75
        ],
        [
          273.69,
          358.44
        ],
        [
          274.73,
          363.63
        ],
        [
          278.88,
          372.96
        ],
        [
          279.91,
          374.0
        ],
        [
          280.95,
          395.77
        ],
        [
          272.66,
          400.95
        ],
        [
          263.33,
          400.95
        ],
        [
          248.81,
          404.06
        ],
        [
          234.3,
          404.06
        ],
        [
          223.93,
          394.73
        ],
        [
          208.38,
          378.14
        ],
        [
          192.83,
          370.89
        ],
        [
          174.17,
          357.41
        ],
        [
          153.43,
          333.56
        ],
        [
          150.32,
          315.94
        ],
        [
          135.81,
          295.21
        ],
        [
          109.89,
          275.51
        ],
        [
          94.34,
          269.29
        ],
        [
          82.94,
          266.18
        ],
        [
          80.86,
          276.54
        ],
        [
          81.9,
          300.39
        ],
        [
          81.9,
          316.98
        ],
        [
          75.68,
          326.31
        ],
        [
          76.72,
          333.56
        ],
        [
          88.12,
          344.97
        ],
        [
          91.23,
          349.11
        ],
        [
          92.27,
          354.3
        ],
        [
          92.27,
          362.59
        ],
        [
          88.12,
          369.85
        ],
        [
          66.35,
          364.67
        ],
        [
          61.17,
          357.41
        ],
        [
          55.98,
          347.04
        ],
        [
          55.98,
          333.56
        ],
        [
          55.98,
          318.01
        ],
        [
          50.8,
          300.39
        ],
        [
          42.51,
          290.02
        ],
        [
          36.29,
          292.1
        ],
        [
          35.25,
          302.46
        ],
        [
          42.51,
          311.79
        ],
        [
          46.65,
          316.98
        ],
        [
          51.84,
          324.23
        ],
        [
          47.69,
          338.75
        ],
        [
          47.69,
          344.97
        ],
        [
          47.69,
          349.11
        ],
        [
          54.95,
          378.14
        ],
        [
          54.95,
          386.44
        ],
        [
          57.02,
          393.69
        ],
        [
          62.2,
          400.95
        ],
        [
          62.2,
          406.13
        ],
        [
          58.06,
          410.28
        ],
        [
          46.65,
          410.28
        ],
        [
          31.1,
          391.62
        ],
        [
          30.06,
          376.07
        ],
        [
          30.06,
          359.48
        ],
        [
          30.06,
          359.48
        ],
        [
          23.84,
          339.78
        ],
        [
          15.55,
          319.05
        ],
        [
          1.04,
          295.21
        ],
        [
          1.04,
          291.06
        ],
        [
          3.11,
          84.75
        ],
        [
          77.75,
          131.4
        ],
        [
          190.76,
          228.86
        ],
        [
          189.72,
          217.45
        ],
        [
          192.83,
          205.01
        ],
        [
          202.16,
          203.97
        ],
        [
          206.31,
          207.08
        ]
      ],
      "shape_type": "polygon"
    }
  ],
  "imagePath": "061171.jpg",
  "imageHeight": 480,
  "imageWidth": 640
}