{
  "shapes": [
    {
      "label": "horse",
      "points": [
        [
          337.1,
          117.74
        ],
        [
          345.97,
          114.52
        ],
        [
          367.74,
          114.52
        ],
        [
          382.26,
          108.87
        ],
        [
          391.94,
          109.68
        ],
        [
          419.35,
          109.68
        ],
        [
          408.06,
          102.42
        ],
        [
          406.45,
          91.13
        ],
        [
          420.16,
          101.61
        ],
        [
          424.19,
          109.68
        ],
        [
          431.45,
          100.81
        ],
        [
          439.52,
          110.48
        ],
        [
          454.03,
          132.26
        ],
        [
          466.13,
          158.06
        ],
        [
          472.58,
          181.45
        ],
        [
          479.03,
          197.58
        ],
        [
          476.61,
          203.23
        ],
        [
          473.39,
          208.87
        ],
        [
          470.97,
          212.9
        ],
        [
          465.32,
          212.9
        ],
        [
          459.68,
          216.13
        ],
        [
          439.52,
          197.58
        ],
        [
          411.29,
          171.77
        ],
        [
          390.32,
          169.35
        ],
        [
          365.32,
          184.68
        ],
        [
          350.81,
          191.94
        ],
        [
          346.77,
          204.03
        ],
        [
          339.52,
          210.48
        ],
        [
          327.42,
          219.35
        ],
        [
          307.26,
          249.19
        ],
        [
          302.42,
          258.06
        ],
        [
          302.42,
          266.94
        ],
        [
          285.48,
          294.35
        ],
        [
          288.71,
          308.06
        ],
        [
          297.58,
          320.97
        ],
        [
          295.16,
          324.19
        ],
        [
          284.68,
          324.19
        ],
        [
          270.16,
          308.87
        ],
        [
          271.77,
          303.23
        ],
        [
          268.55,
          296.77
        ],
        [
          266.94,
          283.87
        ],
        [
          271.77,
          270.97
        ],
        [
          281.45,
          239.52
        ],
        [
          281.45,
          234.68
        ],
        [
          267.74,
          222.58
        ],
        [
          229.84,
          225.81
        ],
        [
          195.16,
          220.97
        ],
        [
          183.87,
          225.0
        ],
        [
          179.03,
          235.48
        ],
        [
          176.61,
          247.58
        ],
        [
          172.58,
          258.87
        ],
        [
          179.03,
          284.68
        ],
        [
          182.26,
          287.1
        ],
        [
          196.77,
          305.65
        ],
        [
          186.29,
          309.68
        ],
        [
          175.0,
          304.03
        ],
        [
          166.94,
          292.74
        ],
        [
          159.68,
          262.9
        ],
        [
          150.81,
          270.97
        ],
        [
          151.61,
          290.32
        ],
        [
          157.26,
          311.29
        ],
        [
          165.32,
          326.61
        ],
        [
          149.19,
          329.03
        ],
        [
          143.55,
          325.0
        ],
        [
          142.74,
          308.87
        ],
        [
          136.29,
          268.55
        ],
        [
          137.1,
          254.03
        ],
        [
          148.39,
          233.87
        ],
        [
          140.32,
          184.68
        ],
        [
          135.48,
          196.77
        ],
        [
          135.48,
          229.03
        ],
        [
          141.13,
          245.97
        ],
        [
          130.65,
          245.16
        ],
        [
          129.03,
          212.1
        ],
        [
          128.23,
          178.23
        ],
        [
          131.45,
          154.84
        ],
        [
          145.16,
          137.1
        ],
        [
          154.84,
          133.06
        ],
        [
          157.26,
          150.0
        ],
        [
          152.42,
          168.55
        ],
        [
          150.0,
          192.74
        ],
        [
          163.71,
          220.97
        ],
        [
          174.19,
          220.97
        ],
        [
          183.06,
          216.94
        ],
        [
          195.97,
          218.55
        ],
        [
          208.87,
          220.16
        ],
        [
          228.23,
          225.0
        ],
        [
          241.94,
          222.58
        ],
        [
          264.52,
          222.58
        ],
        [
          307.26,
          210.48
        ],
        [
          310.48,
          191.94
        ],
        [
          324.19,
          163.71
        ],
        [
          326.61,
          156.45
        ],
        [
          334.68,
          117.74
        ]
      ],
      "shape_type": "polygon"
    }
  ],
  "imagePath": "047819.jpg",
  "imageHeight": 375,
  "imageWidth": 500
}