{
  "shapes": [
    {
      "label": "horse",
      "points": [
        [
          312.88,
          447.71
        ],
        [
          315.97,
          411.69
        ],
        [
          299.5,
          354.05
        ],
        [
          301.56,
          337.58
        ],
        [
          291.27,
          302.59
        ],
        [
          276.86,
          248.04
        ],
        [
          285.09,
          188.35
        ],
        [
          304.65,
          157.47
        ],
        [
          357.14,
          144.09
        ],
        [
          391.1,
          148.21
        ],
        [
          404.48,
          148.21
        ],
        [
          416.83,
          138.94
        ],
        [
          423.01,
          118.36
        ],
        [
          435.36,
          102.92
        ],
        [
          442.56,
          93.66
        ],
        [
          448.74,
          85.42
        ],
        [
          462.12,
          80.28
        ],
        [
          458.0,
          61.75
        ],
        [
          476.53,
          41.17
        ],
        [
          483.73,
          67.93
        ],
        [
          502.26,
          67.93
        ],
        [
          512.55,
          48.37
        ],
        [
          517.69,
          36.02
        ],
        [
          530.04,
          65.87
        ],
        [
          520.78,
          89.54
        ],
        [
          531.07,
          112.18
        ],
        [
          535.19,
          125.56
        ],
        [
          530.04,
          142.03
        ],
        [
          533.13,
          163.64
        ],
        [
          526.96,
          178.05
        ],
        [
          530.04,
          197.61
        ],
        [
          533.13,
          223.34
        ],
        [
          525.93,
          232.6
        ],
        [
          516.67,
          236.72
        ],
        [
          508.43,
          239.81
        ],
        [
          507.4,
          267.6
        ],
        [
          502.26,
          283.03
        ],
        [
          501.23,
          284.06
        ],
        [
          488.88,
          277.89
        ],
        [
          477.56,
          278.92
        ],
        [
          463.15,
          285.09
        ],
        [
          454.91,
          289.21
        ],
        [
          451.82,
          301.56
        ],
        [
          450.8,
          305.68
        ],
        [
          450.8,
          315.97
        ],
        [
          449.77,
          319.06
        ],
        [
          448.74,
          327.29
        ],
        [
          451.82,
          336.55
        ],
        [
          455.94,
          342.73
        ],
        [
          452.85,
          348.9
        ],
        [
          462.12,
          361.25
        ],
        [
          463.15,
          368.46
        ],
        [
          447.71,
          385.96
        ],
        [
          447.71,
          395.22
        ],
        [
          436.39,
          392.13
        ],
        [
          451.82,
          348.9
        ],
        [
          437.42,
          337.58
        ],
        [
          431.24,
          336.55
        ],
        [
          413.74,
          341.7
        ],
        [
          408.6,
          343.76
        ],
        [
          407.57,
          407.57
        ],
        [
          403.45,
          402.42
        ],
        [
          394.19,
          391.1
        ],
        [
          380.81,
          394.19
        ],
        [
          381.84,
          392.13
        ],
        [
          364.34,
          394.19
        ],
        [
          365.37,
          378.75
        ],
        [
          358.17,
          356.11
        ],
        [
          363.31,
          343.76
        ],
        [
          354.05,
          329.35
        ],
        [
          346.84,
          324.2
        ],
        [
          351.99,
          360.22
        ],
        [
          346.84,
          374.63
        ],
        [
          335.52,
          397.28
        ],
        [
          340.67,
          424.04
        ],
        [
          338.61,
          436.39
        ],
        [
          332.44,
          437.42
        ]
      ],
      "shape_type": "polygon"
    }
  ],
  "imagePath": "252216.jpg",
  "imageHeight": 458,
  "imageWidth": 640
}