{
  "shapes": [
    {
      "label": "horse",
      "points": [
        [
          98.79,
          608.64
        ],
        [
          101.66,
          605.78
        ],
        [
          107.38,
          592.89
        ],
        [
          104.52,
          577.14
        ],
        [
          104.52,
          562.82
        ],
        [
          107.38,
          532.76
        ],
        [
          115.97,
          486.94
        ],
        [
          121.7,
          449.71
        ],
        [
          140.31,
          435.4
        ],
        [
          146.04,
          433.96
        ],
        [
          157.49,
          446.85
        ],
        [
          163.22,
          472.62
        ],
        [
          156.06,
          494.1
        ],
        [
          158.93,
          519.87
        ],
        [
          157.49,
          545.64
        ],
        [
          151.77,
          567.12
        ],
        [
          143.18,
          590.03
        ],
        [
          144.61,
          601.48
        ],
        [
          146.04,
          600.05
        ],
        [
          168.95,
          605.78
        ],
        [
          180.4,
          590.03
        ],
        [
          181.83,
          549.94
        ],
        [
          193.29,
          549.94
        ],
        [
          194.72,
          539.91
        ],
        [
          194.72,
          514.14
        ],
        [
          196.15,
          448.28
        ],
        [
          193.29,
          421.08
        ],
        [
          230.51,
          398.17
        ],
        [
          224.79,
          429.67
        ],
        [
          226.22,
          462.6
        ],
        [
          227.65,
          482.64
        ],
        [
          226.22,
          505.55
        ],
        [
          229.08,
          531.32
        ],
        [
          221.92,
          542.78
        ],
        [
          223.36,
          557.1
        ],
        [
          249.13,
          552.8
        ],
        [
          249.13,
          537.05
        ],
        [
          243.4,
          517.01
        ],
        [
          243.4,
          505.55
        ],
        [
          239.11,
          499.83
        ],
        [
          246.26,
          451.15
        ],
        [
          247.7,
          433.96
        ],
        [
          259.15,
          405.33
        ],
        [
          259.15,
          380.99
        ],
        [
          262.01,
          350.92
        ],
        [
          263.45,
          302.24
        ],
        [
          257.72,
          266.45
        ],
        [
          233.38,
          252.13
        ],
        [
          211.9,
          236.38
        ],
        [
          191.86,
          244.97
        ],
        [
          180.4,
          254.99
        ],
        [
          166.09,
          257.86
        ],
        [
          147.47,
          256.42
        ],
        [
          137.45,
          247.83
        ],
        [
          138.88,
          237.81
        ],
        [
          136.02,
          230.65
        ],
        [
          121.7,
          236.38
        ],
        [
          103.09,
          237.81
        ],
        [
          75.88,
          243.54
        ],
        [
          64.43,
          239.24
        ],
        [
          51.54,
          233.52
        ],
        [
          60.13,
          253.56
        ],
        [
          64.43,
          266.45
        ],
        [
          63.0,
          309.4
        ],
        [
          63.0,
          328.01
        ],
        [
          65.86,
          346.63
        ],
        [
          63.0,
          369.53
        ],
        [
          64.43,
          398.17
        ],
        [
          77.32,
          409.62
        ],
        [
          90.2,
          419.65
        ],
        [
          88.77,
          445.42
        ],
        [
          94.5,
          479.78
        ],
        [
          91.63,
          514.14
        ],
        [
          91.63,
          522.73
        ],
        [
          88.77,
          542.78
        ],
        [
          80.18,
          558.53
        ],
        [
          84.47,
          591.46
        ],
        [
          84.47,
          605.78
        ]
      ],
      "shape_type": "polygon"
    }
  ],
  "imagePath": "427655.jpg",
  "imageHeight": 640,
  "imageWidth": 427
}