{
  "shapes": [
    {
      "label": "horse",
      "points": [
        [
          144.93,
          299.25
        ],
        [
          152.12,
          279.72
        ],
        [
          156.23,
          270.47
        ],
        [
          157.26,
          258.13
        ],
        [
          162.4,
          245.8
        ],
        [
          177.82,
          226.27
        ],
        [
          201.46,
          218.05
        ],
        [
          228.18,
          207.77
        ],
        [
          246.68,
          204.69
        ],
        [
          278.54,
          191.32
        ],
        [
          293.96,
          185.16
        ],
        [
          342.27,
          195.44
        ],
        [
          360.77,
          192.35
        ],
        [
          394.69,
          189.27
        ],
        [
          424.5,
          188.24
        ],
        [
          446.08,
          206.74
        ],
        [
          461.5,
          221.13
        ],
        [
          461.5,
          239.63
        ],
        [
          456.36,
          241.69
        ],
        [
          448.14,
          274.58
        ],
        [
          448.14,
          292.05
        ],
        [
          459.44,
          309.53
        ],
        [
          460.47,
          330.08
        ],
        [
          465.61,
          373.25
        ],
        [
          458.42,
          373.25
        ],
        [
          458.42,
          380.45
        ],
        [
          439.91,
          382.5
        ],
        [
          432.72,
          381.47
        ],
        [
          445.05,
          365.03
        ],
        [
          445.05,
          336.25
        ],
        [
          438.89,
          320.83
        ],
        [
          432.72,
          311.58
        ],
        [
          415.25,
          343.44
        ],
        [
          416.27,
          360.92
        ],
        [
          409.08,
          367.08
        ],
        [
          392.63,
          371.2
        ],
        [
          383.38,
          370.17
        ],
        [
          400.86,
          348.58
        ],
        [
          412.16,
          320.83
        ],
        [
          404.97,
          309.53
        ],
        [
          400.86,
          287.94
        ],
        [
          394.69,
          282.8
        ],
        [
          382.36,
          296.16
        ],
        [
          356.66,
          298.22
        ],
        [
          333.02,
          298.22
        ],
        [
          313.49,
          292.05
        ],
        [
          310.41,
          291.02
        ],
        [
          314.52,
          321.86
        ],
        [
          313.49,
          328.03
        ],
        [
          314.52,
          345.5
        ],
        [
          319.66,
          355.78
        ],
        [
          312.46,
          366.06
        ],
        [
          308.35,
          375.31
        ],
        [
          298.07,
          373.25
        ],
        [
          291.91,
          381.47
        ],
        [
          278.54,
          387.64
        ],
        [
          265.18,
          385.59
        ],
        [
          275.46,
          369.14
        ],
        [
          277.52,
          354.75
        ],
        [
          279.57,
          331.11
        ],
        [
          278.54,
          304.39
        ],
        [
          276.49,
          287.94
        ],
        [
          267.24,
          286.91
        ],
        [
          259.01,
          270.47
        ],
        [
          216.87,
          267.38
        ],
        [
          192.21,
          291.02
        ],
        [
          173.7,
          302.33
        ],
        [
          172.68,
          312.61
        ],
        [
          158.29,
          312.61
        ],
        [
          148.01,
          305.41
        ]
      ],
      "shape_type": "polygon"
    }
  ],
  "imagePath": "462904.jpg",
  "imageHeight": 480,
  "imageWidth": 640
}