{
  "shapes": [
    {
      "label": "horse",
      "points": [
        [
          303.79,
          252.87
        ],
        [
          302.13,
          239.55
        ],
        [
          298.24,
          226.23
        ],
        [
          294.91,
          221.79
        ],
        [
          291.58,
          212.9
        ],
        [
          292.14,
          192.37
        ],
        [
          289.92,
          176.82
        ],
        [
          277.15,
          166.83
        ],
        [
          272.15,
          157.95
        ],
        [
          276.59,
          156.28
        ],
        [
          285.48,
          164.06
        ],
        [
          295.47,
          169.61
        ],
        [
          299.35,
          170.16
        ],
        [
          303.24,
          159.06
        ],
        [
          307.68,
          147.96
        ],
        [
          323.78,
          126.86
        ],
        [
          331.55,
          106.33
        ],
        [
          335.43,
          101.88
        ],
        [
          354.31,
          101.88
        ],
        [
          375.4,
          101.33
        ],
        [
          400.38,
          123.53
        ],
        [
          409.82,
          133.53
        ],
        [
          415.37,
          160.17
        ],
        [
          418.7,
          179.04
        ],
        [
          418.7,
          187.37
        ],
        [
          410.37,
          221.79
        ],
        [
          410.93,
          224.56
        ],
        [
          414.26,
          229.56
        ],
        [
          407.04,
          253.98
        ],
        [
          404.82,
          270.63
        ],
        [
          404.82,
          288.4
        ],
        [
          403.16,
          298.39
        ],
        [
          400.94,
          314.49
        ],
        [
          404.27,
          325.59
        ],
        [
          402.6,
          335.03
        ],
        [
          404.82,
          341.69
        ],
        [
          395.94,
          353.9
        ],
        [
          385.95,
          352.23
        ],
        [
          387.61,
          332.25
        ],
        [
          386.5,
          322.81
        ],
        [
          393.72,
          303.94
        ],
        [
          395.94,
          291.73
        ],
        [
          395.38,
          278.96
        ],
        [
          393.16,
          265.08
        ],
        [
          392.61,
          253.43
        ],
        [
          392.05,
          237.33
        ],
        [
          390.39,
          229.56
        ],
        [
          385.39,
          224.01
        ],
        [
          375.96,
          226.23
        ],
        [
          372.07,
          230.11
        ],
        [
          365.96,
          241.21
        ],
        [
          363.74,
          251.21
        ],
        [
          363.19,
          271.19
        ],
        [
          363.74,
          287.29
        ],
        [
          364.3,
          302.83
        ],
        [
          365.41,
          309.49
        ],
        [
          367.07,
          338.36
        ],
        [
          364.3,
          348.9
        ],
        [
          361.52,
          356.12
        ],
        [
          359.3,
          370.0
        ],
        [
          351.53,
          374.44
        ],
        [
          345.98,
          375.55
        ],
        [
          337.65,
          367.22
        ],
        [
          342.65,
          356.12
        ],
        [
          345.98,
          347.79
        ],
        [
          346.54,
          333.36
        ],
        [
          344.87,
          318.37
        ],
        [
          341.54,
          298.94
        ],
        [
          343.76,
          285.62
        ],
        [
          344.87,
          261.2
        ],
        [
          340.99,
          256.2
        ],
        [
          337.1,
          245.65
        ],
        [
          332.1,
          262.31
        ],
        [
          330.99,
          277.85
        ],
        [
          332.66,
          290.62
        ],
        [
          335.43,
          300.61
        ],
        [
          338.76,
          312.82
        ],
        [
          341.54,
          320.59
        ],
        [
          343.76,
          323.92
        ],
        [
          343.76,
          344.46
        ],
        [
          339.88,
          348.9
        ],
        [
          333.21,
          343.91
        ],
        [
          328.22,
          330.58
        ],
        [
          321.56,
          301.72
        ],
        [
          318.78,
          290.06
        ],
        [
          318.78,
          287.29
        ],
        [
          309.34,
          281.18
        ],
        [
          299.35,
          265.64
        ],
        [
          299.91,
          260.09
        ],
        [
          303.24,
          252.32
        ]
      ],
      "shape_type": "polygon"
    }
  ],
  "imagePath": "304291.jpg",
  "imageHeight": 427,
  "imageWidth": 640
}