{
  "shapes": [
    {
      "label": "horse",
      "points": [
        [
          333.66,
          356.67
        ],
        [
          333.66,
          330.79
        ],
        [
          325.03,
          294.83
        ],
        [
          343.73,
          273.26
        ],
        [
          337.98,
          257.44
        ],
        [
          336.54,
          234.43
        ],
        [
          335.1,
          214.29
        ],
        [
          329.35,
          218.61
        ],
        [
          330.79,
          251.69
        ],
        [
          323.6,
          279.01
        ],
        [
          320.72,
          302.02
        ],
        [
          303.46,
          322.16
        ],
        [
          309.21,
          302.02
        ],
        [
          304.9,
          263.19
        ],
        [
          309.21,
          231.55
        ],
        [
          326.47,
          207.1
        ],
        [
          346.61,
          202.79
        ],
        [
          376.81,
          199.91
        ],
        [
          412.76,
          205.66
        ],
        [
          445.84,
          209.98
        ],
        [
          477.48,
          194.16
        ],
        [
          506.25,
          174.02
        ],
        [
          536.45,
          163.96
        ],
        [
          563.78,
          163.96
        ],
        [
          578.16,
          175.46
        ],
        [
          576.72,
          214.29
        ],
        [
          570.97,
          238.74
        ],
        [
          563.78,
          250.25
        ],
        [
          552.27,
          245.93
        ],
        [
          550.83,
          228.67
        ],
        [
          539.33,
          209.98
        ],
        [
          527.82,
          228.67
        ],
        [
          523.51,
          243.06
        ],
        [
          506.25,
          274.7
        ],
        [
          524.94,
          299.15
        ],
        [
          522.07,
          320.72
        ],
        [
          512.0,
          336.54
        ],
        [
          481.8,
          349.48
        ],
        [
          483.24,
          339.42
        ],
        [
          500.49,
          326.47
        ],
        [
          513.44,
          306.34
        ],
        [
          488.99,
          289.08
        ],
        [
          483.24,
          289.08
        ],
        [
          477.48,
          309.21
        ],
        [
          477.48,
          332.22
        ],
        [
          471.73,
          349.48
        ],
        [
          484.67,
          356.67
        ],
        [
          468.85,
          358.11
        ],
        [
          470.29,
          323.6
        ],
        [
          468.85,
          294.83
        ],
        [
          458.79,
          284.76
        ],
        [
          425.71,
          281.89
        ],
        [
          408.45,
          280.45
        ],
        [
          401.26,
          276.13
        ],
        [
          385.44,
          268.94
        ],
        [
          366.74,
          290.52
        ],
        [
          348.04,
          297.71
        ],
        [
          352.36,
          327.91
        ],
        [
          352.36,
          342.29
        ],
        [
          340.85,
          350.92
        ]
      ],
      "shape_type": "polygon"
    }
  ],
  "imagePath": "047571.jpg",
  "imageHeight": 640,
  "imageWidth": 639
}