{
  "shapes": [
    {
      "label": "horse",
      "points": [
        [
          205.52,
          218.62
        ],
        [
          212.41,
          221.38
        ],
        [
          233.1,
          229.66
        ],
        [
          248.28,
          242.07
        ],
        [
          252.41,
          264.14
        ],
        [
          267.59,
          287.59
        ],
        [
          263.45,
          306.9
        ],
        [
          245.52,
          331.72
        ],
        [
          240.0,
          333.1
        ],
        [
          240.0,
          342.76
        ],
        [
          230.34,
          375.86
        ],
        [
          230.34,
          400.69
        ],
        [
          222.07,
          417.24
        ],
        [
          222.07,
          457.24
        ],
        [
          222.07,
          457.24
        ],
        [
          224.83,
          488.97
        ],
        [
          201.38,
          488.97
        ],
        [
          206.9,
          476.55
        ],
        [
          206.9,
          455.86
        ],
        [
          209.66,
          424.14
        ],
        [
          211.03,
          407.59
        ],
        [
          197.24,
          404.83
        ],
        [
          197.24,
          404.83
        ],
        [
          193.1,
          424.14
        ],
        [
          193.1,
          424.14
        ],
        [
          195.86,
          461.38
        ],
        [
          177.93,
          461.38
        ],
        [
          177.93,
          451.72
        ],
        [
          182.07,
          446.21
        ],
        [
          184.83,
          437.93
        ],
        [
          184.83,
          410.34
        ],
        [
          184.83,
          410.34
        ],
        [
          177.93,
          392.41
        ],
        [
          180.69,
          377.24
        ],
        [
          173.79,
          364.83
        ],
        [
          168.28,
          335.86
        ],
        [
          157.24,
          313.79
        ],
        [
          154.48,
          287.59
        ],
        [
          158.62,
          272.41
        ],
        [
          158.62,
          244.83
        ],
        [
          171.03,
          231.03
        ],
        [
          197.24,
          222.76
        ],
        [
          206.9,
          220.0
        ]
      ],
      "shape_type": "polygon"
    }
  ],
  "imagePath": "368335.jpg",
  "imageHeight": 640,
  "imageWidth": 411
}