{
  "shapes": [
    {
      "label": "horse",
      "points": [
        [
          368.1,
          237.89
        ],
        [
          366.26,
          190.95
        ],
        [
          382.83,
          163.35
        ],
        [
          385.59,
          129.3
        ],
        [
          381.91,
          103.53
        ],
        [
          397.55,
          64.88
        ],
        [
          396.63,
          54.76
        ],
        [
          372.7,
          75.0
        ],
        [
          334.05,
          69.48
        ],
        [
          330.37,
          71.32
        ],
        [
          326.69,
          74.08
        ],
        [
          296.32,
          47.39
        ],
        [
          296.32,
          47.39
        ],
        [
          308.29,
          76.84
        ],
        [
          311.05,
          94.33
        ],
        [
          301.84,
          123.77
        ],
        [
          275.16,
          157.82
        ],
        [
          267.8,
          151.38
        ],
        [
          215.34,
          170.71
        ],
        [
          211.66,
          175.31
        ],
        [
          197.86,
          293.1
        ],
        [
          205.22,
          302.3
        ],
        [
          223.62,
          329.91
        ],
        [
          223.62,
          330.83
        ],
        [
          235.59,
          419.18
        ],
        [
          244.79,
          414.58
        ],
        [
          244.79,
          383.29
        ],
        [
          250.31,
          351.08
        ],
        [
          254.91,
          329.91
        ],
        [
          259.51,
          390.65
        ],
        [
          259.51,
          396.17
        ],
        [
          259.51,
          398.93
        ],
        [
          258.59,
          421.94
        ],
        [
          280.68,
          419.18
        ],
        [
          287.12,
          412.74
        ],
        [
          289.88,
          373.16
        ],
        [
          293.56,
          339.12
        ],
        [
          314.73,
          360.28
        ],
        [
          313.81,
          403.53
        ],
        [
          312.89,
          417.34
        ],
        [
          336.81,
          419.18
        ],
        [
          334.05,
          379.61
        ],
        [
          348.78,
          342.8
        ],
        [
          349.7,
          308.75
        ],
        [
          323.93,
          302.3
        ],
        [
          311.97,
          294.02
        ],
        [
          315.65,
          284.82
        ],
        [
          343.26,
          277.46
        ],
        [
          354.3,
          278.38
        ],
        [
          359.82,
          279.3
        ],
        [
          363.5,
          272.86
        ],
        [
          368.1,
          259.05
        ],
        [
          362.58,
          245.25
        ]
      ],
      "shape_type": "polygon"
    }
  ],
  "imagePath": "481582.jpg",
  "imageHeight": 427,
  "imageWidth": 640
}