{
  "shapes": [
    {
      "label": "horse",
      "points": [
        [
          387.24,
          261.25
        ],
        [
          380.64,
          278.21
        ],
        [
          372.16,
          292.35
        ],
        [
          381.58,
          312.13
        ],
        [
          390.06,
          327.21
        ],
        [
          395.72,
          342.28
        ],
        [
          376.87,
          340.4
        ],
        [
          372.16,
          330.98
        ],
        [
          362.74,
          333.8
        ],
        [
          358.03,
          325.32
        ],
        [
          356.15,
          316.84
        ],
        [
          357.09,
          301.77
        ],
        [
          358.97,
          288.58
        ],
        [
          356.15,
          280.1
        ],
        [
          359.91,
          262.2
        ],
        [
          355.2,
          253.72
        ],
        [
          348.61,
          240.53
        ],
        [
          343.9,
          231.1
        ],
        [
          340.13,
          221.68
        ],
        [
          344.84,
          211.32
        ],
        [
          354.26,
          200.95
        ],
        [
          373.1,
          185.88
        ],
        [
          421.16,
          193.42
        ],
        [
          442.83,
          185.88
        ],
        [
          463.55,
          172.69
        ],
        [
          486.17,
          167.04
        ],
        [
          497.47,
          164.21
        ],
        [
          495.59,
          156.67
        ],
        [
          498.42,
          152.9
        ],
        [
          508.78,
          163.27
        ],
        [
          510.66,
          157.61
        ],
        [
          514.43,
          159.5
        ],
        [
          518.2,
          170.8
        ],
        [
          528.57,
          183.05
        ],
        [
          534.22,
          201.9
        ],
        [
          537.99,
          225.45
        ],
        [
          532.33,
          234.87
        ],
        [
          517.26,
          233.93
        ],
        [
          513.49,
          222.62
        ],
        [
          507.84,
          216.97
        ],
        [
          497.47,
          212.26
        ],
        [
          490.88,
          227.34
        ],
        [
          488.05,
          232.99
        ],
        [
          483.34,
          247.12
        ],
        [
          479.57,
          266.91
        ],
        [
          472.98,
          290.46
        ],
        [
          473.92,
          313.07
        ],
        [
          475.8,
          328.15
        ],
        [
          483.34,
          339.46
        ],
        [
          487.11,
          350.76
        ],
        [
          486.17,
          352.65
        ],
        [
          463.55,
          350.76
        ],
        [
          460.73,
          340.4
        ],
        [
          460.73,
          323.44
        ],
        [
          458.84,
          293.29
        ],
        [
          459.79,
          277.27
        ],
        [
          456.02,
          275.39
        ],
        [
          447.54,
          273.5
        ],
        [
          437.17,
          281.04
        ],
        [
          432.46,
          306.48
        ],
        [
          419.27,
          331.92
        ],
        [
          411.73,
          342.28
        ],
        [
          408.91,
          343.22
        ],
        [
          399.49,
          335.69
        ],
        [
          410.79,
          322.5
        ],
        [
          422.1,
          301.77
        ],
        [
          422.1,
          281.04
        ],
        [
          420.21,
          269.73
        ]
      ],
      "shape_type": "polygon"
    }
  ],
  "imagePath": "016228.jpg",
  "imageHeight": 440,
  "imageWidth": 640
}