{
  "shapes": [
    {
      "label": "horse",
      "points": [
        [
          0.0,
          113.94
        ],
        [
          21.93,
          104.35
        ],
        [
          32.89,
          89.28
        ],
        [
          43.85,
          98.87
        ],
        [
          68.52,
          100.24
        ],
        [
          86.34,
          87.9
        ],
        [
          79.49,
          112.57
        ],
        [
          93.19,
          133.13
        ],
        [
          121.97,
          185.21
        ],
        [
          138.42,
          208.5
        ],
        [
          148.01,
          229.06
        ],
        [
          139.79,
          248.25
        ],
        [
          139.79,
          260.58
        ],
        [
          116.49,
          270.17
        ],
        [
          104.15,
          256.47
        ],
        [
          98.67,
          241.39
        ],
        [
          56.19,
          220.84
        ],
        [
          32.89,
          216.73
        ],
        [
          19.19,
          231.8
        ],
        [
          0.0,
          283.88
        ],
        [
          0.0,
          116.68
        ]
      ],
      "shape_type": "polygon"
    }
  ],
  "imagePath": "054931.jpg",
  "imageHeight": 640,
  "imageWidth": 427
}