{
  "shapes": [
    {
      "label": "horse",
      "points": [
        [
          364.88,
          216.28
        ],
        [
          393.16,
          135.09
        ],
        [
          452.45,
          48.44
        ],
        [
          507.19,
          7.39
        ],
        [
          529.08,
          17.42
        ],
        [
          584.72,
          10.12
        ],
        [
          639.46,
          32.93
        ],
        [
          640.0,
          136.01
        ],
        [
          615.74,
          193.48
        ],
        [
          581.07,
          296.55
        ],
        [
          550.06,
          319.36
        ],
        [
          544.59,
          319.36
        ],
        [
          547.32,
          283.78
        ],
        [
          519.04,
          191.65
        ],
        [
          490.77,
          193.48
        ],
        [
          489.85,
          260.98
        ],
        [
          488.94,
          315.71
        ],
        [
          498.98,
          327.57
        ],
        [
          447.89,
          358.58
        ],
        [
          466.14,
          321.18
        ],
        [
          446.07,
          203.51
        ],
        [
          431.47,
          232.7
        ],
        [
          446.98,
          269.19
        ],
        [
          422.35,
          305.68
        ],
        [
          424.18,
          356.76
        ],
        [
          376.74,
          362.23
        ],
        [
          367.62,
          288.35
        ],
        [
          351.2,
          262.8
        ],
        [
          359.41,
          231.79
        ],
        [
          327.48,
          196.21
        ]
      ],
      "shape_type": "polygon"
    }
  ],
  "imagePath": "353051.jpg",
  "imageHeight": 426,
  "imageWidth": 640
}