{
  "shapes": [
    {
      "label": "horse",
      "points": [
        [
          17.82,
          248.25
        ],
        [
          95.93,
          261.95
        ],
        [
          150.75,
          264.69
        ],
        [
          193.23,
          267.43
        ],
        [
          231.61,
          266.06
        ],
        [
          241.2,
          256.47
        ],
        [
          243.94,
          230.43
        ],
        [
          250.79,
          226.32
        ],
        [
          261.76,
          240.02
        ],
        [
          268.61,
          241.39
        ],
        [
          282.31,
          234.54
        ],
        [
          287.79,
          242.77
        ],
        [
          290.54,
          259.21
        ],
        [
          290.54,
          275.66
        ],
        [
          287.79,
          296.21
        ],
        [
          293.28,
          318.14
        ],
        [
          306.98,
          348.29
        ],
        [
          320.69,
          377.07
        ],
        [
          324.8,
          390.77
        ],
        [
          331.65,
          411.33
        ],
        [
          333.02,
          444.22
        ],
        [
          337.13,
          460.67
        ],
        [
          342.61,
          492.19
        ],
        [
          338.5,
          514.11
        ],
        [
          306.98,
          527.82
        ],
        [
          287.79,
          526.45
        ],
        [
          259.01,
          514.11
        ],
        [
          232.98,
          483.96
        ],
        [
          211.05,
          467.52
        ],
        [
          165.82,
          425.04
        ],
        [
          150.75,
          433.26
        ],
        [
          138.42,
          446.96
        ],
        [
          134.3,
          485.33
        ],
        [
          117.86,
          508.63
        ],
        [
          79.49,
          515.48
        ],
        [
          65.78,
          522.34
        ],
        [
          60.3,
          549.75
        ],
        [
          47.97,
          575.78
        ],
        [
          32.89,
          610.05
        ],
        [
          30.15,
          619.64
        ],
        [
          19.19,
          625.12
        ]
      ],
      "shape_type": "polygon"
    }
  ],
  "imagePath": "227686.jpg",
  "imageHeight": 640,
  "imageWidth": 427
}