{
  "shapes": [
    {
      "label": "sheep",
      "points": [
        [
          161.24,
          321.97
        ],
        [
          141.95,
          354.13
        ],
        [
          134.88,
          385.0
        ],
        [
          132.94,
          418.45
        ],
        [
          137.44,
          427.45
        ],
        [
          130.37,
          442.89
        ],
        [
          132.3,
          460.9
        ],
        [
          129.09,
          482.77
        ],
        [
          124.58,
          505.92
        ],
        [
          128.44,
          517.51
        ],
        [
          134.88,
          518.14
        ],
        [
          134.88,
          504.64
        ],
        [
          140.66,
          476.34
        ],
        [
          143.87,
          475.69
        ],
        [
          145.16,
          491.77
        ],
        [
          143.24,
          505.92
        ],
        [
          142.59,
          513.0
        ],
        [
          149.03,
          517.51
        ],
        [
          155.46,
          514.29
        ],
        [
          164.46,
          483.41
        ],
        [
          162.53,
          474.41
        ],
        [
          165.74,
          471.19
        ],
        [
          175.39,
          482.77
        ],
        [
          176.04,
          494.35
        ],
        [
          184.4,
          500.78
        ],
        [
          174.75,
          516.22
        ],
        [
          170.25,
          529.72
        ],
        [
          152.24,
          565.74
        ],
        [
          145.81,
          585.04
        ],
        [
          160.6,
          593.4
        ],
        [
          167.03,
          576.68
        ],
        [
          178.61,
          540.01
        ],
        [
          186.97,
          522.01
        ],
        [
          197.91,
          503.99
        ],
        [
          206.27,
          494.99
        ],
        [
          218.49,
          491.77
        ],
        [
          228.78,
          480.2
        ],
        [
          239.07,
          481.49
        ],
        [
          247.43,
          495.64
        ],
        [
          258.37,
          498.85
        ],
        [
          269.3,
          486.63
        ],
        [
          271.87,
          476.34
        ],
        [
          276.38,
          450.61
        ],
        [
          286.67,
          435.82
        ],
        [
          297.6,
          428.74
        ],
        [
          297.6,
          420.38
        ],
        [
          295.03,
          410.09
        ],
        [
          310.47,
          402.37
        ],
        [
          324.62,
          388.22
        ],
        [
          325.91,
          383.71
        ],
        [
          320.12,
          387.58
        ],
        [
          309.82,
          390.79
        ],
        [
          295.67,
          395.3
        ],
        [
          282.81,
          392.72
        ],
        [
          264.8,
          385.65
        ],
        [
          255.8,
          379.21
        ],
        [
          250.0,
          372.78
        ],
        [
          235.85,
          352.2
        ],
        [
          235.22,
          344.48
        ],
        [
          233.28,
          343.84
        ],
        [
          230.06,
          337.41
        ],
        [
          222.99,
          326.48
        ],
        [
          208.2,
          320.68
        ],
        [
          198.55,
          314.25
        ],
        [
          190.19,
          314.25
        ],
        [
          177.97,
          314.25
        ],
        [
          161.24,
          321.97
        ]
      ],
      "shape_type": "polygon"
    }
  ],
  "imagePath": "238039.jpg",
  "imageHeight": 640,
  "imageWidth": 480
}