{
  "shapes": [
    {
      "label": "zebra",
      "points": [
        [
          104.53,
          264.31
        ],
        [
          110.5,
          209.8
        ],
        [
          114.98,
          168.74
        ],
        [
          119.46,
          152.31
        ],
        [
          137.38,
          135.89
        ],
        [
          159.78,
          132.9
        ],
        [
          193.38,
          141.86
        ],
        [
          240.42,
          140.37
        ],
        [
          256.84,
          118.72
        ],
        [
          274.76,
          105.28
        ],
        [
          276.26,
          98.56
        ],
        [
          286.71,
          97.81
        ],
        [
          295.67,
          109.01
        ],
        [
          310.6,
          100.8
        ],
        [
          302.39,
          122.45
        ],
        [
          303.88,
          151.57
        ],
        [
          301.64,
          165.75
        ],
        [
          292.68,
          167.25
        ],
        [
          283.72,
          156.79
        ],
        [
          267.3,
          200.85
        ],
        [
          256.84,
          216.52
        ],
        [
          253.86,
          256.1
        ],
        [
          262.07,
          272.52
        ],
        [
          248.63,
          272.52
        ],
        [
          242.66,
          255.35
        ],
        [
          241.91,
          214.28
        ],
        [
          228.47,
          249.38
        ],
        [
          231.46,
          274.76
        ],
        [
          219.51,
          270.28
        ],
        [
          220.26,
          254.6
        ],
        [
          224.74,
          209.8
        ],
        [
          200.85,
          216.52
        ],
        [
          175.46,
          213.54
        ],
        [
          150.82,
          201.59
        ],
        [
          139.62,
          215.78
        ],
        [
          142.61,
          251.62
        ],
        [
          143.35,
          268.04
        ],
        [
          134.39,
          263.56
        ],
        [
          125.43,
          229.22
        ],
        [
          116.48,
          240.42
        ],
        [
          119.46,
          270.28
        ],
        [
          105.28,
          268.79
        ]
      ],
      "shape_type": "polygon"
    }
  ],
  "imagePath": "449406.jpg",
  "imageHeight": 333,
  "imageWidth": 500
}