{
  "shapes": [
    {
      "label": "zebra",
      "points": [
        [
          320.06,
          238.07
        ],
        [
          324.75,
          242.17
        ],
        [
          328.27,
          253.32
        ],
        [
          335.89,
          259.18
        ],
        [
          340.0,
          259.18
        ],
        [
          356.42,
          250.38
        ],
        [
          356.42,
          241.0
        ],
        [
          357.59,
          226.33
        ],
        [
          357.59,
          210.5
        ],
        [
          354.66,
          188.21
        ],
        [
          352.32,
          180.0
        ],
        [
          351.73,
          158.88
        ],
        [
          345.28,
          145.39
        ],
        [
          320.06,
          148.91
        ],
        [
          307.15,
          157.71
        ],
        [
          291.9,
          160.06
        ],
        [
          290.14,
          171.79
        ],
        [
          283.69,
          178.24
        ],
        [
          269.61,
          185.28
        ],
        [
          258.47,
          188.8
        ],
        [
          254.95,
          198.18
        ],
        [
          235.01,
          198.18
        ],
        [
          213.31,
          203.46
        ],
        [
          196.88,
          198.77
        ],
        [
          177.53,
          194.66
        ],
        [
          148.79,
          198.18
        ],
        [
          134.12,
          206.98
        ],
        [
          125.32,
          218.12
        ],
        [
          113.59,
          244.52
        ],
        [
          113.59,
          253.9
        ],
        [
          111.25,
          269.15
        ],
        [
          107.73,
          282.06
        ],
        [
          103.04,
          289.68
        ],
        [
          108.9,
          294.96
        ],
        [
          117.7,
          283.82
        ],
        [
          118.87,
          276.78
        ],
        [
          124.74,
          276.78
        ],
        [
          125.32,
          291.44
        ],
        [
          134.12,
          306.69
        ],
        [
          137.05,
          313.14
        ],
        [
          145.27,
          317.84
        ],
        [
          149.37,
          305.52
        ],
        [
          151.13,
          287.92
        ],
        [
          154.65,
          280.3
        ],
        [
          163.45,
          283.82
        ],
        [
          178.7,
          297.31
        ],
        [
          191.02,
          296.72
        ],
        [
          239.7,
          295.55
        ],
        [
          242.63,
          293.79
        ],
        [
          245.56,
          311.38
        ],
        [
          242.63,
          337.78
        ],
        [
          263.75,
          312.56
        ],
        [
          268.44,
          299.65
        ],
        [
          279.0,
          293.79
        ],
        [
          281.93,
          293.79
        ],
        [
          275.48,
          320.18
        ],
        [
          281.93,
          321.35
        ],
        [
          290.73,
          309.62
        ],
        [
          290.73,
          293.79
        ],
        [
          296.59,
          274.43
        ],
        [
          310.67,
          262.11
        ],
        [
          316.54,
          238.07
        ]
      ],
      "shape_type": "polygon"
    }
  ],
  "imagePath": "270244.jpg",
  "imageHeight": 428,
  "imageWidth": 640
}