{
  "shapes": [
    {
      "label": "zebra",
      "points": [
        [
          221.42,
          499.34
        ],
        [
          218.8,
          502.83
        ],
        [
          222.29,
          508.94
        ],
        [
          220.55,
          526.4
        ],
        [
          215.31,
          533.39
        ],
        [
          210.94,
          536.01
        ],
        [
          201.34,
          543.87
        ],
        [
          196.1,
          549.1
        ],
        [
          190.86,
          554.34
        ],
        [
          187.37,
          556.09
        ],
        [
          184.75,
          555.22
        ],
        [
          178.64,
          554.34
        ],
        [
          176.89,
          553.47
        ],
        [
          174.27,
          549.98
        ],
        [
          175.14,
          547.36
        ],
        [
          175.14,
          540.37
        ],
        [
          176.02,
          536.01
        ],
        [
          178.64,
          531.64
        ],
        [
          181.26,
          527.28
        ],
        [
          181.26,
          515.93
        ],
        [
          181.26,
          501.96
        ],
        [
          182.13,
          494.97
        ],
        [
          184.75,
          490.6
        ],
        [
          185.62,
          480.13
        ],
        [
          185.62,
          472.27
        ],
        [
          185.62,
          467.03
        ],
        [
          190.86,
          466.16
        ],
        [
          196.97,
          459.17
        ],
        [
          226.66,
          425.12
        ],
        [
          237.14,
          421.63
        ],
        [
          242.37,
          418.13
        ],
        [
          247.61,
          419.88
        ],
        [
          248.49,
          424.25
        ],
        [
          270.31,
          409.4
        ],
        [
          289.52,
          402.42
        ],
        [
          339.29,
          402.42
        ],
        [
          389.06,
          396.31
        ],
        [
          418.75,
          404.16
        ],
        [
          439.7,
          418.13
        ],
        [
          447.56,
          446.95
        ],
        [
          453.67,
          477.51
        ],
        [
          448.43,
          494.1
        ],
        [
          456.29,
          499.34
        ],
        [
          457.16,
          510.69
        ],
        [
          468.51,
          542.99
        ],
        [
          465.9,
          551.72
        ],
        [
          458.91,
          548.23
        ],
        [
          455.42,
          548.23
        ],
        [
          451.05,
          530.77
        ],
        [
          444.07,
          517.67
        ],
        [
          430.1,
          502.83
        ],
        [
          412.63,
          482.75
        ],
        [
          419.62,
          500.21
        ],
        [
          419.62,
          516.8
        ],
        [
          417.87,
          531.64
        ],
        [
          414.38,
          545.61
        ],
        [
          409.14,
          548.23
        ],
        [
          404.78,
          542.99
        ],
        [
          409.14,
          534.26
        ],
        [
          390.81,
          484.49
        ],
        [
          384.69,
          477.51
        ],
        [
          377.71,
          484.49
        ],
        [
          372.47,
          490.6
        ],
        [
          369.85,
          492.35
        ],
        [
          367.23,
          494.97
        ],
        [
          363.74,
          495.84
        ],
        [
          353.26,
          495.84
        ],
        [
          341.04,
          495.84
        ],
        [
          332.31,
          497.59
        ],
        [
          320.96,
          493.22
        ],
        [
          318.34,
          491.48
        ],
        [
          308.73,
          489.73
        ],
        [
          301.75,
          484.49
        ],
        [
          300.0,
          483.62
        ],
        [
          300.87,
          489.73
        ],
        [
          306.11,
          494.97
        ],
        [
          307.86,
          502.83
        ],
        [
          312.22,
          508.07
        ],
        [
          314.84,
          513.31
        ],
        [
          314.84,
          518.54
        ],
        [
          317.46,
          522.04
        ],
        [
          318.34,
          526.4
        ],
        [
          320.08,
          536.01
        ],
        [
          323.58,
          542.99
        ],
        [
          324.45,
          545.61
        ],
        [
          312.22,
          544.74
        ],
        [
          291.27,
          501.96
        ],
        [
          288.65,
          504.57
        ],
        [
          284.28,
          534.26
        ],
        [
          282.54,
          542.12
        ],
        [
          275.55,
          542.12
        ],
        [
          271.19,
          539.5
        ],
        [
          275.55,
          525.53
        ],
        [
          271.19,
          489.73
        ],
        [
          255.47,
          481.87
        ],
        [
          248.49,
          481.0
        ],
        [
          243.25,
          482.75
        ],
        [
          221.42,
          501.08
        ]
      ],
      "shape_type": "polygon"
    }
  ],
  "imagePath": "379533.jpg",
  "imageHeight": 640,
  "imageWidth": 476
}